Song Name,Movie Name,Release Year,Music Director,Poet,Singers,Actors
"1, 2, 3, 4, 5, 6, 7, Lay Lay Aya Zamana Neya, Ga Ga Ga Ray, Tarana Neya..",Aadmi,1958,Muslehuddin,Tanvir Naqvi,Batish & Co.,
"2 Chand Milay, Jheel Kinaray, Chhupay Chamak Chamak Taray..",Jheel Kinaray,1955,Nazir Jafri,Mushir Kazmi,Fazal Hussain,
"2 Rahi, Rasta Bhool Geye, Rang Badal Gya..",Patay Khan,1955,Akhtar Hussain Akhian,Hazin Qadri,Noorjahan,
"2 Rang Bharay Nain, Kahin Dil Mera Hay Bechain..",Aaghosh,1953,Master Inayat Hussain,Qateel Shafai,Salma Begum,
"A 2 Jahan Kay Malik, Meri Pukar Sun Lay..",Alam Ara,1959,Rehman Verma,Shabab Keranvi,Naheed Niazi,
"A Asman, Jaun Kahan, Meri Qismat Ki Tarah..",Kundan,1950,Lal Mohammad Sabri,Tanvir Naqvi,Munawar Sultana,
"A Bad-e-Saba, Ik Dard Ka Pegham Liye Ja..",Ishq-e-Laila,1957,Safdar Hussain,Qateel Shafai,Zubaida Khanum,
"A Chand Asman Kay, Meray Chand Say Kehna..",Mujrim,1954,Tufail Farooqi,Ahmad Rahi,Fazal Hussain,
"A Chand Un Say Kehna, Afsanay Ban Gaye Hayn..",Gumnam,1954,Master Inayat Hussain,Qateel Shafai,Kousar Parveen,
"A Chand, A Sitaro, Rahi Ko Rah Dikhao..",Mandi,1956,Rafiq Ghaznavi,Mushir Kazmi,Khursheed,
"A Chand, Un Say Ja Kar, Mera Salam Kehna..",Sarfarosh,1956,Rasheed Attray,Tufail Hoshiarpuri,Zubaida Khanum,
"A Chand, Un Say Kehna, Jis Dil Mein Ghar Kiya Tha..",Ghalt Fehmi,1950,Inayat Ali Nath,Tufail Hoshiarpuri,Iqbal Begum,
"A Dil Walo, Saajan Gaye, Ham Ujar Geye..",Teri Yaad,1948,Inayat Ali Nath,Tufail Hoshiarpuri,Munawar Sultana,
"A Dil, Gham Na Kar, Na Muskarana Ja Kay, Phir Na Aye Yeh Zamana..",Teray Baghair,1959,Master Inayat Hussain,Tanvir Naqvi,Naheed Niazi,
"A Dil, Main Kya Karun, Meray Armaan Lut Geye..",Hichkolay,1949,Master Inayat Hussain,Saifuddin Saif,Naseem Akhtar,
"A Dil, Teri Bahar Kay Saman Ujar Geye..",Nazrana,1955,Tufail Farooqi,Qateel Shafai,Inayat Hussain Bhatti,
"A Dil, Woh Zindagi Kay Saharay Kahan Geye, Ham Kho Geye..",BeGunah,1958,Mian Shehar Yaar,Ashur Kazmi,Munawar Sultana,
"A Dil, Yunhi Dharakna, Jab Tak Na Aye Koi..",Lalkar,1959,Akhtar Hussain Akhian,Hazin Qadri,Zubaida Khanum,
"A Dil, Zara Bata, Ashk Bahaun Keh Nahin..",Kunvari Beva,1956,Qadir Faridi,Tufail Hoshiarpuri,Zubaida Khanum,
"A Dil-e-Be-Qarar, Kya Ho Ga..",Anokhi Dastan,1950,G.A. Chishti,Tufail Hoshiarpuri,Munawar Sultana,
"A Khasa-e-Khasan-Russal, Waqt-e-Dua Hay Ummat Peh Teri..",Darbar-e-Habib,1956,Rehman Verma,?,Saleem Raza,
"A Khatm-e-Russal (Saw), Aap Say Faryad Hay Hamari..",Changez Khan,1958,Rasheed Attray,Behzad Lakhnavi,Munawar Sultana,
"A Khuda-e-Pak, A Parwardigar, Teri Rehmat Ka Nahin Koi Shumar..",Qismat,1956,Feroz Nizami,Tufail Hoshiarpuri,Munawar Sultana,
"A Khushi Kay Zamanay, Laye Sapnay Suhanay..",Akeli,1951,Master Ghulam Haider,Qateel Shafai,Munawar Sultana,
"A Mard-e-Mujahid, Jaag Zara, Abb Waqt-e-Shahadat Hay Aya..",Changez Khan,1958,Rasheed Attray,Tufail Hoshiarpuri,Inayat Hussain Bhatti & Co.,
"A Matwalay, Himmat Walay, Nagar Nagar Mein, Dagar Dagar Mein..",Shararay,1955,Feroz Nizami,Tanvir Naqvi,Pukhraj Pappu,
"A Nazneen, Tujh Sa Haseen, Ham Nay Kahin, Dekha Nahin..",Shama,1959,Hassan Latif,Tanvir Naqvi,Saleem Raza,
"A Qaid-e-Azam, Tera Ehsan Hay, Ehsan..",Bedari,1957,Fateh Ali Khan,Khawar Zaman,Munawar Sultana & Co.,
"A Raat Kay Musafir, Pall Bhar To Damm Lay Lay..",Jahad,1950,Karim Dad Anwar,Tanvir Naqvi,Zeenat Begum,
"A Raat Zara, Tham Tham Kay Guzar..",Gulnar,1953,Master Ghulam Haider,Qateel Shafai,Noorjahan,
"A Raat Zara, Tham Tham Kay Guzar..",Ilteja,1955,Gul Haidar,Qateel Shafai,Munawar Sultana,
"A Sab Kay Nigehban, Barbad Hay Kyun Teri Umeedon..",Shararay,1955,Feroz Nizami,Tanvir Naqvi,Munawar Sultana,
"A Shah-e-Din, Panah-e-Jiggar, Gosha Ali, A Bagh-e-Mustafa (saw)..",Darbar-e-Habib,1956,Hassan Latif,?,Inayat Hussain Bhatti,
"A Sitaro, Be-Basson Par Muskarana Chhor Do..",Nigar,1957,Tasadduq Hussain,Naeem Hashmi,Kousar Parveen,
"A Zamanay Kay Wali, Bata Day Mujhay..",Mazloom,1959,Tufail Farooqi,Arsh Lakhnavi,Zubaida Khanum,
"A Zindagi Say Pyaray, Aa Dil Ki Wadiyon Say..",Anokhi Dastan,1950,G.A. Chishti,?,Munawar Sultana,
"A Zindagi, Rulaye Ja, Qisa-e-Gham Sunaye Ja..",Raaz,1959,Feroz Nizami,Kaleem Usmani,Mubarak Begum,
"Aa Aa Loshay, Sher Kay Lala Weyi, Jan-e-Man, JanaaNan-e-Man..",Naghma-e-Dil,1959,G.A. Chishti,Tufail Hoshiarpuri,Noorjehan Begum,
"Aa Bhi Ja, Saaz Main, Tu Sada, Main Haseen, Tu Jawan..",Mazloom,1959,Tufail Farooqi,Mushir Kazmi,Zubaida Khanum,
"Aa Bhi Jao, Meray Balam, Is Jawani Ki Tum Ko Qasm..",Anjaam,1957,A. Hameed,Mushir Kazmi,Kousar Parveen,
"Aa Gaye, Balm Pardesi, Sajjan Pardesi..",Intezar,1956,Khawaja Khursheed Anwar,Qateel Shafai,Noorjahan & Cp.,
"Aa Geyi Raat, Na Aaye Sanwariya, Mera Dil Roye, Jag Soye..",Neend,1959,Rasheed Attray,Qateel Shafai,Noorjahan,
"Aa Haal Dekh Lay Mera, Keh Dil Mein Pyar Basa Kar Tera..",Lakht-e-Jiggar,1956,G.A. Chishti,Hazin Qadri,Noorjahan,
"Aa Ja Ho, Ayi Jawani Ayi, Ham Aaj Chalay Hayn Dil Ka Shikar Kar Kay..",Shikar,1956,Asghar Ali,Hafeez Jalandhri,Madhu Almas,
"Aa Ja Meray Raja, Naino Ki Pyas Bujha Ja..",Miss 56,1956,G.A. Chishti,?,Munawar Sultana,
"Aa Ja Pardesi, Yaad Mein Teri, Jiya Dhol Raha Hay..",Shola,1952,Fateh Ali Khan,Taj Chodhary,Zeenat Begum,
"Aa Ja Ray Jeenay Walay, Jeenay Kay Din Hayn Baray Kam..",Jallan,1955,Mohammad Ali Munnu,Mushir Kazmi,Zubaida Khanum,
"Aa Ja Ray Piya, Hamen Tujh Say Pyar Hay..",Tarrap,1953,Asghar Ali,Mushir Kazmi,?,
"Aa Ja Ray, Tu Bhanwara Ban Kay Aa Ja..",Neyi Larki,1958,Hassan Latif,Munir Niazi,Zubaida Khanum,
"Aa Ja Ri Nindiya, Naino Ki Nagri Mein..",Sabira,1956,Safdar Hussain,Tufail Hoshiarpuri,Kousar Parveen,
"Aa Ja, Aa Ja Ho Baalma, Hey Kabhi Dal Idhar Meray Dil Peh Nazar..",Ghulam,1953,Master Ghulam Haider,Saifuddin Saif,Pukhraj Pappu,
"Aa Ja, Aa Ja, Main Dharkano Ka Saaz Hun..",Shalimar,1956,G.A. Chishti,Sahil Farani,Kousar Parveen,
"Aa Ja, Loot Lay Jee Bhar Kay Jawani..",Ghairat,1951,Talib Hussain Jafri,Muzaffar Tahir,Salma Begum,
"Aa Jao, Aa Bhi Jao, Kaisi Suhani Sham Hay, Aa Bho Jao..",Nigar,1957,Tasadduq Hussain,Naeem Hashmi,Saleem Raza,
"Aa Jee Bhar Kay Kar Lay Pyar, Nahin Eitbar..",Ghairat,1951,Talib Hussain Jafri,Muzaffar Tahir,Zeenat Begum,
Aa Khushi Say Jhoom Utha Hay Meray Dil Ka Pyar..,Darbar,1958,Rehman Verma,Atish Ludhyanvi,Zubaida Khanum,
"Aa Lay Lay, Jeena Ka Maza, Ga Dumba Sajj Gajj Dumba..",Deevar,1954,?,?,Pukhraj Pappu,
"Aa Main Bhi Jawan Hun, Aur Tum Bhi Jawan Ho..",Lakhpati,1958,Masoom Rahim,Tajammal Sehrai,Depura Daniel,
"Aa Mera Dil Lay Lay, Ho, Inkar Na Kar Tu Albelay..",Sohni,1955,Feroz Nizami,Qateel Shafai,Kousar Parveen,
"Aa Phaili Hui Hay Chandni, Nach Rahi Hay Ragni..",Barkha,1953,Tufail Farooqi,Mushir Kazmi,Munawar Sultana & Co.,
Aag Aisi Dil Barbad Tak Aa Pohnchi Hay..,Rukhsana,1958,Rasheed Attray,Tufail Hoshiarpuri,Munir Hussain,
"Aag Laga Do, Aag Raag Say Aag Laga Do..",Shama,1959,Hassan Latif,Tanvir Naqvi,Saleem Raza,
"Aag Say Bulbulay Nahin Uthtay, Kyun Hawa Mein Diye Jalatay Ho..",Jahad,1950,Karim Dad Anwar,Tanvir Naqvi,Zeenat Begum,
"Aagay Moray Piya, Naach Raha Hay Jiya, Pyar Say Dil Lay Liya..",Naveli,1952,?,Saifuddin Saif,Munawar Sultana,
"Aah Jati Hay Falak Par Rehm Lanay Kay Liye, Hat Jao Badlo..",Hamari Zuban,1955,Ghulam Nabi,Agha Hashar Kashmiri,Khursheed Begum,
"Aaha Aaha, Qadam Qadam Chal, Deikh Nazaray Kah Husn..",Deevar,1954,?,Tanvir Naqvi,Pukhraj Pappu,
"Aaha, Dheeray Dheeray, Nayya Bahay Jaye, Ray..",Sathi,1959,Fateh Ali Khan,Parvez Chishti,Naheed Niazi,
"Aahen Tarrap Rahin Hayn, Aansoo Nikal Rahay Hayn..",Lakht-e-Jiggar,1956,G.A. Chishti,Saifuddin Saif,Noorjahan,
"Aaj Chali Taqdeer Ki Mari, AnDeikhay Veerano Mein..",Mumtaz,1958,Mian Shehar Yaar,Liaqat Sehbai,Abdur Shakoor,
"Aaj Hadood Say, Hosh Say Aagay Nikal Jaun To Kya Ho Ga..",Sathi,1959,Fateh Ali Khan,Tufail Hoshiarpuri,Munir Hussain,
Aaj Ham Be-Aasron Ka Aasra Koi Nahin..,Lakht-e-Jiggar,1956,G.A. Chishti,Tufail Hoshiarpuri,Noorjahan,
"Aaj Ham Ko Mila Dildar, Karen Dil Ki Umangen Singhar..",Baghi,1956,Rehman Verma,?,Zubaida Khanum,
"Aaj Hay Janam Din, Meray Pyaray Lal Ka, Khushiyan Manao..",Mumtaz,1958,Mian Shehar Yaar,Liaqat Sehbai,Irene Parveen & Co.,
"Aaj Hua Hay Pyar Saajan Say, Aaj Hua Hay Pyar..",Pinjra,1951,Talib Hussain Jafri,?,Iqbal Leylpuri,
"Aaj Hui Begani Dulhan Rani, Dorahay Par Bichhray Mil Kar..",Mehfil,1955,Hassan Latif,Tanvir Naqvi,Inayat Hussain Bhatti,
"Aaj Ki Raat Bari Suhani, Mousam Pyara Pyara Hay..",Hatim,1956,Safdar Hussain,Qateel Shafai,Zubaida Khanum & Co.,
"Aaj Ki Raat Matt Jao, Kahin Aaj Ki Raat..",Waada,1957,Rasheed Attray,Saifuddin Saif,Kousar Parveen,
"Aaj Ki Raat, Aye Nabiyon Kay Sardar, Wohi Hayn..",Darbar-e-Habib,1956,Rehman Verma,Saghar Siddiqi,Zamurrad Bano & Co.,
"Aaj Kisi Bairi Nay, Aaj Kisi Zulmi Nay, Kheinchay Meray..",Vah Ray Zamanay,1958,Ghulam Nabi,Fyaz Hashmi,Kousar Parveen,
"Aaj Koi Ghar Aye Ga, Ghar Aye Ga..",Mujrim,1954,Tufail Farooqi,Ahmad Rahi,Kousar Parveen,
"Aaj Meray Dil Mein, Kaisi Yeh Halchal Hay..",Himmat,1959,Saleem Iqbal,Rehman Pyami,?,
"Aaj Mila Ik Chhota Sa Jhoota, Pakka Fitna, Makkar..",Neya Zamana,1958,Tasadduq Hussain,Nusrat Mansoori,Zubaida Khanum,
"Aaj Yeh Kis Ko Nazar Kay, Samnay Pata Hun Main..",Toofan,1955,G.A. Chishti,Saifuddin Saif,Fazal Hussain,
"Aaj Zara Jhatpat, Achhi Nahin Khatpat..",Himmat,1959,Saleem Raza,Rehman Pyami,?,
"Aankh Say Aankh Mila Lay, Soch Kar Na Matwalay..",Intezar,1956,Khawaja Khursheed Anwar,Qateel Shafai,Noorjahan,
Aankh Say Aankh Milay Lay Keh Moqa Achha Hay..,Lakht-e-Jiggar,1956,G.A. Chishti,Nazim Panipati,Munawar Sultana,
"Aansoo, Palkon Peh Aa Baithay Hayn..",Lalkar,1959,Akhtar Hussain Akhian,Hazin Qadri,Zubaida Khanum,
"Aansuon Ki Arz Hay, Aansoun Ki Dua Sun Lijiye..",Pasban,1957,Rasheed Attray,Tufail Hoshiarpuri,Kousar Parveen,
"Aansuon Say Naqsh-e-Ulfat mita, A Dil-e-Betab, Un Ko Bhool Ja..",Naghma-e-Dil,1959,G.A. Chishti,Tufail Hoshiarpuri,Naheed Niazi,
"Aao Bacho, Sair Karaen, Tum Ko Pakistan Ki..",Bedari,1957,Fateh Ali Khan,Khawar Zaman,Saleem Raza & Co.,
"Aao Logo, Tumhen Sunaen, Is Dunya Ki Aaj Kahani..",Pehla Qadam,1958,Ghulam Nabi,?,Ahmad Rushdi,
"Aap Karen ManMani.. Chupkay Say Kar Lun Gi, Main Tujh Say..",Chhoti Begum,1956,Tasadduq Hussain,Qateel Shafai,Kousar Parveen,
"Aasman Walay, Teri Dunya Ray Fani, Dekh Li..",Bara Aadmi,1957,Ghulam Nabi,Tufail Ahmad Jamali,Mubarak Begum,
"Aatay Ho Yaad Bar Bar, Kaisay Tumhein Bhulayen Ham..",Qatil,1955,Master Inayat Hussain,Qateel Shafai,Saleem Raza,
"Aati Nahin Zindagi Dobara, Jan Bhi Lay, Ishara..",Khul Ja Sim Sim,1959,Tufail Farooqi,Qateel Shafai,Zubaida Khanum,
"Ab Dam Hi Nikkal Jaye, Ab Mout Hi Aa Jaye..",Bedari,1957,Fateh Ali Khan,Khawar Zaman,Kousar Parveen,
"Ab Jo Milun Gi, Un Say Kahun Gi, Bolo Jee..",Waada,1957,Rasheed Attray,Saifuddin Saif,Kousar Parveen,
Ab Koi Zindagi Ka Sahara Nahin Raha..,Shararay,1955,Feroz Nizami,Tanvir Naqvi,Munawar Sultana,
"Ab Koi Zindagi Ka Sahara Nahin Raha, Jab Tum Nahin To Koi..",Himmat,1959,Saleem Iqbal,Tanvir Naqvi,?,
"Ab Kya Dekhen Rah Tumhari, Beet Chali Hay Raat..",Jago Hua Savera,1959,Tamar Barn,Faiz Ahmad Faiz,Rahat Ghaznavi,
Ab Kyun Na Yaad Ayen Guzray Huay Zamanay..,Shola,1952,Fateh Ali Khan,?,Salma Begum,
Ab Mera Teray Siwa Koi Sahara Na Raha..,Jallan,1955,Mohammad Ali Munnu,Shabab Keranvi,Zubaida Khanum,
"Ab Sunaun Kya Gham Ki Dastan, Door Woh Jahan Hay Abhi..",Teray Baghair,1959,Master Inayat Hussain,Tanvir Naqvi,Naseem Begum,
"Ab To Aa Ja Sajan, Ab To Aa Ja Balam..",Amanat,1950,Nazir Jafri,Qateel Shafai,Salma Begum,
Ab To Jee Bhar Kay Khanjar Chalayen Gay Ham..,Jan-e-Bahar,1958,Rasheed Attray,Qateel Shafai,Naseem Begum,
"Ab Tootay Na Sath, Tumharay Hath Mein Hay Malik Laaj Hamari..",Pinjra,1951,Talib Hussain Jafri,?,Iqbal Leylpuri,
"Abad Aa Kay Kar Day, Barbad Ashiyana, Aa Apnay Sath Lay Aa..",Aavaz,1953,Hassan Latif,Tanvir Naqvi,?,
"Achhi Nahin Yeh Be-Rukhi, Abb Maan Bhi Jayie..",Faisala,1959,A. Hameed,Fyaz Hashmi,Naheed Niazi,
"Afsana Likh Rahi Hun, Meri Jan Pyar Ka, Ankhon Mein Surma Bhar Kay..",Ghalt Fehmi,1950,Inayat Ali Nath,Tufail Hoshiarpuri,Iqbal Bano,
"Airay Ghairay Nathu Khairay, Ban Than Kay Aye..",Miss 56,1956,Vinod (Indian),D.N. Madhok (Indian),Geeta Dutt (Indian singer),
Aisa Bhi Ik Zamana Aata Hay Aashqi Mein..,Neyi Larki,1958,Hassan Latif,Munir Niazi,Zubaida Khanum,
"Aish Kay Din Hayn 4, Mujh Say Pyar Karo..",Hasrat,1958,Safdar Hussain,Qateel Shafai,Zubaida Khanum,
"Ajab Nagar Kay Ajab Fasanay, Sab Ko Sunanay Aye Hayn..",Aaj Kal,1959,?,Tanvir Naqvi,Saleem Raza,
"Aji, Lay Lo Chhorian, In Ko Pehan Kar, Rani Ban Kay..",Masoom,1957,Master Inayat Hussain,Qateel Shafai,Munawar Sultana,
"Aji, Lay Lo Chhorian, In Ko Pehan Kar, Rani Ban Kay (sad)..",Masoom,1957,Master Inayat Hussain,Qateel Shafai,Munawar Sultana,
Ajjal Jo Aye To Apna Bhi Kaam Ho Jaye..,Sahara,1959,Mohammad Ali Munnu,Sardar Adeeb,Naheed Niazi,
"Akela Mujhay Chhor Kar Janay Walay, Kiya Main Nay Tujhay..",Hatim,1956,Safdar Hussain,Qateel Shafai,Zubaida Khanum,
"Akeli Kahin Matt Jana, Jamana Najuk Hay, Parhay Ga Pachhtana..",Neend,1959,Rasheed Attray,Tanvir Naqvi,Noorjahan,
"Akhian Mila Kay, Kisi Ka Dil Chura Kay, Chalay Na Jana Jee..",Eid,1951,?,?,Ali Bakhsh Zahoor,
"Al-Widaa, Al-Widaa, Pyaray Watan Al-Widaa..",Shahida,1949,Master Ghulam Haider,Hakeem Ahmad Shujaa,Munawar Sultana & Co.,
"Albelay Naina, Banti Kar Kar Haar Geyi Main..",Qismat,1956,Feroz Nizami,Tufail Hoshiarpuri,Roshan Ara Begum,
"Allah Allah Wahid, Khaliq Mabood Allah..",Soteli Maa,1956,G.A. Chishti,Sardar Adeeb,Munawar Sultana,
"Ambwa Ki Dharion Peh Jhoolna Jhula Ja, Ab Kay Sawan..",Nagin,1959,Safdar Hussain,Qateel Shafai,Iqbal Bano,
"Anjam-e-Mohabbat Dekh Liya Tum Nay, Aur Kahin Dil Na Lagana..",Sitaron Ki Dunya,1958,Zafar Khursheed,Mayel Lakhnavi,Ahmad Rushdi,
"Ankh Milnay Ka Bahana Ho Geya, Baithay Baithay Dil Nishana Ho Geya..",Naveli,1952,?,Saifuddin Saif,Naseem Akhtar,
"Ankhen Bhi Hayn Jadoo Bhari, Anchal Bhi Hay Dhalka Hua..",Ankh Ka Nashah,1957,Master Inayat Hussain,Qateel Shafai,Iqbal Bano,
Ankhen Hayn Intizar Ki Dunya Liye Huay..,Shola,1952,Fateh Ali Khan,Taj Chodhary,Pukhraj Pappu,
Ankhen Mila Kay Pyar Say Dil Ko Mita Diya..,Gumnam,1954,Master Inayat Hussain,Saifuddin Saif,Kousar Parveen,
"Ankhon Hi Ankhon Mein, Afsanay Ho Jatay Hayn..",Raat Ki Baat,1954,Master Inayat Hussain,Saifuddin Saif,?,
Ankhon Kay Rastay Koi Dil Mein Sama Geya..,Ham Watan,1951,Pardesi,Maya Devi,Salma Begum,
"Ankhon Mein Chalay Ao, Ham Dil Mein Chhupa Len Gay..",Kunvari Beva,1956,Fateh Ali Khan,Tufail Hoshiarpuri,Mehdi Hassan,
"Ankhon Mein Nachay Sabaz Pari, Sab Dunya Hay Hari Bhari..",Pavan,1956,Nazir Jafri,Qateel Shafai,Kousar Parveen,
"Ankhon Mein Raat Liye, Palkon Mein Bhari Barsat Liye..",Sohni,1955,Feroz Nizami,Qateel Shafai,Saleem Raza,
"Ankhon Mein Thi Basi Hui Dunya Saroor Ki, Lai Hay Kheinch Kar..",Neya Dour,1958,Tasadduq Hussain,Qateel Shafai,Munir Hussain,
"Ankhon Say Door, Dil Kay Saharay Chalay Geye..",Kundan,1950,Lal Mohammad Sabri,Qateel Shafai,Malika Pukhraj,
"Ankhon Say Pila Saqi, Dil Dil Say Mila Sathi..",Shohrat,1957,Rasheed Attray,Tufail Hoshiarpuri,Munawar Sultana,
"Apna Ban Liya Tumhen, Dil Mein Chhupa Liya..",Muskarahat,1959,Hameed Jazib,Hameed Jazib,Kousar Parveen,
Apnay Dil Say Mujhay Bhula Dena..,Laila Majnu,1957,Rasheed Attray,Tanvir Naqvi,Naheed Niazi,
"Apnay Lahu Ka Rang, Gullon Mein Richayen Gay..",Bara Aadmi,1957,Ghulam Nabi,Kaleem Usmani,Nazir Begum & Co.,
"Armaan Lut Geye, Meri Dunya Ujar Geyi..",Anokhi Dastan,1950,G.A. Chishti,?,Munawar Sultana,
"Armaan Lut Geye, Saharay Udas Hayn..",Anokhi Dastan,1950,G.A. Chishti,?,Inayat Hussain Bhatti,
"Armaan Luttay Is Dil Kay, Tum Bichhray Geye Kyun Mil Kay..",Ghulam,1953,Master Ghulam Haider,Qateel Shafai,Munawar Sultana,
"Armaan Tootay, Dil Toot Geya, Dunya Mien Khushi Ka Naam Nahin..",Akeli,1951,Master Ghulam Haider,Qateel Shafai,Munawar Sultana,
"Array, Dhoray Chohay Pait Mein Rotian Tayyar Jo Karti..",Akeli,1951,Master Ghulam Haider,Qateel Shafai,Noor Mohammad Charlie,
"Atkan, Chatkan, Chutkaye Ray, Kaisa Dukh diya Dil Ko..",Neya Zamana,1958,Tasadduq Hussain,Majru Sultanpouri,Zubaida Khanum,
"Awaz Kisi Ki Ayi, Yeh Kon Ga Rahi Thi..",Sachai,1949,G.A. Chishti,?,Inayat Hussain Bhatti,
"Aya Honton Peh Janay Kis Ka Naam, Nazar Sharmanay Lagi..",Jagga,1958,G.A. Chishti,Ahmad Rahi,Zubaida Khanum,
"Aya Ray, Aya Ray, Hamari Sundar Nagri Mein Sunehri Kirno Wala..",Judai,1950,Hassan Latif,Tanvir Naqvi,Pukhraj Pappu,
"Aye Din Bahar Kay, Ho, Aye Din Bahar Kay..",Tamanna,1958,Hassan Latif,Qateel Shafai,Zubaida Khanum,
"Aye Koi Karwan, Jaye Koi Karwan..",Gumrah,1959,G.A. Chishti,Ahmad Rahi,Zubaida Khanum,
"Aye Mousam Rangeelay Suhanay, Jiya Na Hi Manay..",7 Lakh,1957,Rasheed Attray,Saifuddin Saif,Zubaida Khanum,
"Ayi Ayi Bahar, Main Nachun Gi..",Wehshi,1956,Tufail Farooqi,Mushir Kazmi,Kousar Parveen,
"Ayi Ayi Jawani, Geya Dil Ray, Hui Bismil Ray, Main Haar Geyi..",Sailab,1953,Asghar Ali,Khawar Zaman,Nazir Begum & Co.,
"Ayi Bahar Ayi, Apnay Piya Say Hamen Pyar Ho Geya..",Ham Watan,1951,Pardesi,Maya Devi,Pukhraj Pappu,
"Ayi Bahar, Geya Dil Ka Qarar, Meri Ankhon Mein Hay Tera Pyar..",Funkar,1956,Tamar Barn,Tajammul Hussain,Khursheed,
"Ayi Millan Ki Raat, Bani Hay Baat, Baat Dulhaniya Mann Ki Seijh Sajao..",Beli,1950,Rasheed Attray,Ahmad Rahi,Pukhraj Pappu & Co.,
"Ayi Raat Barat Ki Ayi, Chand, Chandni Laya..",Aavaz,1953,Hassan Latif,Tanvir Naqvi,?,
"Ayi Ray Ayi Ray Kari Badaria, Pia Nahin Moray Pas Ray..",Ruhi,1954,Rasheed Attray,Tufail Hoshiarpuri,Najam Ara,
"Ayo Ayo, Kisi Say Pyar Karen, Kehta Hay Dil Mera..",Ilzam,1953,Asghar Ali,Yizdani Jalandhri,Zeenat Begum,
"B.A. Parha Kay Ham Ko, Mitti Kharab Kar Di..",Sailab,1953,Asghar Ali,?,Ali Bakhsh Zahoor,
Baan Naino Kay Seenay Peh Marun Gi Main..,Nagin,1959,Safdar Hussain,Qateel Shafai,Iqbal Bano,
Baankay Raseelay Hayn Nain Toray Bankay..,Aas Pas,1957,Akhtar Hussain Akhian,Qamar Lakhnavi,Kousar Parveen,
"Baat Hi Baat Mein Ji, Chandni Raat Mein, Jia Mera Kho Geya..",Dupatta,1952,Feroz Nizami,Mushir Kazmi,Noorjahan,
"Babul Ka Ghar Soona Kar Kay, Gori Praye Des Chali..",Hasrat,1958,Safdar Hussain,Qateel Shafai,Kousar Parveen & Co.,
"Babul Ka Hay Dar, Ghoonghat Pehnay Roye..",Pehla Qadam,1958,Ghulam Nabi,?,Madhu Almas,
"Bach Kay Rehna, Phir Na Kehna, Yahan Oopar Neechay..",Mazloom,1959,Tufail Farooqi,Mushir Kazmi,Zubaida Khanum,
"Bach Kay Zara, Hat Kay, Badmast Raho, Madhosh Raho..",Raaz,1959,Feroz Nizami,Kaleem Usmani,Mubarak Begum,
"Bachpan Ki Yaadgaro, Main Tum Ko Dhoondti Hun..",Gulnar,1953,Master Ghulam Haider,Qateel Shafai,Noorjahan,
"Bad-e-Saba, Lay Ja, Un Tak Pyam Mera, Meral Salam Lay Ja..",BeQarar,1950,Master Ghulam Haider,Arsh Lakhnavi,Munawar Sultana,
"Badli Hayn Kyun, Jahan Ki Hawaon Ko Kya Hua..",Sailab,1953,Asghar Ali,Tufail Hoshiarpuri,?,
"Bagh Jall Kay Reh Geya, Aur Aashiyan Lut Geya..",Lakhpati,1958,Masoom Rahim,Tajammal Sehrai,Depura Daniel,
"Baghon Mein Bahar Ayi, Mehki Hui Rutt Mein Dil Leta Hay Angrai..",Hasrat,1958,Safdar Hussain,Qateel Shafai,Zubaida Khanum,
Bahar Anay Say Pehlay Jal Utha Ashiyan Mera..,Mumtaz,1958,Mian Shehar Yaar,Liaqat Sehbai,Naseem Begum,
"Bahar Ayi, Ghata Chhai, Idhar Bhanwron Nay Li Angrai..",Kundan,1950,Lal Mohammad Sabri,Tanvir Naqvi,Iqbal Begum,
"Baharen Muskarati Hayn, Labbon Peh Ik Tarana Hay..",BeGunah,1958,Mian Shehar Yaar,Ashur Kazmi,Naseem Begum,
"Balam, Tum Haar Geye, Jeeta Mera Pyar, Mano Na Mano..",Baghi,1956,Rehman Verma,Mushir Kazmi,Zubaida Khanum,
"Ball Paray Taqdeer Mein, Dushman Zamana Ho Geya..",Sassi,1954,G.A. Chishti,Aziz Meeruti,Pukhraj Pappu,
"Balma, Saveray Chalay Jayio, Hay Raat Suhani, Yahin Rahio..",Faisala,1959,A. Hameed,Fyaz Hashmi,Zubaida Khanum,
"Ban Kay Dulhan Lehraon Gi, Ghoonghat Mein Sharmaun Gi..",Hameeda,1956,Safdar Hussain,Qateel Shafai,Zubaida Khanum,
Ban Than Kay Sajjan Teri Rah Takkan Ko..,Mirza Sahiban,1956,Khawaja Khursheed Anwar,Qateel Shafai,Zubaida Khanum,
"Banwariya, Na Ro Deti Hay Bekar Sadayen Beetay Jeevan Ko..",Teray Baghair,1959,Master Inayat Hussain,Tanvir Naqvi,Naseem Begum,
"Banwri Chakori, Karay Dunya Say Chori Chori, Chanda Say Pyar..",Anar Kali,1958,Rasheed Attray,Qateel Shafai,Noorjahan,
"Bar Bar Tarsen Moray Nain, Moray Naina..",Waada,1957,Rasheed Attray,Saifuddin Saif,Kousar Parveen,
"Barbad Hay Dil, Veeran Hay Nazar, A Raat Zara Tham Tham Kay Guzar..",Gulnar,1953,Master Ghulam Haider,Qateel Shafai,Noorjahan,
"Barbad Huway Ham Jin Kay Liye, Woh Ham Say Huway Hayn Beganay..",Ghulam,1953,Master Ghulam Haider,Saghar Siddiqi,Pukhraj Pappu,
"Barbad Kiya Qismat Nay Hamen, Jeenay Ka Sahara Koi Nahin..",Hasrat,1958,Safdar Hussain,Qateel Shafai,Iqbal Bano,
"Barbad Tamanna Roti Hay, Hansanay Ki Koi Tadbir Nahin..",Bheegi Palken,1952,Master Ghulam Haider,Qateel Shafai,Munawar Sultana,
"Bars Rahi Hay Barsat Ray, Piya Aa Ja, Aaj Ki Raat Ray..",Baap Ka Gunah,1957,Rasheed Attray,Saifuddin Saif,Kousar Parveen,
"Barsat Ka Mousam Hay, Ghata Jhoom Rahi Hay..",Funkar,1956,Tamar Barn,Tajammul Hussain,Khursheed,
"Barsat Ko Woh Raat, Kaho Kaisay Bhulayen, O Balam..",Toofan,1955,G.A. Chishti,Saifuddin Saif,Pukhraj Pappu,
"Bata A Asmaan Walay, Meray Nalun Peh Kya Guzri..",Ishq-e-Laila,1957,Safdar Hussain,Qateel Shafai,Inayat Hussain Bhatti,
"Bata A Dil, Jiye Dunya Mein Kis Kay Aasray Koi..",Hamari Basti,1950,Feroz Nizami,Mushir Kazmi,Pukhraj Pappu,
"Be-Dard Aasman Hay, A 2 Jahan Kay Malik, Kya Janay..",BeGunah,1958,Mian Shehar Yaar,Ashur Kazmi,Inayat Hussain Bhatti,
"Be-Dard Zamanay Say Kabhi Pyar Na Karna, Yeh Aag Hay..",BeQarar,1950,Master Ghulam Haider,Tufail Hoshiarpuri,Pukhraj Pappu,
"Be-Saharon Kay Saharay, As-Salam, A Haq Kay Pyaray..",Touheed,1958,A. Hameed,Aasi Nizami,Manzoor,
"Bedard Zamana, Koi Na Sunay Tootay Huay Dil Ka Fasana..",Beli,1950,Rasheed Attray,Ahmad Rahi,Pukhraj Pappu,
"Bedard Zamaney Walo Nay, Kab Dard Kisi Ka Jana Hay..",Aas Pas,1957,Akhtar Hussain Akhian,Sahil Farani,Saleem Raza,
"Beet Chali Raat, Sanam, Tum Nahin Aye..",Pasban,1957,Rasheed Attray,Hazin Qadri,Zubaida Khanum,
"Beetay Huway Din, Beeti Hui Ratian, Yaad Kar..",Lalkar,1959,Akhtar Hussain Akhian,Hazin Qadri,Zubaida Khanum,
"Bekar Hay Dunya Teri, Dunya Ko Jala Day..",Mazloom,1959,Tufail Farooqi,Arsh Lakhnavi,Zubaida Khanum,
"Bemar-e-Mohabbat Hun, Meri Na Dawa Karna..",Shama,1959,Hassan Latif,Tanvir Naqvi,Zubaida Khanum,
"Beqabu Hay Mera Dil, Bari Mushkil, Yeh Samaa Beetay Na..",Aas Pas,1957,Akhtar Hussain Akhian,Sahil Farani,Zubaida Khanum,
"Bhag Na Jana Ray Sayyan, Bhag Jao Gay, Kuchh Apna Kawao Gay..",Judai,1950,Hassan Latif,Tanvir Naqvi,Pukhraj Pappu,
"Bhag Yahan Say Bhag Ray, Dagar Dagar Par Is Nagri Mein Aag Lagi Hay..",Gumnam,1954,Master Inayat Hussain,Tanvir Naqvi,Fazal Hussain,
"Bhagwan, Kahan Jaun, Chain Na Aye..",Pinjra,1951,Talib Hussain Jafri,?,Iqbal Leylpuri,
"Bhatak Jaye Ga, Array Janay Walay, Mohabbat Kay Rastay..",Sahara,1959,Mohammad Ali Munnu,Sardar Adeeb,Saleem Raza,
"Bheegi Bheegi Raat Mein, Phoolon Ki Barsat Mein..",Pehla Qadam,1958,Ghulam Nabi,?,?,
Bhook Say Armaan Machal Kar Reh Geye..,Bedari,1957,Fateh Ali Khan,Khawar Zaman,Kousar Parveen & Co.,
"Bhool Geye Mohay Sham Sakhi Ray, Aansoo Ro Ro Kar..",Khatoon,1955,Rasheed Attray,Tufail Hoshiarpuri,Zubaida Khanum,
"Bhoolnay Wala Bhool Geya Tu Meri Wafaen, Apni Jafaen..",Sachai,1949,G.A. Chishti,Tanvir Naqvi,Munawar Sultana,
"Bhoor Hui Ghar Aao Majhi, Bhoor Hui Ghar Aao..",Jago Hua Savera,1959,Tamar Barn,Faiz Ahmad Faiz,Rahat Ghaznavi,
"Bhulana Na, O Sajna, Albalay, Jee Na Saken Gay Tum Bin Akelay..",Baap Ka Gunah,1957,Rasheed Attray,Saghar Siddiqi,Naheed Niazi,
"Bol Bol Vairniya, Main Gei Thi Kahan..",Teri Yaad,1948,Inayat Ali Nath,Tufail Hoshiarpuri,Munawar Sultana,
Bol Meray Mann Kay Papiye..,Shola,1952,Fateh Ali Khan,?,Salma Begum,
"Boojho Ray, Meray Man Ki BaatK Koi Bhoojo Ray..",Toofan,1955,G.A. Chishti,Zaheer Kashmiri,Pukhraj Pappu,
"Bujhao Shamen, Barhao Mehfil, Koi Bhi Mehfil Mein Ab Begana Nahin..",Shararay,1955,Feroz Nizami,Tanvir Naqvi,Munawar Sultana,
"Bujhi Bujhi Si Roshni Aur Ham, Koi Bhi Hosh Mein Nahin..",Jhoomar,1959,Khawaja Khursheed Anwar,Tanvir Naqvi,Irene Parveen,
"Chain Say So Rahay Thay Ham, Koi Jaga Kay Chal Diya..",Neya Zamana,1958,Tasadduq Hussain,Nusrat Mansoori,Munir Hussain,
"Chal Bheyi, Sher Jawana, Thumak Thumak Nach Tu Aisay..",Gulshan,1959,Feroz Nizami,Qateel Shafai,Naheed Niazi,
"Chal Chal Ri Jawani Chal, Tu Neye Jahan Mein Chal..",Anjaam,1957,A. Hameed,Mushir Kazmi,Kousar Parveen,
"Chal Meri Gari, Liye Pyar Ki Sawari..",Vah Ray Zamanay,1958,Ghulam Nabi,Fyaz Hashmi,Kousar Parveen,
"Chal Na Sakay Gi 4/20, Khatray Ki Sun Lo Ghanti..",Raaz,1959,Feroz Nizami,Kaleem Usmani,Ahmad Rushdi,
"Chala Pyar Ka Atom Bomb, Kaleja Phatt Geya, Bomb Chhaka..",Haqeeqat,1956,G.A. Chishti,A. Shah,Kousar Parveen,
"Chalay Hayn Ghoomnay, Aasman Ko Choomnay..",Pavan,1956,Nazir Jafri,Mushir Kazmi,Kousar Parveen,
Chalay Hayn Pyar Ki Dunya Basanay..,Laila Majnu,1957,Rasheed Attray,Tanvir Naqvi,Naheed Niazi,
"Chalay Nahin Jana, Jiya Mera Tor Kay Ji..",Shola,1952,Fateh Ali Khan,Taj Chodhary,Zeenat Begum,
"Chali Ray, Chali Ray, Main To Des Piya Kay Chali Ray..",Jhoomar,1959,Khawaja Khursheed Anwar,Tanvir Naqvi,Naheed Niazi,
"Chalo Chalen Maa, Sapno Kay Gaon Mein..",Bedari,1957,Fateh Ali Khan,Fyaz Hashmi,Munawar Sultana,
"Chalta Chala Ja Pal Pal, Dam Dam Peechay Hattay Na..",Aaj Kal,1959,?,Tanvir Naqvi,Saleem Raza,
"Cham Cham Chamkay Ray Chunariya, Kahin Lagay Na..",Sahara,1959,Mohammad Ali Munnu,Sardar Adeeb,Munawar Sultana,
"Chamak Raha Hay Chand, Paray Hayn Mand Sitaray..",Bheegi Palken,1952,Master Ghulam Haider,Tufail Hoshiarpuri,Munawar Sultana,
"Chamken Gulabi Chunariya Kay Taray, Gori Teri Kya Baat Hay..",Neya Dour,1958,Tasadduq Hussain,Qateel Shafai,Iqbal Bano,
"Chamken Seep Kay Moti, Jaisay Nain Teray Matwalay..",Karnama,1956,Nathu Khan,Bezar Sarhadi,Nazir Begum,
"Chand Aansoo, Chand Aahen Aur Dil-e-Nakam Hay..",2 Kinaray,1949,Fateh Ali Khan,Tufail Hoshiarpuri,Ali Bakhsh Zahoor,
"Chand Aansoo, Chand Aahen Aur Dil-e-Nakam Hay..",2 Kinaray,1949,Fateh Ali Khan,Tufail Hoshiarpuri,Pukhraj Pappu,
"Chand Chamka Tha Peepal Ki Aut Say, Sakhi Raat Ko..",Anjaam,1957,A. Hameed,Saghar Siddiqi,Zubaida Khanum,
"Chand Hansay, Dunya Basay, Roye Mera Pyar Ray..",Intezar,1956,Khawaja Khursheed Anwar,Qateel Shafai,Noorjahan,
"Chand Jab Chamkay, Tujhay Dil Bulaye, Machaltay Armaan..",Shama,1959,Hassan Latif,Tanvir Naqvi,Zubaida Khanum,
"Chand Si Teri Jabeen, Kisay Maloom Nahin..",Ishq-e-Laila,1957,Safdar Hussain,Qateel Shafai,Zubaida Khanum,
Chand Takkay Chhup Chhup Kay Unchi Khajoor Say..,Ishq-e-Laila,1957,Safdar Hussain,Qateel Shafai,Saleem Raza,
"Chanda Abb to Chhup Ja Ray, Gham Ki Badariya Chhai Hay..",Lakhpati,1958,Masoom Rahim,Sahil Farani,Nazir Begum,
"Chanda Ki Nagri Say Aaja Ri Nindya, Taron Ki Nagri Say Aaja..",Lakht-e-Jiggar,1956,G.A. Chishti,Nazim Panipati,Noorjahan,
"Chanda Ray Chanda, Meray Daaman Ko Tham Ray..",Lakht-e-Jiggar,1956,G.A. Chishti,Saifuddin Saif,Noorjahan,
"Chanda Say Poochh Lay, Taron Say Poochh Lay..",Jheel Kinaray,1955,Nazir Jafri,Mushir Kazmi,Kousar Parveen,
"Chandi Ki Ik Jhankar Par, Jeewan Ki Bazi Haar Kar, Koi Bik Geya..",Gumnam,1954,Master Inayat Hussain,Qateel Shafai,Munawar Sultana,
"Chandni Raat Hay, Chanda Sath Hay, Kya Mulaqat Hay..",Nazrana,1955,Tufail Farooqi,Qateel Shafai,Kousar Parveen,
"Chandni Raten, Sab Jagg Soye, Ham Jagen, Taron Say Karen Batein..",Dupatta,1952,Feroz Nizami,Mushir Kazmi,Noorjahan,
Chandni Raton Mein Aa Pyar Ka Naghma Suna Lay..,Sassi,1954,G.A. Chishti,Aziz Meeruti,Inayat Hussain Bhatti,
Channan Chhannan Dharak Raha Hay Mann Yun..,Shalimar,1956,G.A. Chishti,Tanvir Naqvi,Zubaida Khanum,
"Chhai Ray Ghata Ghanghor, Chhai Ray..",Pinjra,1951,Talib Hussain Jafri,?,Iqbal Leylpuri,
Chhal Chhal Chhalkay.. Mera Pyar Dagmag Dolay..,Noukar,1955,G.A. Chishti,Qateel Shafai,Kousar Parveen,
"Chhalak Rahi Hayn Mastian, Nashay Mein Doob Utha Jahan..",Raaz,1959,Feroz Nizami,Kaleem Usmani,Ahmad Rushdi,
Chhalakta Rahay Tera Jam Subh-o-Sham..,Darbar,1958,Rehman Verma,Mushir Kazmi,Kousar Parveen,
"Chhalki Jawani, Hey Jiya Mora Dolay..",Teri Yaad,1948,Inayat Ali Nath,Saifuddin Saif,Munawar Sultana,
"Chham Chham Gaun, Pall Pall Gaun, Aa Ja Sajjan Moray, Aa Ja..",Gulshan,1959,Rasheed Attray,Qateel Shafai,Naheed Niazi,
"Chham Chham Nachun, Meray Piya Ghar Aye..",Zehr-e-Ishq,1958,Khawaja Khursheed Anwar,Qateel Shafai,Zubaida Khanum,
"Chham Chhama Chham, Naach Utha Ang Sakhi Mera..",Gumnam,1954,Master Inayat Hussain,Qateel Shafai,Kousar Parveen,
"Chhamak Chhamak, Thumak Thumak Chaal..",Mehbooba,1953,Master Inayat Hussain,Qateel Shafai,?,
"Chhan Chhan Baj Uthi Meri Aaj Payelia, Jiara Jhoolay..",Mumtaz,1958,Mian Shehar Yaar,Liaqat Sehbai,Naseem Begum,
"Chhan Chhan Bajay Payel, Jiya Nachay Ho..",Shikar,1956,Asghar Ali,Hafeez Jalandhri,Madhu Almas,
Chhan Chhan Nachay Mora Nikhra Joban..,Apna Paraya,1959,Saif Chughtai,Munir Jeelani,Naseem Begum,
"Chhan Chhana Chham, Payel Chhankay, Kangan Bolay..",Nazrana,1955,Tufail Farooqi,Qateel Shafai,Kousar Parveen,
"Chhan, Chhan, Chhan, Bajay, Payel Bajay, Sanwariya..",Neend,1959,Rasheed Attray,Tanvir Naqvi,Noorjahan,
"Chhanan Chhan Bajay Payelia, Dekho Ji Basay Moray Mann Mein..",Ruhi,1954,Rasheed Attray,Tufail Hoshiarpuri,Najam Ara,
"Chhanan Chhanan, Payel Mori Chhankay, Huway Pooray Sapnay..",Neya Dour,1958,Tasadduq Hussain,Qateel Shafai,Kousar Parveen,
"Chhap Chhap Chhap, Attak Stakk, Champa, Jawani Nay Liya Thamka..",Himmat,1959,Saleem Iqbal,Rehman Pyami,?,
Chhera Hay 2 Dillon Nay Mohabbat Ka Tarana..,Murad,1957,Safdar Hussain,Qateel Shafai,Zubaida Khanum,
"Chheron Gi Apnay Dil Ki Kahani, Teray Liye Lai Hun..",Ilteja,1955,Gul Haidar,Qateel Shafai,Kousar Parveen,
Chhoomantar Ki Dali.. Main Hun Naar Baray Dil Wali..,Naghma-e-Dil,1959,G.A. Chishti,Tufail Hoshiarpuri,Zubaida Khanum,
"Chhoonay Na Dungi Sharir, Najrion Say Dil Bhar Dungi..",Khatoon,1955,Rasheed Attray,Tufail Hoshiarpuri,Zubaida Khanum,
Chhor Hamen Kis Des Sudharay Sayyan Hamaray..,Inteqam,1955,Master Inayat Hussain,Saifuddin Saif,Iqbal Bano,
"Chhoro Chhoro Jee, Kalai Mori, O Balam Harjai..",Dil Mein Tu,1958,Manzoor,Sardar Adeeb,Iqbal Bano,
"Chhoro, Aapas Kay Sab Jhagray, Kar Lo Sulah Safai..",Neya Dour,1958,Tasadduq Hussain,Qateel Shafai,Munir Hussain & Co.,
"Chhunn Chhun Nachun Gi, Gunn Gunn Gaun Gi..",Intezar,1956,Khawaja Khursheed Anwar,Qateel Shafai,Noorjahan,
"Chhup Chhup Kay Sanam, Tujhay Meri Qasam..",Pasban,1957,Rasheed Attray,Sorash Dehliv,Zubaida Khanum,
"Chhup Geya Din, Kali Raat Aa Geyi..",Hamari Basti,1950,Feroz Nizami,Mushir Kazmi,Pukhraj Pappu,
"Chori Ho Geya Dil, Matwala, Saajan Dhundh Kay La Do Na..",16 Aanay,1959,Feroz Nizami,Qateel Shafai,Zubaida Khanum,
"Chup Chup Chup, Jawani Ayi Ray, Ho Ho, Jawani Ayi Ray..",Ghulam,1953,Master Ghulam Haider,Tufail Hoshiarpuri,Pukhraj Pappu,
"Chupkay Chupkay, Chhup Chhup Kay, Meray Naino Mein Bass Jana..",Pavan,1956,Nazir Jafri,Qateel Shafai,Kousar Parveen,
"Chupkay Say Dil Mein Aan Kay, Yeh Kis Nay Gudgudaya..",Sitaron Ki Dunya,1958,Zafar Khursheed,Mayel Lakhnavi,Nazir Begum,
Daal Peh Papiha Jab Holay Holay Rota Hay..,Mehbooba,1953,Master Inayat Hussain,Saifuddin Saif,Pukhraj Pappu,
"Daata Ki Hayn Mehrbania, Aaj Kheithon Peh Ayi Jawania..",BeQarar,1950,Master Ghulam Haider,Tufail Hoshiarpuri,Munawar Sultan,
"Dam Kay Dama Dam, Chhup Chhup Kay Karen Pyar..",Sardar,1957,G.A. Chishti,Ahmad Rahi,Zubaida Khanum,
Dam Mast Qalandar Bol Keh Dunya 4 Dino Ka Mela Hay..,Amanat,1950,Nazir Jafri,Qateel Shafai,Allauddin,
Dar-Ba-Dar Phirtay Hayn Ham Ko Poochta Koi Nahin..,Shahida,1949,Master Ghulam Haider,Hakeem Ahmad Shujaa,Munawar Sultana,
"Dard Hay Ya Is Dil Ki Dawa Hay, O Matwalay, Peenay Walay..",Inteqam,1955,Master Inayat Hussain,Saifuddin Saif,Zubaida Khanum,
"Dard-e-Dil, Teri Dawa Koi Nahin..",Jallan,1955,Mohammad Ali Munnu,Saifuddin Saif,Zubaida Khanum,
Dard-e-Mohabbat Say Beganay Baray Deevanay Aatay Hayn..,Laila Majnu,1957,Rasheed Attray,Tufail Hoshiarpuri,Naheed Niazi,
"Darr Matt, Aa Ja, Ho Ho..",Shammi,1950,Master Inayat Hussain,Tanvir Naqvi,Inayat Hussain Bhatti,
Dastoor Yeh Hi Hay Dunya Ka Jo Pyar Karay Barbad Rahay..,Aavaz,1953,Hassan Latif,Sahil Farani,Inayat Hussain Bhatti,
"Deep Bujhay, Hey Raat Jali, Tera Gham Kahay Ham Say..",Anokhi,1956,Timir Baran,Fyaz Hashmi,Zubaida Khanum,
"Deep Jalay, Jab Sham Kay Mann Mein Jagay..",Neyi Larki,1958,Hassan Latif,Munir Niazi,Zubaida Khanum,
"Dekh Badariya Kali, Jo Jo Mann Mein Aye..",Judai,1950,Hassan Latif,Tanvir Naqvi,Pukhraj Pappu,
"Dekh Dekh, Zara Dekh Idhar, O Mast Nazar..",Mandi,1956,Rafiq Ghaznavi,Mushir Kazmi,Khursheed,
"Dekh Len Gay Dunya Walay, Hamen Na Bulao Jee..",2 Kinaray,1949,Fateh Ali Khan,Tufail Hoshiarpuri,Malika Pukhraj,
"Dekh Rutt Haseen, Dilruba Pyar Kar Lay..",Aakhri Nishan,1958,Rehman Verma,Tanvir Kazmi,Kousar Parveen,
"Dekha Bhi Na Tha, Toot Geya Khawab Suhana..",Jahad,1950,Karim Dad Anwar,Tanvir Naqvi,Zeenat Begum,
"Dekhna Piya, Bhool Jayo Na, Payel Ki Jhanak Bajay Chham Chham..",Aas Pas,1957,Akhtar Hussain Akhian,Sahil Farani,Zubaida Khanum,
"Dekho Jee, Bedardi Sayya, Ja Kay Nahin Aaye..",Zehr-e-Ishq,1958,Khawaja Khursheed Anwar,Qateel Shafai,Naheed Niazi,
"Dekho Mori Rani, Aaj Saghai Hay, Nacho Nacho, Gao Gao..",Eid,1951,?,?,?,
"Dham Bhak, Dham Bhak Dhayya Ho Ho..",Akeli,1951,Master Ghulam Haider,Qateel Shafai,Noor Mohammad Charlie,
"Dhan Dhagay Na Tang, Dhan Teri Yaad Kay..",Soteli Maa,1956,G.A. Chishti,Sardar Adeeb,Munawar Sultana,
"Dharaknay Laga Dil, Nazar Jhuk Geyi, Kabhi Un Say Jab Samna Ho Geya..",Neya Zamana,1958,Tasadduq Hussain,Majruh Sultanpuri,Kousar Parveen,
"Dharkan Mein, Us Neye Dil Mein Umang Ray..",Lalkar,1959,Khursheed Qais,Hazin Qadri,Zubaida Khanum & Co.,
"Dharkay Mera Dil, Pyar Kay Dar Say, Dekho, Idhar, Na Udhar..",Karnama,1956,Nathu Khan,Bezar Sarhadi,Nazir Begum,
"Dheeray Dheeray, Aa Nindiya Suhani, Sapno Ki Rani..",Ankh Ka Nashah,1957,Master Inayat Hussain,Tufail Hoshiarpuri,Kousar Parveen,
"Dheeray Say Aa Kay Nindiya, Sapno Kay Phool Chun'na..",Neya Zamana,1958,Tasadduq Hussain,Majru Sultanpouri,Zubaida Khanum,
"Dheeray Say Aa Kay Nindiya, Sapno Kay Phool Chun'na..",Neya Zamana,1958,Tasadduq Hussain,Majru Sultanpouri,Saleem Raza,
"Dil Bhi Mujh Say Door Door, Un Ka Dil Bhi Majboor..",Anokhi Dastan,1950,G.A. Chishti,?,Munawar Sultana,
"Dil Chura Kay Na Nazren Churana Kahin, Meri Dunya Mein Aa Kay..",Sathi,1959,Fateh Ali Khan,Tufail Hoshiarpuri,Munir Hussain,
"Dil Day Kay Dagha Nahin Dena, Soch Lena..",Parvaz,1954,Rafiq Ghaznavi,Ahmad Rahi,?,
"Dil Dena, Day Kar Pachhtana, Ik Purna Khel Hay..",Raat Ki Baat,1954,Master Inayat Hussain,Saifuddin Saif,?,
"Dil Hamara Loot Kay, Na Janay Kon Lay Geya..",Bheegi Palken,1952,Master Ghulam Haider,Mushir Kazmi,Munawar Sultana,
Dil Hamara Zulf Ki Zanjeer Kay Qabil Na Tha..,Haqeeqat,1956,G.A. Chishti,A. Shah,Saleem Raza,
"Dil Jhoom Jhoom Jaye, Geeton Bhari Kahani..",Intekhab,1955,Feroz Nizami,Qateel Shafai,Inayat Hussain Bhatti,
"Dil Jhoom Kay Lehraye, Ho Geye Ham Sharabi..",Gumrah,1959,Master Inayat Hussain,Qateel Shafai,Naheed Niazi,
"Dil Ka Diya Jalaya Main Nay, Dil Ka Diya Jalaya..",Koel,1959,Khawaja Khursheed Anwar,Tanvir Naqvi,Noorjahan,
"Dil Ka Nazrana Mila, Teri Ankhon Mein Mujhay Pyar Ka Afsana Mila..",Toofan,1955,G.A. Chishti,Saifuddin Saif,Pukhraj Pappu,
Dil Kay Jalnay Ka Nishan Baqi Hay..,Ghairat,1951,Talib Hussain Jafri,Muzaffar Tahir,Raza,
"Dil Ki Baat, Zaban Peh Aye, Hey Kahi Na Jaye..",Aavaz,1953,Hassan Latif,Sahil Farani,Munawar Sultana,
"Dil Ki Dharkan, Ki Ko Pukaray, Dil Mein Jagmag Karay Sitaray..",Sohni,1955,Feroz Nizami,Qateel Shafai,Kousar Parveen,
"Dil Ki Lagi Bujhaye Ja, Apna Mujhay Banaye Ja..",Maska Polish,1957,Deebo,Fida Yazdani,Depura Danial,
"Dil Ki Lagi Nay Khawar Kiya, Hey, Kya Kahun, Kyun Un Peh Eitbar Kiya..",Eid,1951,?,?,S.D. Batish,
Dil Ki Tabahiyon Ka Sabab Kya Batayen Tumhen..,Tamanna,1958,Hassan Latif,Qateel Shafai,Zubaida Khanum,
"Dil Ki Yeh Awaz Hay, Jee Pyar Hona Chahiye..",Qatil,1955,Master Inayat Hussain,Qateel Shafai,Kousar Parveen & Co.,
Dil Kisi Ko Day Day Ya Dil Kisi Say Lay Lay..,Murad,1957,Safdar Hussain,Qateel Shafai,Zubaida Khanum,
"Dil Kisi Ko Dijiye, Dil Kisi Ka Lijiye..",Noor-e-Islam,1957,Hassan Latif,Tanvir Naqvi,Zubaida Khanum,
"Dil Ko Bachana, Zara Dil Ko Bachana, Jhatak Kay Zulfen..",Darbar,1958,Rehman Verma,Mushir Kazmi,Naheed Niazi,
"Dil Ko Gham Say Raha Karay Koi, Meray Dukh Ki Dawa Karay Koi..",Khatoon,1955,Rasheed Attray,Tufail Hoshiarpuri,Zubaida Khanum,
"Dil Ko Gham-e-Hayyat Gawara Hay, In Dinno..",Tamanna,1958,Hassan Latif,Qateel Shafai,Zubaida Khanum,
"Dil Ko Laga Kay Kahin Bhool Na Jana, Zalim Zamana Hay..",BeQarar,1950,Master Ghulam Haider,Tufail Hoshiarpuri,Munawar Sultan,
"Dil Ko Rahat Nahin, Qarar Nahin, Meray Gulshan Mein Ab Bahar Nahin..",Sachai,1949,G.A. Chishti,Tanvir Naqvi,Munawar Sultana,
"Dil Mein Basa Lo, Pyar Karo, Iqrar Kabhi Na Bhoolen Gay..",Aavaz,1953,Hassan Latif,Sahil Farani,Munawar Sultana,
Dil Mein Kuchh Keh Rahi Hayn Aap Say..,Faisala,1959,A. Hameed,Fyaz Hashmi,?,
"Dil Mein Mohabbat Ki Kalian Khila Kay, Lai Hun Teray Liye..",BeQarar,1950,Master Ghulam Haider,Tufail Hoshiarpuri,Munawar Sultana,
"Dil Mein Sama Geya, Aag Laga Geya, Teer Chalaye..",BeQarar,1950,Master Ghulam Haider,Tufail Hoshiarpuri,Munawar Sultana,
"Dil Na Lagana, Kabhi Dil Na Lagana, Hansta Hay Dil Denay Walay..",Khizan Kay Baad,1955,Hassan Latif,Qateel Shafai,Zubaida Khanum,
"Dil Nach Raha Hay Seenay Mein, Ab Chain Milay Ga Jeenay Mein..",Nazrana,1955,Tufail Farooqi,Qateel Shafai,Kousar Parveen,
"Dil Nachay, Mera Dil Nachay, Armaan Bhara Dil Nachay..",Maska Polish,1957,Deebo,Fida Yazdani,?,
"Dil Nay Kaha, Dil Say Meray Pyar Karen, Aa O Balam..",Ilzam,1953,Asghar Ali,Aslam Hashmi,Pukhraj Pappu,
"Dil Nay Li Angrai, Ayi Jawani Ayi, Ho, Ayi Jawani..",Tarrap,1953,Asghar Ali,Mushir Kazmi,?,
"Dil Nay Tujhay Pyar Kiya, Yaad Bar Bar Kiya..",Barkha,1953,Tufail Farooqi,Mushir Kazmi,Munawar Sultana,
"Dil Ne Banaya Tujhay Meet Piya, Pyar Nay Kiya Hay Deevana..",Apna Paraya,1959,Saif Chughtai,Munir Jeelani,Naheed Niazi,
"Dil Neye Taranay Gaye, Kyun Samjh Na Aye..",Kundan,1950,Lal Mohammad Sabri,Tanvir Naqvi,Munawar Sultana,
"Dil Peh Sawar 100, 100 War Chalay, Is Chhori Ki Dhoom Machi Hay..",Akeli,1951,Master Ghulam Haider,Qateel Shafai,Munawar Sultana,
"Dil Ro Ro Kay Pukaray, Toot Geye Saharay..",Wehshi,1956,Tufail Farooqi,Mushir Kazmi,Kousar Parveen,
"Dil Sard Hay, Dil Sard Hay..",Gabhroo,1950,G.A. Chishti,Baba Alam Siaposh,?,
Dil Say Jo Dil Takraye..,Ishq-e-Laila,1957,Safdar Hussain,Qateel Shafai,Zubaida Khanum,
Dil Say Tera Khayal Bhulaya Nahin Jata..,Hamari Basti,1950,Feroz Nizami,Mushir Kazmi,Pukhraj Pappu,
Dil Say Teri Yaad Ko Bhulana Hi Para..,Mehbooba,1953,Master Inayat Hussain,Qateel Shafai,Inayat Hussain Bhatti,
"Dil Shad Bhi, Heran Bhi Hay, Murgha Bhi Nahin, Phir Bhi..",Pasban,1957,Rasheed Attray,Hazin Qadri,Zarif,
"Dil Tham Kay Sun, Betab Jigar Ka Afsana..",Pasban,1957,Rasheed Attray,Ghulam Rabbani,Kousar Parveen,
"Dil Toot Geya, Sab Kuchh Mujh Ko Denay Wala..",Parvaz,1954,Rafiq Ghaznavi,Ahmad Rahi,Kousar Parveen,
Dil Tor Kay Chalay To Nahin Jao Gay..,Hichkolay,1949,Master Inayat Hussain,Saifuddin Saif,Munawar Sultana,
"Dil Tujh Ko Dhoondhta Hay, Dildar Tu Kahan Hay..",Shera,1959,G.A. Chishti,Ahmad Rahi,Zubaida Khanum,
"Dil Tum Say Mohabbat Karta Hay, Tum Jan-e-Mohabbat Ban Jao..",Anokhi Dastan,1950,G.A. Chishti,?,Munawar Sultana,
"Dil Walay, Pi Kar Rang Jama Lay, Aa Jhoom Jhoom Kar Jam Choom..",Sathi,1959,Fateh Ali Khan,Parvez Chishti,Naheed Niazi,
Dillon Ko Shad Rehnay Do..,Anokhi Dastan,1950,G.A. Chishti,?,Zahida Parveen,
Din Guzray Mera Tarap Tarap Kay Aur Raten..,Tamanna,1958,Hassan Latif,Qateel Shafai,Zubaida Khanum,
"Din Hayn Bahar Kay, 16 Sanghar Kay, Baalam Kay Sang Chalun..",Mehfil,1955,Nazir Jafri,Tufail Hoshiarpuri,Pukhraj Pappu,
"Din Hayn Bahar Kay, Rut Hay Singhar Ki..",Mandi,1956,Rafiq Ghaznavi,Mushir Kazmi,Khursheed,
"Din Ko Sataye, Raten Jagaye, Kaisa Tera Pyar Hay..",7 Lakh,1957,Rasheed Attray,Saifuddin Saif,Zubaida Khanum,
Diye Dil Kay Bujha Kar Jalanay Aata Hay Kon..,Masoom,1957,Master Inayat Hussain,Tufail Hoshiarpuri,Kousar Parveen,
"Dono Dillon Peh Hua Ulfat Ka Asar, Thora Thora Sa Idhar..",Inteqam,1955,Master Inayat Hussain,Saifuddin Saif,Iqbal Bano,
"Doob Geya Din, Shaam Dhali, So Geyi Nadiya..",Jago Hua Savera,1959,Tamar Barn,Faiz Ahmad Faiz,Altaf Mehmood,
"Doobtay Jatay Hayn, Taray Aanay Walay Aa Ja..",Seestan,1957,Asghar Ali,Mushir Kazmi,Zubaida Khanum,
"Door Say Na Ghoor Paas Aa, Chhor Kay Na Ja..",Apna Paraya,1959,Saif Chughtai,Munir Jeelani,Ahmad Rushdi,
"Dug Dug Duga, Tu Nachay, Main Gaun, Bheins Kay Aagay Been Bajaun..",Muskarahat,1959,Hameed Jazib,Saifuddin Saif,Imdad Hussain,
"Dugdugi Baja Kay, Zara Mela Laga Kay, Bandar Ko Nach Nachaun Ga..",Inteqam,1955,Master Inayat Hussain,Saifuddin Saif,Inayat Hussain Bhatti,
"Dukh Dard Nay Mara, Dunya Mein Nahin Koi Hamara..",Amanat,1950,Nazir Jafri,Qateel Shafai,Pukhraj Pappu,
"Dukh Ki Mari, Barson Apnay Bhaag Ko Roye..",Teri Yaad,1948,Inayat Ali Nath,Qateel Shafai,Aasha Poslay,
"Dulhaniya, Roti Matt Jana, Apnay Aansoo, Apni Ahen..",Jhoomar,1959,Khawaja Khursheed Anwar,Tanvir Naqvi,Najma Niazi,
"Dunya Eik Khilona, Kahin Milan Aur Kahin Judai..",Pattan,1955,G.A. Chishti,Mushir Kazmi,Zubaida Khanum & Co.,
"Dunya Hay Ik Mandi, Mandi Hay Sansar..",Mandi,1956,Rafiq Ghaznavi,Mushir Kazmi,?,
"Dunya Hay Tamashai, Aa Meray Sanam, Aa Ja..",Pasban,1957,Rasheed Attray,Tanvir Naqvi,Zubaida Khanum,
"Dunya Hera Pheri, Baba, Na Teri Na Meri..",Pattan,1955,G.A. Chishti,F.D. Sharf,Inayat Hussain Bhatti,
"Dunya Kay Bazar Mein, Lagi Hay Lakh Dukan..",Sabira,1956,Safdar Hussain,Tufail Hoshiarpuri,Kousar Parveen,
Dunya Mein Yatimon Kay Andheray Hi Andheray..,Vah Ray Zamanay,1958,Ghulam Nabi,Fyaz Hashmi,Iqbal Bano & Co.,
"Dunya Meri Aabad Hay, Aa Ja, Aa Ja..",Ham Watan,1951,Pardesi,Maya Devi,Salma Begum,
Dunya Say Jo Mita Hay Woh Hamara Nishan Ho..,Shahida,1949,Master Ghulam Haider,Hakeem Ahmad Shujaa,Munawar Sultana,
"Eid Aa Geyi, Eid Aa Geyi, Mehndi Lagayen Gay, Rang Jamayen Gay..",Eid,1951,?,?,Zeenat Begum,
"Ek Aurat Ban Gey Mard, Awaragard, Zamana Badal Geya..",Darbar,1958,Rehman Verma,Atish Ludhyanvi,Zubaida Khanum,
"Ek Na Mani, A Dil, Kisi Ki..",Ham Watan,1951,Pardesi,Maya Devi,Pukhraj Pappu,
"Ek Pall Bhi Nahin Aaram Yahan, Dukh Dard Kay Laakh Bahanay Hayn..",Ankh Ka Nashah,1957,Master Inayat Hussain,Qateel Shafai,Iqbal Bano,
"Ek Say 2 Aur 2 Say 4, Ham Golay Aaj Banayen Gay..",Gulshan,1959,Rasheed Attray,Qateel Shafai,Irene Parveen,
Falk Say Raat Ko Jab Chandni Barsai Jati Hay..,Sohni,1955,Feroz Nizami,Qateel Shafai,?,
"Farya Sun, A Aasman Walay, Arman Hamaray Dil Kay Lutay..",Jheel Kinaray,1955,Nazir Jafri,Mushir Kazmi,Kousar Parveen,
"Faryad Usi Say Kartay Hayn, Jis Nay Ham Ko Barbad Kiya..",Ghairat,1951,Talib Hussain Jafri,Muzaffar Tahir,Iqbal Bano,
"Gardish Mein Apna Sitara Hay, Sarkar Madinay Walay (saw)..",Hatim,1956,Safdar Hussain,Qateel Shafai,Zubaida Khanum,
"Gari Ko Chalana, Babu, Zara Halkay Halkay Halkay..",Anokhi,1956,Hassan Latif,Fyaz Hashmi,Zubaida Khanum,
"Garj Garj Kar Ayen Badal, Umad Kar Chhayen, Jal Thal Kar Den..",Koel,1959,Khawaja Khursheed Anwar,Tanvir Naqvi,Ustad Fateh Ali Khan,
"Gaye Gi Kali Kali Geet Meray Pyar Ka, Wadion Mein Aa Geya..",Thandi Sarak,1957,Mohammad Ali Munnu,Saifuddin Saif,Zubaida Khanum,
"Geyi Ban Dulhan, Chhan Chhan Chhan, Kabhi Nachay Payel..",Masoom,1957,Master Inayat Hussain,Qateel Shafai,Zubaida Khanum & Co.,
"Ghabrana Na, Sharmana Na, Na Dunya Ki Baton Say Darna..",Neyi Larki,1958,Hassan Latif,Munir Niazi,Fazal Hussain,
"Gham Ham Ko Diya, Ghamkharon Nay, Dil Tor Diya Dildaro Nay..",Jhoomar,1959,Khawaja Khursheed Anwar,Tanvir Naqvi,Naheed Niazi,
"Gham Hay Apna, Na Khushi Apni, Chand Sansein Hayn Zindagi Apni..",Jahad,1950,Karim Dad Anwar,Tanvir Naqvi,Zeenat Begum,
"Gham Jagay, Meri Khushian Soyen, Tarap Rahay Armaan Ray..",Muskarahat,1959,Hameed Jazib,Hazin Qadri,Kousar Parveen,
"Gham Jeet Geye, Ham Haray, Gham Beet Geye, Ham Haray..",Pavan,1956,Nazir Jafri,Mushir Kazmi,Kousar Parveen,
"Gham Kay Fasanay, Pyar Ki Baten, Sab Say Chhapaye Ham..",Intekhab,1955,Feroz Nizami,Kaleem Usmani,Kousar Parveen,
"Gham Ki Hansi Ura Kay, Pi Pi Pi, Dunya Ko Thukra Kay, Pi Pi Pi..",Faisala,1959,A. Hameed,Fyaz Hashmi,Kousar Parveen,
Gham Mein Doobay Hayn Meray Afsanay..,Aakhri Dao,1958,Master Ashiq Hussain,Sikkedar,?,
"Gham Sari Khushian Loot Geya, Ab Dil Mein Khushi Ka Naam Nahin..",Tarrap,1953,Asghar Ali,Tanvir Naqvi,?,
"Ghamon Mein Muskarana Janti Hun, Niralay Gul Khilana Janti Hun..",Harjai,1952,Fateh Ali Khan,?,?,
"Ghar Ghar Khushi Hay, Ghar Ghar Charagh Jaltay Hayn Teray Baghair..",Sohni,1955,Feroz Nizami,Qateel Shafai,Kousar Parveen,
"Ghar Jall Geya, Ham Lut Geye, Dil Bhar Geya..",Seestan,1957,Asghar Ali,Mushir Kazmi,?,
"Ghari 2 Ghar Mein Hua Khatam Samjho, Mohabbat Ka Rangeen Zamana..",Sassi,1954,G.A. Chishti,Aziz Meeruti,Pukhraj Pappu,
"Ghari Bhar Kay Liye Aa Ja, Buhat BeChain Hay Dil..",Kunvari Beva,1956,Fateh Ali Khan,Tufail Hoshiarpuri,Inayat Hussain Bhatti,
"Gharibon Ko Majboorian Denay Walay, Gunahgar Main Hun..",Ankh Ka Nashah,1957,Master Inayat Hussain,Qateel Shafai,Kousar Parveen,
"Ghata Ghanghor, Nachay Mann Mora Jee..",Akeli,1951,Master Ghulam Haider,Qateel Shafai,Pukhraj Pappu,
Ghazab Kiya Teray Waaday Peh Eitbar Kiya..,Intezar,1956,Khawaja Khursheed Anwar,Qateel Shafai,Noorjahan,
"Ghir Ghir Kay Baadal Aye, Bin Balam Jee Ghabraye..",Judai,1950,Hassan Latif,Tanvir Naqvi,Pukhraj Pappu,
"Ghuncha-e-Dahan Hun Main, Gulbadan Hun..",Gulshan,1959,Rasheed Attray,Qateel Shafai,Naheed Niazi,
Ghunghat Ki Oat Gori Balam Ko Dekhay Godi Mein Lalna Ray..,Noukar,1955,G.A. Chishti,Qateel Shafai,Kousar Parveen,
Ghunghat Utha Lun Keh Ghunghat Nikalun..,7 Lakh,1957,Rasheed Attray,Saifuddin Saif,Zubaida Khanum,
Ghurbat Mein Kisi Mazloom Ka Gar Dunya Mein Sahara Chhin Jaye..,Haqeeqat,1956,G.A. Chishti,A. Shah,Munawar Sultana,
"Gila Hay Aasman Waley, Hamein Teri Khudai Say..",Gulnar,1953,Master Ghulam Haider,Qateel Shafai,Fazal Hussain,
"Giri Bijli, Jala Phir Aashiyana Ab Kidhar Jayen..",Khizan Kay Baad,1955,Hassan Latif,Tufail Hoshiarpuri,Zubaida Khanum,
"Gori Ghunghat Ki Oht Muskaye, Khari Ball Khaye..",Kunvari Beva,1956,Fateh Ali Khan,Fyaz Hashmi,Ahmad Rushdi,
"Gori Gori Chandni Mein, Sanwli Saloni, Ayi Hay Raat..",Sardar,1957,G.A. Chishti,Ahmad Rahi,Zubaida Khanum,
"Gori Gori, Banki Chhori..",Sitaron Ki Dunya,1958,Zafar Khursheed,?,Munir Hussain,
"Gori, Dulha Say Akhain Mila Kay, Apnay Saajan Say Tu..",Muskarahat,1959,Hameed Jazib,Mushir Kazmi,Zubaida Khanum & Co.,
"Gori, Gori, Ho Gaon Ki Chhori, Samaa Hay Suhana..",Neya Dour,1958,Tasadduq Hussain,Qateel Shafai,Munir Hussain,
"Gori, Sun Lo, Yeh Baat, Ja Kay Na Aye Gi Pyar Ki Raat..",Vah Ray Zamanay,1958,Ghulam Nabi,Fyaz Hashmi,Ahmad Rushdi,
"Guzar Geye Hayn Woh Pyar Kay Din, Ujar Geya Hay Chamman..",Apna Paraya,1959,Saif Chughtai,Munir Jeelani,Naheed Niazi,
"Guzarti Hay Jo Hey, Kaisay Batayen, yeh Aansoo, Yeh Ahen..",Eid,1951,?,?,Zeenat Begum,
"Haal Meray Dil Ka, Koi Un Ko Bataye..",Judai,1950,Hassan Latif,Tanvir Naqvi,Pukhraj Pappu,
Ham Bad-Naseeb Rahi Bichhray Hayn Karwan Say..,Laila Majnu,1957,Rasheed Attray,Tanvir Naqvi,?,
Ham Bhi Aawara Panchhi Aur Tum Bhi Aawara..,Aakhri Nishan,1958,Rehman Verma,Mushir Kazmi,Naheed Niazi,
"Ham Bhi Razi Tum Bhi Razi, Kar Lay Jo Karta Hay Qazi..",Hameeda,1956,Safdar Hussain,Qateel Shafai,Saleem Raza,
"Ham Bhi Razi, Tum Bhi Razi, Keh Lay Jo Kehta Hay Qazi..",Chhoti Begum,1956,Tasadduq Hussain,Qateel Shafai,Kousar Parveen,
Ham Deevanay To Rooth Geye Deevanay..,2 Kinaray,1949,Fateh Ali Khan,Tufail Hoshiarpuri,Ameer Bai,
"Ham Dono Ko Taqdeer Nay Loota, Rahi O Rahi..",Barkha,1953,Tufail Farooqi,Mushir Kazmi,Zahida Parveen,
"Ham Hayn Ham, Himmat Walay, Mehnat Walay Ham..",Deevar,1954,?,Tanvir Naqvi,Pukhraj Pappu,
"Ham Kehnay Peh Majboor Huway, Gham Ka Fasana..",Ghairat,1951,Talib Hussain Jafri,Muzaffar Tahir,Iqbal Leylpuri,
"Ham Kidhar Jaen, Qismat Kay Maray, Lut Geye Zindagi Kay Saharay..",Daata,1957,Tasadduq Hussain,Qateel Shafai,Kousar Parveen,
"Ham Kisi Kay Ho Geye, Koi Hamara Ho Geya..",Hamari Basti,1950,Feroz Nizami,Mushir Kazmi,Pukhraj Pappu,
Ham Ko To Gardash-e-Halat Peh Rona Aya..,Naveli,1952,?,Saifuddin Saif,Ali Bakhsh Zahoor,
Ham Lay Chalay Hayn Dil Ka Shikar Kar Kay..,Shikar,1956,Asghar Ali,Hafeez Jalandhri,Madhu Almas,
Ham Laye Hayn Toofan Say Kashti Nikal Kay..,Bedari,1957,Fateh Ali Khan,Khawar Zaman,Saleem Raza,
Ham Nay Jo Mohabbat Ki Un Say..,Changez Khan,1958,Rasheed Attray,Behzad Lakhnavi,Kousar Parveen,
"Ham Nay Tum Say Pyar Kiya Hay, Ulfat Ka Iqrar Kiya Hay..",Alam Ara,1959,Rehman Verma,Shabab Keranvi,Naheed Niazi,
"Ham Pas Bhi Reh Kar Rahay Balma, Khud Hi Tujh Say Door..",2 Kinaray,1949,Fateh Ali Khan,Tufail Hoshiarpuri,Munawar Sultana,
Ham Pi Kay Nagarya Say Kuchh Lay Kay Nahin Aye..,2 Aansoo,1950,Mubarak Ali Khan,Talib Badayuni,Munawar Sultana,
"Ham Pyar Kisi Say Kar Baithay, Ham Apni Ulfat Ka Izhar..",Shohrat,1957,Rasheed Attray,Tufail Hoshiarpuri,Zubaida Khanum,
"Ham Riksha Walon Ki Dunya, Dunya Say Nirali..",Maska Polish,1957,Deebo,Fida Yazdani,Ahmad Rushdi,
"Ham Sada Rahen Hamjoli, Neel Gagan Par Ham Tum Dono..",Shola,1952,Fateh Ali Khan,Taj Chodhary,Zeenat Begum,
Ham Say Khul Jao BaWaqt MehParasti Ek Din..,Thandi Sarak,1957,Mohammad Ali Munnu,Mirza Ghalib,Zubaida Khanum,
Ham Tumhara Pyar Mein Tarpata Rahay Ga..,Patay Khan,1955,Akhtar Hussain Akhian,Hazin Qadri,Zubaida Khanum,
"Ham Tumharay Huway, Tum Hamaray Huway..",Shararay,1955,Feroz Nizami,Tanvir Naqvi,?,
Hamara Jurm To Akhir Hamen Batla Diya Hota.. Tarapati Hayn..,Chhoti Begum,1956,Tasadduq Hussain,Qateel Shafai,Kousar Parveen,
"Hamari Gali Aana, Aana, Aana, Bana, Tana..",Miss 56,1956,G.A. Chishti,Wali Sahib,Munawar Sultana,
Hamari Hi Mohabbat Nay Hamen Barbard Kar Dala..,Dil Mein Tu,1958,Manzoor,Sardar Adeeb,?,
"Hamen Chhor Na Jana Jee, Munh Mor Na Jana Jee..",Teri Yaad,1948,Inayat Ali Nath,Saifuddin Saif,Munawar Sultana,
"Hamen Maar Dalo, Magar Holay Holay..",Miss 56,1956,G.A. Chishti,Wali Sahib,Munawar Sultana,
"Hamen Taqleed-e-Ibrahim Ki Toufiq Day, Ya Rabb..",Darbar-e-Habib,1956,Rehman Verma,?,Inayat Hussain Bhatti,
"Hamen To Intezar Tha, Sara Chaman Bol Raha Hay Papiha..",Teri Yaad,1948,Inayat Ali Nath,Saifuddin Saif,Asha Poslay,
"Hamin Say Bolo, Babul Pyaray, Sang Hamray, Dukh Sukh Kaho..",Anjaam,1957,A. Hameed,Mushir Kazmi,Pukhraj Pappu,
"Hansi Hansi Mein Tum Rootho Na, Rang Barangi Kalian, Ho..",Sahara,1959,Mohammad Ali Munnu,Sardar Adeeb,Munawar Sultana,
"Hansnay Kay Zamanay Hayn, Yeh Hansanay Kay Zamanay..",Hamari Basti,1950,Feroz Nizami,Mushir Kazmi,Pukhraj Pappu,
"Hansnay Ki Tamanna Thi, Aansoo Nikkal Aye..",Kundan,1950,Lal Mohammad Sabri,Qateel Shafai,Ali Bakhsh Zahoor,
"Har Ek Baat Peh Kehtay Ho Tum Keh Tu Kya Hay, Tum Hi Kaho..",Ghalt Fehmi,1950,Inayat Ali Nath,I.A. Nazish,Asha Poslay,
"Har Ek Majnu Laila, Hey, Har Ek Ranjha Heer..",Maska Polish,1957,Deebo,Fida Yazdani,?,
"Har Ek Sahara Chheen Liya, Taqdeer Nay Ham Dukhyaron Say..",Khul Ja Sim Sim,1959,Tufail Farooqi,Habib Jalib,Munawar Sultana,
"Har Qadam Par Sitam, Har Ghari Gham Hi Gham..",Hameeda,1956,Safdar Hussain,Qateel Shafai,Kousar Parveen,
"Har Raat Poochhtay Hayn, Yeh Chand, Yeh Sitaray..",Kunvari Beva,1956,Fateh Ali Khan,Tufail Hoshiarpuri,Zubaida Khanum,
"Har Tamanna, Har Khushi Barbad Hay, Zindagi Sharminda Hay..",BeGunah,1958,Mian Shehar Yaar,Ashur Kazmi,Zubaida Khanum,
"Hatt Jao, Main Tum Say Na Bolun Ray, Kahay Ko Chherta Hay..",Nagin,1959,Safdar Hussain,Qateel Shafai,Kousar Parveen,
"Hatto Bacho, Hatto Bacho, Sarkar Husn Ki Aati Hay..",Sassi,1954,G.A. Chishti,Aziz Meeruti,Pukhraj Pappu & Co.,
"Hawa Mujh Ko Chheray, Faza Gudgudaye, Jo Guzri Hay..",Rukhsana,1958,Rasheed Attray,Shadab,Zubaida Khanum,
Hay Aarzoo Keh Guzray Sunday Teri Gali Mein..,Kunvari Beva,1956,Fateh Ali Khan,Tufail Hoshiarpuri,Inayat Hussain Bhatti,
"Hazaron Gham, Akelay Ham Kya Karen Aur Kidhar Jayen..",Naghma-e-Dil,1959,G.A. Chishti,Tufail Hoshiarpuri,Iqbal Bano,
"Hey Hej Ray Badlo, Rim Jhim, Bars Bars Kay..",Barkha,1953,Tufail Farooqi,Mushir Kazmi,Munawar Sultana,
"Hey Hey Hey, Yeh Zamana Kar Day Deevana..",Shama,1959,Hassan Latif,Tanvir Naqvi,Saleem Raza,
"Hey Jawani Aa Gei, Kamar Mori Bal Kha Gei..",Barkha,1953,Tufail Farooqi,Mushir Kazmi,Pukhraj Pappu,
Hey Meri Majboor Jawani..,Ishq-e-Laila,1957,Safdar Hussain,Qateel Shafai,Zubaida Khanum,
"Hey Ni Bagar Billo, Chal Teri Angrezi Ni Billo..",Ghalt Fehmi,1950,Inayat Ali Nath,I.A. Nazish,Asha Poslay,
"Hey, Dil-e-BeQarar, Koi Nahin Ghamgusar, Hey Dil-e-Beqarar..",Toofan,1955,G.A. Chishti,Saifuddin Saif,Kousar Parveen,
"Himmat Say Kaam Lay, Patwar Ko Tham Lay..",Masoom,1957,Master Inayat Hussain,Qateel Shafai,Zubaida Khanum,
"Ho Babu Jee, Dil Lena Buhat Asan Hay, Dil Dena Buhat Mushkil..",Ghulam,1953,Master Ghulam Haider,Qateel Shafai,Munawar Sultana,
"Ho Belia, Tu Nay Hans Hans Kay Mera Dil Lay Liya..",Sardar,1957,G.A. Chishti,Aziz Meeruti,Zubaida Khanum,
"Ho Chuka Intezar, Ronay Day A Dil..",Murad,1957,Safdar Hussain,Qateel Shafai,Iqbal Bano,
"Ho Chuki Hay Ranj-o-Gham Ki Inteha, Al-Madad A Malik..",Soteli Maa,1956,G.A. Chishti,Qateel Shafai,Munawar Sultana,
"Ho Geya Ishq Mein Teray Apna Patia Gol, Chhor Ray Ghusa..",Baghi,1956,Rehman Verma,A.K. Musarrat,Inayat Hussain Bhatti,
"Ho Geyi Kalejwa Kay Par, Najjar Tori, Sanwariya..",Ruhi,1954,Rasheed Attray,Tufail Hoshiarpuri,Najam Ara,
"Ho Ho, Lagay Kisi Say Nain, Luta Meray Dil Ka Sukh Chain..",Khatoon,1955,Rasheed Attray,Tufail Hoshiarpuri,Zubaida Khanum,
"Ho Jis Kay Pallay, Woh Laye, Sab Dunya Say Mil Kar Khaye..",Aaj Kal,1959,?,Munir Niazi,Saleem Raza & Co.,
"Ho Main Jaun Kahan, Heye Be-Dard Jahan..",Tarrap,1953,Asghar Ali,Hazin Qadri,?,
"Ho Mubarak Ghari Yeh Suhani, Aya Hay Chanda Jaisa Lal..",Alam Ara,1959,Rehman Verma,Mushir Kazmi,Naseem Begum,
"Ho Nikhri Nikhri Chandni, Bighra Bikhra Balia..",Lalkar,1959,Akhtar Hussain Akhian,Hazin Qadri,Zubaida Khanum,
"Ho Sanwaria Ho, Kali Badaria, Chhai Ray Sanwaria..",Barkha,1953,Tufail Farooqi,Mushir Kazmi,Munawar Sultana & Co.,
"Ho, Dil Jala Na Dil Walay, Ankhen Utha Lay, Nazren Mila Lay..",Koel,1959,Khawaja Khursheed Anwar,Tanvir Naqvi,Zubaida Khanum,
"Honto Peh Lali Hay, Chal Matwali Hay..",Savera,1959,Manzoor,Fyaz Hashmi,Naheed Niazi,
"I Love You, Very Much..",Miss 56,1956,G.A. Chishti,Wali Sahib,Munawar Sultana,
"Idhar Dekhtay Hayn, Udhar Dekhtay Hayn..",Gulnar,1953,Master Ghulam Haider,Tanvir Naqvi,Fazal Hussain & Co.,
"Ik Albela Pardesi, Dil Mein Sama Geya Hay..",Jhoomar,1959,Khawaja Khursheed Anwar,Tanvir Naqvi,Naheed Niazi,
"Ik Baat Sunati Hun, Kisi Say Na Kehna..",Miss 56,1956,Vinod (Indian),D.N. Madhok (Indian),Geeta Dutt (Indian singer),
"Ik Bar Sun Lo, Ahon Ki Iltejaen..",Sabira,1956,Safdar Hussain,Tufail Hoshiarpuri,Kousar Parveen,
Ik Bewafa Kay Dil Ka Armaan Ban Kay Aye..,Karnama,1956,Nathu Khan,Bezar Sarhadi,Ahmad Rushdi,
"Ik Bhool Samjh Kar Ham, Dil Ki Ulfat Ka Zamana Bhool Geye..",Bharosa,1958,A. Hameed,Habib Jalib,Munir Hussain,
"Ik Choar Ik Lutera, Bus Kar Meri Nazar Mein Dil Lay Geya..",Sarfarosh,1956,Rasheed Attray,Tufail Hoshiarpuri,Munawar Sultana,
"Ik Chot Lagi Hay Seenay Mein, Ik Teer Jiggar Kay Paar Bhi Hay..",Sohni,1955,Feroz Nizami,Qateel Shafai,Iqbal Bano,
"Ik Dard Sa Dil Mein Uthta Hay, Jab Yaad Tumhari Aati Hay..",Jallan,1955,Mohammad Ali Munnu,Shabab Keranvi,Inayat Hussain Bhatti,
"Ik Dil Hay Aur Gahak Itnay, Karay Jo Danga, Wohi Lafanga..",Neend,1959,Rasheed Attray,Tanvir Naqvi,Zubaida Khanum,
"Ik Dunya Basi, Bas Kay Ujri, Ik Ban Kay Sahara Toota Geya..",Barkha,1953,Tufail Farooqi,Mushir Kazmi,Munawar Sultana,
"Ik Gham Hay Tera, Baqi Ik Bairi Zamana Hay..",2 Kinaray,1949,Fateh Ali Khan,Tufail Hoshiarpuri,?,
Ik Gham Kay Siwa Is Dunya Mein Ab Aur..,2 Aansoo,1950,Mubarak Ali Khan,Hazin Qadri,Ustad Barkat Ali,
"Ik Halki Halki Aahat Hay, Ik Halka Halka..",Ishq-e-Laila,1957,Safdar Hussain,Qateel Shafai,Iqbal Bano,
"Ik Khail Ka Dunya Naam Hay, Kahin Dhoop Aur Kahin Sham Hay..",Mazloom,1959,Tufail Farooqi,?,Saleem Raza,
"Ik Nazar Mein Dil Day Baithay, Pehlay Main, Phir Aap..",Soteli Maa,1956,G.A. Chishti,Qateel Shafai,Zubaida Khanum,
"Ik Neyi Zindagi, Ik Neyi Dastan, Aarzoun Nay Li Angrai..",Parvaz,1954,Rafiq Ghaznavi,Ahmad Rahi,Fazal Hussain,
"Ik Shehri Babu Aya, Naino Mein Samaya..",Hamari Basti,1950,Feroz Nizami,Mushir Kazmi,Pukhraj Pappu,
Ik Shoukh Nigahon Walay Nay Meray Dil Kay Taar Chher Kar..,Nigar,1957,Tasadduq Hussain,Naeem Hashmi,Kousar Parveen,
"Ik Talk Karun, 100 Talk Karo, Teri Meri Nei Nibhni..",Ghalt Fehmi,1950,Inayat Ali Nath,I.A. Nazish,Asha Poslay,
Ik Teri Zindagi Ka Kya Saaz Hay..,Murad,1957,Safdar Hussain,Qateel Shafai,Zubaida Khanum,
In Chandni Raton Mein Sulagti Hay Jawani..,Intekhab,1955,Feroz Nizami,?,Mrs. Dastoor,
In Haseeno Par Ham Jab Say Marnay Lagay..,Alam Ara,1959,Rehman Verma,Shabab Keranvi,Munir Hussain,
"Is Dil Ki Khata Kya Hay, Batla Kay Chalay Jana..",Naveli,1952,?,Saifuddin Saif,Naseem Akhtar,
"Is Dil Ko Apna Ghar Samjho, Apnay Ghar Mein Aa Jao Jee..",2 Aansoo,1950,Mubarak Ali Khan,Talib Badayuni,Allauddin,
"Is Dil Ko Dil Mein Rakhna, Dil Lay Kay Janay Walay..",Naghma-e-Dil,1959,G.A. Chishti,Tufail Hoshiarpuri,Munir Hussain,
Is Dil Ko Tu Nay Dunya Say Begana Kar Diya..,Eid,1951,?,?,Zeenat Begum,
Is Dunya Mein Koi Pyar Ka Naam Na Lay..,Gulshan,1959,Feroz Nizami,Qateel Shafai,Naheed Niazi,
"Is Jahan Say Dil Laga Kay Daikh Lay, Gham Bhula Kay..",Aadmi,1958,Muslehuddin,Tanvir Naqvi,Naheed Niazi,
"Is Tootay Dil Ka Afsana, Ham Tum Ko Sunanay Aye Hayn..",Shohrat,1957,Rasheed Attray,Tufail Hoshiarpuri,Kousar Parveen,
Ja Kar Basa Hay Kon Say Zalim Dyar Mein..,Karnama,1956,Nathu Khan,Bezar Sarhadi,Nazir Begum,
"Ja Ray Ja Piya, Ja Ja, Tujhay Muaf Kiya..",Wehshi,1956,Tufail Farooqi,Mushir Kazmi,Zubaida Khanum,
Jaag Paren Chand Tallay Beeti Jawaniyan..,Aakhri Dao,1958,Master Ashiq Hussain,Sikkedar,Naseem Begum & Co.,
"Jaag Soz-e-Ishq Jaag, Mousam Purbahar Hay..",Naghma-e-Dil,1959,G.A. Chishti,Tufail Hoshiarpuri,Munir Hussain,
"Jaag Soz-e-Ishq Jaag, Mousam Purbahar Hay (slow)..",Naghma-e-Dil,1959,G.A. Chishti,Tufail Hoshiarpuri,Munir Hussain,
"Jaag, Taqdeer Ko Jaga Lun Gi, Saray Dukh Dard Bhool Jaun Gi..",Aadmi,1958,Master Ashiq Hussain,Tanvir Naqvi,Naheed Niazi,
"Jaag, Taqdeer Ko Jaga Lun Gi, Saray Dukh Dard Bhool Jaun Gi (2)..",Aadmi,1958,Master Ashiq Hussain,Tanvir Naqvi,Naheed Niazi,
"Jab Dil Say Dil Mil Jata Hay, Seenay Mein Tees Uthata Hay..",Aavaz,1953,Hassan Latif,Qateel Shafai,Munawar Sultana,
"Jab Pyar Kisi Peh Aata Hay, Dil Chupkay Chupkay Gata Hay..",Thandi Sarak,1957,Mohammad Ali Munnu,Shabab Keranvi,Zubaida Khanum,
"Jab Say Teri Angraian, Daal Geyin Parchhaian..",Sitaron Ki Dunya,1958,Zafar Khursheed,Majruh Sultanpuri,Ahmad Rushdi,
"Jab Tak Keh Sanam, Meray Dam Mein Dam, Mujhay Teri Sanam..",Bharosa,1958,A. Hameed,Tanvir Naqvi,Saleem Raza,
Jab Yaad Kisi Ki Tarpaye Aur Apnay Aap Dil Bhar Aye..,Jhoomar,1959,Khawaja Khursheed Anwar,Tanvir Naqvi,Naheed Niazi,
Jadoo Bharay Naina Maar Geye Teray..,Ilzam,1953,Asghar Ali,Abdul Majeed Bhatti,Pukhraj Pappu,
Jago Hua Savera..,Jago Hua Savera,1959,Tamar Barn,Faiz Ahmad Faiz,Rahat Ghaznavi,
Jahan Walay Jal Jal Kay Martay Rahen Gay..,Mirza Sahiban,1956,Khawaja Khursheed Anwar,Tufail Hoshiarpuri,Zubaida Khanum,
"Jaib Bhi Khali, Pait Bhi Khali, Bhookay Shor Machatay Hayn..",Aaj Kal,1959,?,Munir Niazi,Irene Parveen,
"Jala Kay Mera Ashiyan, Tarap Rahi Hay Bijlian..",Raat Ki Baat,1954,Master Inayat Hussain,Saifuddin Saif,?,
"Jall Bujhay Yeh Jahan, Yeh Zamin Aasman..",Apna Paraya,1959,Saif Chughtai,Munir Jeelani,Saleem Raza,
"Jaltay Hayn Armaan, Mera Dil Rota Hay..",Anar Kali,1958,Rasheed Attray,Tanvir Naqvi,Noorjahan,
"Jalti Hay Na Bujhti Hay, Kya Aag Lagai Hay..",Toofan,1955,G.A. Chishti,Saifuddin Saif,Pukhraj Pappu,
"Jam Jam Jambuhli Gani, Taron Ki Chhaon Tallay..",Mujrim,1954,Tufail Farooqi,Ahmad Rahi,Kousar Parveen,
"Janab Ghous-ul-Azam, Ya Mohayuddin Jeelani..",Darbar-e-Habib,1956,Hassan Latif,?,Inayat Hussain Bhatti,
"Janay Day.. Dil Mein Jo Aata Hay, Kar Lainay Day..",Inteqam,1955,Master Inayat Hussain,Saifuddin Saif,Zubaida Khanum,
Janay Kis Ka Hay Abhi Tak Intezar..,Harjai,1952,Fateh Ali Khan,?,?,
"Janay Na Dun Gi, Apnay Balma Ko Main, Janay Na Dun Gi..",Ruhi,1954,Rasheed Attray,Tufail Hoshiarpuri,Najam Ara,
"Janay Na Dun Gi, Main Janay Na Dun Gi..",Zehr-e-Ishq,1958,Khawaja Khursheed Anwar,Qateel Shafai,Kousar Parveen,
"Janay Walay Aa, Lay Kay Dil Ki Khushi, Pyar Ki Zindagi..",Lakhpati,1958,Masoom Rahim,Tajammal Sehrai,Nazir Begum,
"Janay Walay, Soch Raha Hay Kya, Aayun Aayun, Tik Tik..",Aaj Kal,1959,?,Tanvir Naqvi,Naheed Niazi,
"Jao Jao Jee, Yaad Na Aao Jee, Ham Ko Yun Na Tarpao Jee..",Eid,1951,?,?,Zeenat Begum,
"Jashn-e-Mehtab Hay, Yeh Jashn-e-Mehtab Hay..",Nigar,1957,Tasadduq Hussain,Naeem Hashmi,Fazal Hussain & Co.,
"Jawani Ki Raaten, Jawani Kay Din, Kitnay Hayn Saray, Ungli Peh Gin..",Intezar,1956,Khawaja Khursheed Anwar,Qateel Shafai,Kousar Parveen & Co.,
"Jawani Mein Meri Sarkar, Dil Bas Mein Nahin Rehta..",Bheegi Palken,1952,Master Ghulam Haider,Tufail Hoshiarpuri,Ali Bakhsh Zahoor,
"Jawani Shama Banay Ya Parwana, Qismat Mein..",Anokhi Dastan,1950,G.A. Chishti,?,Munawar Sultana,
"Jee, Aaj Yeh Kaisa Kahwab Suhana Jhalak Raha Hay..",Ilteja,1955,Gul Haidar,Qateel Shafai,Munawar Sultana,
Jeenay Ka Maza Lay Lay Pehlu Mein Agar Dil Hay..,Sassi,1954,G.A. Chishti,Aziz Meeruti,Kousar Parveen,
"Jeewan Kay Safar Mein Rahi, Jab Mil Kay Bichhar Jatay Hayn..",Anokhi,1956,Timir Baran,Fyaz Hashmi,Zubaida Khanum,
"Jhank Rahi Hay, Chanda Ki Chilmen Say Chandni, Tera Mera Pyar..",Chhoti Begum,1956,Tasadduq Hussain,Qateel Shafai,Kousar Parveen,
"Jhannan Jhannan, Jhanan Jhankhaun, Chhun Chhun Nachun..",Naghma-e-Dil,1959,G.A. Chishti,Tufail Hoshiarpuri,Zubaida Khanum,
Jhilmil Jhilmil Gori Nay Mathay Peh Jhoomar Pehna Hay..,Mirza Sahiban,1956,Khawaja Khursheed Anwar,Qateel Shafai,Zubaida Khanum & Co.,
"Jhilmilanay Laga Zindagi Ka Diya, Meray Malik..",Masoom,1957,Master Inayat Hussain,Qateel Shafai,Naheed Niazi,
"Jhoola Jhalao Ri, Ambwa Ki Dali Peh Jhoolna Jhalao Ri..",Sabira,1956,Safdar Hussain,Tufail Hoshiarpuri,Kousar Parveen & Co.,
"Jhoom Chhaka, Jhoom Chhaka, Aao Raqs Karen Aur Gaen..",Changez Khan,1958,Rasheed Attray,Shad Amratsari,Kousar Parveen,
"Jhoom Jhoom Kar Gaye Jawani, Dil Lay Lo..",Waada,1957,Rasheed Attray,Tufail Hoshiarpuri,Zubaida Khanum,
"Jhoom Jhoom Kar Mast Hawaen, Amrat Rass Barsaen..",Harjai,1952,Fateh Ali Khan,?,?,
"Jhoomay, Jhoomay, Dekho Yeh Nazaray, Tum Jo Chali Ho..",Neya Zamana,1958,Tasadduq Hussain,Majruh Sultanpuri,Kousar Parveen,
Jhoomti Jawani Ko Mushkil Hay Thamna..,Baghi,1956,Rehman Verma,Mushir Kazmi,Munawar Sultana & Co.,
"Jhoota Hay Pyar Tera, Jhootay Iqrar Teray..",Mandi,1956,Rafiq Ghaznavi,Mushir Kazmi,Khursheed,
"Jhuk Jhuk Karen Salam, Sabhi Ko Jhuk Jhuk..",Ghairat,1951,Talib Hussain Jafri,Tanvir Naqvi,Iqbal Leylpuri,
"Jidhar Qadam Barhayen Gay, Jidhar Nazar Uthayen Gay..",Karnama,1956,Nathu Khan,Bezar Sarhadi,Ahmad Rushdi,
Jiggar Ki Aag Say Is Dil Ko Jalta Dekhtay Jao..,Dupatta,1952,Feroz Nizami,Arsh Lakhnavi,Noorjahan,
"Jis Din Say Piya Dil Lay Geye, Dukh Day Geye..",Intezar,1956,Khawaja Khursheed Anwar,Qateel Shafai,Noorjahan,
"Jisay Dekho, Wohi Dushman Hay Meray Ashiyanay Ka..",Hichkolay,1949,Master Inayat Hussain,Saifuddin Saif,Munawar Sultana,
"Jiya Dharkay Sakhi Ri Jor Say, Jee Ayi Mil Kay Balam Chitchor Say..",Neend,1959,Rasheed Attray,Tanvir Naqvi,Noorjahan,
Jiya Jhalay Aur Dhuwan Na Howay..,Gumnam,1954,Master Inayat Hussain,?,Kousar Parveen,
"Jiya Mora, Jhoom Jhoom Gaye, Balam Jee, Jhoom Jhoom Gaye..",Ilteja,1955,Gul Haidar,Qateel Shafai,Munawar Sultana,
"Jiya Nachay, Umang Bhari Raat Mein, O Tujhay Loot Liya..",Pehla Qadam,1958,Ghulam Nabi,?,Madhu Almas,
"Jiyara Lehraye, Nazar Sharmaye, Suhanay Din Aye..",Chhoti Begum,1956,Tasadduq Hussain,Qateel Shafai,Kousar Parveen,
Juda Ho Kay Mujh Say Jo Tum Ja Rahay Ho..,Darbar,1958,Rehman Verma,Atish Ludhyanvi,Zubaida Khanum,
Jug Jug Geo Ray..,Wehshi,1956,Tufail Farooqi,Mushir Kazmi,Kousar Parveen,
"Kaaba Na Sahi, Butt Khana Sahi, Tujhay Dhoond Hi Len Gay..",Laila Majnu,1957,Rasheed Attray,Tanvir Naqvi,Munir Hussain,
"Kab Raat Katay Gi, Kab Ho Ga Savera..",Neya Zamana,1958,Tasadduq Hussain,Nusrat Mansoori,Kousar Parveen,
Kab Tak Na Suni Jaye Gi Faryad Hamari..,Shahida,1949,Master Ghulam Haider,Hakeem Ahmad Shujaa,Munawar Sultana,
"Kab Tak Raho Gay Aakhir, Ajji Yun Door Door Ham Say..",Chhoti Begum,1956,Tasadduq Hussain,Qateel Shafai,Kousar Parveen,
"Kabhi Ruk Na Sakay, Kabhi Jhuk Na Sakay..",Neyi Larki,1958,Hassan Latif,Munir Niazi,Zubaida Khanum,
Kabhi Tum Khawab Mein Hi Surat Dikha Jatay To Kya Hota..,Shahida,1949,Master Ghulam Haider,Hakeem Ahmad Shujaa,Abdul Shakoor Bedal,
Kafa Mafa Kafa Suna Kar QulQul Jawani Teri..,Seestan,1957,Asghar Ali,Mushir Kazmi,Kousar Parveen,
"Kahan Jayen, Kidhar Jayen, Nahin Hay Aasra Koi..",Rukhsana,1958,Rasheed Attray,Tufail Hoshiarpuri,Naseem Begum,
"Kahan Tak Suno Gay, Kahan Tak Sunaun..",Anar Kali,1958,Rasheed Attray,Tanvir Naqvi,Noorjahan,
"Kahay Ko Jalana Dil Ko, Chhoro Bhi, Gham Kay Khayyal Say Dekho..",Bara Aadmi,1957,Ghulam Nabi,Kaleem Usmani,Mubarak Begum,
"Kahay Ko Mann Haray, Banwray, Kahay Ko Mann Haray..",Pinjra,1951,Talib Hussain Jafri,?,Iqbal Leylpuri,
Kahay Ko Preet Karay Ham Say..,Aakhri Dao,1958,Master Ashiq Hussain,Sikkedar,Iqbal Bano,
"Kahay Sharm Kay Maray Teri Chup Hay Zaban, Gori..",Mumtaz,1958,Mian Shehar Yaar,Liaqat Sehbai,Naseem Begum,
"Kahin Tootay Na Bachpan Ka Pyar, Sakhi, Hamen Bhool Na Jana..",Eid,1951,?,?,Munawar Sultana,
"Kaho Yeh Kis Nay Ankh Milai, Jawani Jhoom Jhoom Lehrai..",Hichkolay,1949,Master Inayat Hussain,Saifuddin Saif,Iqbal Begum,
"Kaisa Naseeb Lai Thi, Gulshan-e-Rozgar Mein..",Jan-e-Bahar,1958,Rasheed Attray,Qateel Shafai,Noorjahan,
"Kaisay Kahun Main, Al-Widaa, Jaun Kahan Main, Kya Karun..",Baghi,1956,Rehman Verma,Mushir Kazmi,Zubaida Khanum,
"Kaisay Karay Gi Zindagi, Gham Tera Gawara..",Judai,1950,Hassan Latif,Tanvir Naqvi,Raza,
"Kaisi Rangeeli Raat Ayi, Nachay Mora Mann Harjai..",BeGunah,1958,Mian Shehar Yaar,Ashur Kazmi,Naseem Begum,
"Kal Tak To Ek Thay, Aaj Banay 2, Do Say 3 Ban Jayen, Aisa Jadoo Ho..",Pasban,1957,Rasheed Attray,Ghulam Rabbani,Zarif,
"Kala Bhi Achha Hay, Gor Bhi Achha Hay..",Wehshi,1956,Tufail Farooqi,Mushir Kazmi,Zubaida Khanum,
"Kalay Baadal Aaye, Pegham Khushi Kay Laye..",Naveli,1952,?,Saifuddin Saif,Naseem Akhtar,
"Kali Kali Ghata Chha Rahi Hay, Mehki Mehki Hawa Aa Rahi Hay..",Amanat,1950,Nazir Jafri,Saifuddin Saif,Khursheed,
"Kaliyan Khili Hayn Ban Ban Mein, Teri Yaad Basi Hay Meray Man Mein..",Nigar,1957,Tasadduq Hussain,Naeem Hashmi,Kousar Parveen,
"Kamli Walay Piya, Hay Khuda Ka Siwa Bas Tera Aasra..",Gumrah,1959,G.A. Chishti,Ahmad Rahi,Zubaida Khanum & Co.,
"Kanton Mein Bhi Nach Nach, Ham Chaltay Hayn Matwalay..",Vah Ray Zamanay,1958,Ghulam Nabi,?,Muzaffar & Co.,
"Kar Kay Mohay Bawri, Na Ja Ray Sayyan..",Bharosa,1958,A. Hameed,Tanvir Naqvi,Munir Hussain,
"Kar Lo Aapas Mein Pyar, Jawani Aati Hay Ek Bar..",Gulshan,1959,Rasheed Attray,Qateel Shafai,Naheed Niazi,
"Kar Sari Khataen Muaf Meri, Teray Darr Peh Aan Gira..",Daata,1957,Tasadduq Hussain,Qateel Shafai,Saleem Raza,
Karen Gay Jee Bhar Kar Jahan Mein Kya..,Bharosa,1958,A. Hameed,Tanvir Naqvi,Naheed Niazi,
"Kehta Hay Zamana Tujhay Dildar, Ham Bhi Hayn Teray Husn Kay Beimar..",Hatim,1956,Safdar Hussain,Qateel Shafai,Saleem Raza,
"Kehti Hay Dunya, Dhalkay Na Anchal, Matkay Na Kajal..",Mehbooba,1953,Master Inayat Hussain,Tanvir Naqvi,?,
"Kehti Hay Mohabbat, Mujhay Apna Na Banana..",Shammi,1950,Master Inayat Hussain,?,?,
"Khamosh, Dil-e-Nashad, Na Kar Faryad, Keh Tu Azad Nahin Hay..",Khul Ja Sim Sim,1959,Tufail Farooqi,Habib Jalib,Naseem Begum,
"Khatay Hayn Khat, Uthana, Zara Dekh Bhal Kay..",Amanat,1950,Nazir Jafri,Saifuddin Saif,Salma Begum,
"Kheil Kheil Kheil, Piya, Nazron Ka Kheil Ray..",Anokhi,1956,Timir Baran,Fyaz Hashmi,Zubaida Khanum,
"Khel Bigar Geye Banay Banaye, Is Qismat Ko Kya Kahiye..",Ilzam,1953,Asghar Ali,Naeem Hashmi,Pukhraj Pappu,
"Khel Dunya Mein Aa Kay Dekh Lay, Dunya Walay..",Deevar,1954,?,Tanvir Naqvi,?,
"Khelan Ka Yehi Zamana, Khel Khel Yeh Phir Nahin Aana..",Beli,1950,Rasheed Attray,Nazim Panipati,Munawar Sultana,
Khil Geye Meray Chamman Mein Phool Bahar Kay..,Tamanna,1958,Hassan Latif,Qateel Shafai,Zubaida Khanum,
"Khilonay Walay Nay, Kaisay Khilonay Banaye..",Sabira,1956,Safdar Hussain,Tufail Hoshiarpuri,Kousar Parveen,
"Khizan Hans Rahi Hay, Chaman Ro Raha Hay, Zamanay Kay Malik..",Inteqam,1955,Master Inayat Hussain,Saifuddin Saif,Kousar Parveen,
Khoi Manzil Ka Pata Bata Diya Tu Nay..,Rukhsana,1958,Rasheed Attray,Tufail Hoshiarpuri,Naseem Begum,
Khuda Aur Nabi (Saw) Kay Wafadar Banday..,Darbar-e-Habib,1956,Hassan Latif,?,Hafiz Atta Muhammad Qawwal & Co.,
Khuda Ki Azmaton Ka Ik Nishan Hay Khana-e-Kaaba..,Darbar-e-Habib,1956,Rehman Verma,Tufail Hoshiarpuri,Inayat Hussain Bhatti,
Khuda Nay Di Hay Woh Soorat Keh Dekhay Say Qarar Aata Hay..,Tamanna,1958,Hassan Latif,Qateel Shafai,Zubaida Khanum,
"Khushi Ka Dour Aa Geya, Zamana Aur Aa Geya..",Laila Majnu,1957,Rasheed Attray,Tanvir Naqvi,Naheed Niazi,
"Khushion Kay Zamanay Aye, Jiya Lehraye..",Sathi,1959,Fateh Ali Khan,Tufail Hoshiarpuri,Naseem Begum,
Khushiyan Mili Na Gham Bhi Hamen Raas Aa Sakay..,Mumtaz,1958,Mian Shehar Yaar,Liaqat Sehbai,Naseem Begum,
"Kis Ko Sunayen Haal-e-Dil, Koi Bhi Raazdar Nahin..",Amanat,1950,Nazir Jafri,Saifuddin Saif,Naseem Akhtar,
"Kis Ko Sunayen, Gham Ka Fasana, Begana, Hey Bedard Zamana..",Tarrap,1953,Asghar Ali,Munir Jeelani,?,
"Kisay Maloom Tha, Taqdeer Mein Aanshoo Bahana Hay..",Dupatta,1952,Feroz Nizami,Arsh Lakhnavi,Noorjahan,
"Kisay Malum Tha, Taqdeer Yeh Din Bhi Dikhaye Gi..",Chhoti Begum,1956,Tasadduq Hussain,Qateel Shafai,Kousar Parveen,
Kisi Ka Naam Shamil Ho Geya Meri Kahani Mein..,Mehbooba,1953,Master Inayat Hussain,Qateel Shafai,Fazal Hussain,
"Kisi Ka Naam Shamil Ho Geya, Meri Kahani Mein..",Aaghosh,1953,Master Inayat Hussain,Qateel Shafai,Munawar Sultana,
"Kisi Ka Nahin Hay Yeh Zalim Zamana, Jahan Jurm Hota Hay..",Sachai,1949,G.A. Chishti,Tanvir Naqvi,Munawar Sultana,
Kisi Ki Nigahon Nay Kya Keh Diya Baray Pyar Say..,Tarrap,1953,Asghar Ali,Anwar Batalvi,?,
Kisi Ki Yaad Mujh Ko Aa Rahi Hay..,Ham Watan,1951,Pardesi,Maya Devi,Imdad Hussain,
"Kisi Ko Dil Ka Afsana Sunanay Aye Hayn, Lagi Hay Aag Jo..",Naghma-e-Dil,1959,G.A. Chishti,Tufail Hoshiarpuri,Saleem Raza,
Kisi Nay Chupkay Say Muskara Kar Badal Diya Hay Mera Afsana..,Khizan Kay Baad,1955,Hassan Latif,Mushir Kazmi,Zubaida Khanum,
"Kisi Nay Yeh Baqrat Say Ja Kay Poochha, Marz Teray Nazdeek..",Touheed,1958,Khursheed Qais,Moulana Altaf Hussain Hali,Saleem Raza,
Kisi Say Jab Naseebon Kay Sitaray Rooth Jatay Hayn..,Qismat,1956,Feroz Nizami,Tufail Hoshiarpuri,?,
"Kitnay Jall Maren Gay, Kitnay Phansi Charhen Gay..",Haqeeqat,1956,G.A. Chishti,A. Shah,Kousar Parveen,
Kitni Veeran Baharon Nay Tujhay Yaad Kiya..,Amanat,1950,Nazir Jafri,Saifuddin Saif,Naseem Akhtar,
"Kiya Koi Muskaraye, Jab Dil Hi Toot Jaye..",Aas Pas,1957,Akhtar Hussain Akhian,Sahil Farani,Saleem Raza,
"Koi Apni Nishani Day Geya, Dil Lay Geya..",2 Aansoo,1950,Mubarak Ali Khan,Saghar Siddiqi,Munawar Sultana,
"Koi Dekhay Na, Kya Kya Teray Naino Nay..",Aaghosh,1953,Master Inayat Hussain,Tanvir Naqvi,Fazal Hussain,
"Koi Door Bajaye Bansri, Ik Dali Peh Millay 2 Panchhi..",Aakhri Nishan,1958,Rehman Verma,Mushir Kazmi,Naheed Niazi,
"Koi Ja Kay Un Say Kehna, Is Pyar Bharay Dil Mein Tum Dard Ban Kay..",BeQarar,1950,Master Ghulam Haider,Tufail Hoshiarpuri,Munawar Sultan,
"Koi Kaisay Jiye 2 Din Kay Liye, Hansanay Kay Zamanay Aye Thay..",Mandi,1956,Rafiq Ghaznavi,Mushir Kazmi,Khursheed,
"Koi Kaisay Tumhen Samjhaye Ray, Hey Ray Dil Ki Lagi..",Ruhi,1954,Rasheed Attray,?,Najam Ara,
"Koi Kya Samjhay, Koi Kya Janay, Kyun Dard Kay Maray Rotay Hayn..",Ilzam,1953,Asghar Ali,Naeem Hashmi,Pukhraj Pappu,
"Koi Majnu Say Keh Day, Tera Joridar Baitha Hay Dar-e-Jana..",Ghalt Fehmi,1950,Inayat Ali Nath,Arsh Lakhnavi,Nazar,
Koi Mann Peh Meray Chhaye..,Judai,1950,Hassan Latif,Tanvir Naqvi,Pukhraj Pappu,
"Koi Mera Hua, Main Kisi Ki Hui, Chhan Chhana Chhan Bajay..",Mandi,1956,Rafiq Ghaznavi,Mushir Kazmi,Khursheed,
"Koi Sog Hay Faza Mein, Tujhay Kis Tarah Pukaren..",Mehbooba,1953,Master Inayat Hussain,Qateel Shafai,Inayat Hussain Bhatti,
"Koi Surat Nahin A Dil, Keh Gham Ki Raat Dhal Jaye..",Kunvari Beva,1956,Fateh Ali Khan,Tufail Hoshiarpuri,Kousar Parveen,
"Koi Zindagi Ka Sahara Nahin Hay, Akelay Hayn, Koi Hamara Nahin Hay..",Pinjra,1951,Talib Hussain Jafri,?,Iqbal Leylpuri,
Kon Kehta Hay Tera Yeh Jahan Qaim Nahin..,Ishq-e-Laila,1957,Safdar Hussain,Qateel Shafai,Inayat Hussain Bhatti,
"Kon Khariday Ga, Main Beichun Apna Pyar..",Mirza Sahiban,1956,Khawaja Khursheed Anwar,Qateel Shafai,Zubaida Khanum,
"Kuchh Haal Apnay Dil Ka, Diwana Kehnay Aaya Hay..",Haqeeqat,1956,G.A. Chishti,A. Shah,Saleem Raza,
"Kuchh Jan Na Thi, Kuchh Pehchan Na Thi, Ham Un Say Mohabbat..",Pehla Qadam,1958,Ghulam Nabi,?,Nazir Begum,
"Kur Kur Kukrun Kun, Dhingar Whingar, Bach Kay Chalo Jee..",Hamari Basti,1950,Feroz Nizami,Mushir Kazmi,Pukhraj Pappu,
"Kya Haal Hay Ab Dil Ka, Main Dikhla Nahin Sakti..",Hichkolay,1949,Master Inayat Hussain,Saifuddin Saif,Munawar Sultana,
"Kya Janay Kya Armaan Lay Kar, Ham Teri Gali Mein Aa Niklay..",Anar Kali,1958,Master Inayat Hussain,Hakeem Ahmad Shujaa,Noorjahan,
Kya Khabar Thi Keh Dil Toot Jata Hay..,Aaghosh,1953,Master Inayat Hussain,Saifuddin Saif,Fazal Hussain,
"Kya Yaad Suhani Ayi, O Manchlay, Yaad Hay Man Mani..",Teri Yaad,1948,Inayat Ali Nath,Tanvir Naqvi,Asha Poslay,
"Kyun Babul Ka Ghar Chhor Chali, Kyun Sakhion Say Mor Chali..",Sohni,1955,Feroz Nizami,Qateel Shafai,Pukhraj Pappu & Co.,
"Kyun Chheen Liya Mera Pyar, Pyar Mera Wapis Kar Day..",Gulshan,1959,Rasheed Attray,Qateel Shafai,Naseem Begum,
Kyun Hans Rahi Hay Dunya Sun Kar Mera Afsana..,2 Aansoo,1950,Mubarak Ali Khan,Talib Badayuni,Zeenat Begum,
"Kyun Teri Dunya Mein Aye, Dunya Mein Teri Dunya Walay Dekhay..",Qismat,1956,Feroz Nizami,Tufail Hoshiarpuri,Kousar Parveen,
"Kyun Udas Ho Rahay Ho Sham Ki Tarah, Choom Lo Mujhay..",Neend,1959,Rasheed Attray,Qateel Shafai,Noorjahan,
"Lab Peh Meri Hansi Bhi Hay, Ashkon Say Ankh Tar Bhi Hay..",Shararay,1955,Feroz Nizami,Tanvir Naqvi,Munawar Sultana,
"Labbon Mein Geet Pyar Kay, Nazar Mein Ik Saroor Hay..",Tamanna,1958,Hassan Latif,Qateel Shafai,Zubaida Khanum,
"Laga Di Aag Kyun Malik, Hamaray Ashiyanay Mein..",Noukar,1955,G.A. Chishti,Qateel Shafai,Kousar Parveen,
"Laga Lay Aa Zara, Dil Ki Bazi Laga Lay..",Aakhri Dao,1958,Master Ashiq Hussain,Sikkedar,Naheed Niazi,
"Laga Teer Nazron Ka Tarpa Geya, Tumhari Qasm Tum Peh Dil Aa Geya..",Naghma-e-Dil,1959,G.A. Chishti,Tufail Hoshiarpuri,Iqbal Bano,
"Lahu Say Bhari Pyar Ki Dastan Hay, Ajab Yeh Jahan Hay..",Shama,1959,Hassan Latif,Tanvir Naqvi,Saleem Raza,
Laila Laila Pukarun Main Bann Mein..,Ishq-e-Laila,1957,Safdar Hussain,Qateel Shafai,Inayat Hussain Bhatti,
"Laila, Laila, Laila, Afsar-e-Khooban Laila..",Ishq-e-Laila,1957,Safdar Hussain,Qateel Shafai,Zubaida Khanum,
"LaKo Kala.. Maan Bhi Jao, Raat Jati Hay, Do Ijazat..",Khatoon,1955,Rasheed Attray,Tufail Hoshiarpuri,Zubaida Khanum,
"Lal Lal Gaal Say Gaal, Kisi Ki Gaal Peh Kajra..",Shalimar,1956,G.A. Chishti,Tufail Hoshiarpuri,Zubaida Khanum,
"Lar Geye Nain Hamaray, Mehak Rahy Hayn Matwali Kalian..",Toofan,1955,G.A. Chishti,Saifuddin Saif,Pukhraj Pappu,
"Lay Barh Kay Jam Lay Lay, Rangeen Pyam Lay Lay..",Faisala,1959,A. Hameed,Fyaz Hashmi,Kousar Parveen,
"Lay Chal, Lay Chal, Lay Chal, Ab Manjhdar Mein..",Waada,1957,Rasheed Attray,Tufail Hoshiarpuri,Sharafat Ali,
Lay Kay Pyar Ka Pyam Sanwli Saloni Sham Aa Geyi..,Qatil,1955,Master Inayat Hussain,Qateel Shafai,Munawar Sultana,
"Lay Lay Mazay Zindagi Kay, Zindagi Hay Jab Talk..",Aakhri Nishan,1958,Rehman Verma,Atish Ludhyanvi,Zubaida Khanum,
"Lay Pyar Bhara Nazrana, Meray Pyaray Balam..",Gulnar,1953,Master Ghulam Haider,Qateel Shafai,Noorjahan,
"Left, Right, A Chand, Tu Mera Chand Hay..",BeQarar,1950,Master Ghulam Haider,Tufail Hoshiarpuri,Noor Mohammad Charlie,
"Likhay Hayn Fasanay, Mera Ghar Na Ghar Mein Danay..",Sathi,1959,Fateh Ali Khan,Tufail Hoshiarpuri,Munir Hussain,
"Lo Ho Geye Ham Teray, Ham Tarashi Leyi Leyi Leyi..",Gumrah,1959,G.A. Chishti,Ahmad Rahi,Zubaida Khanum,
"Lo Meray Pyaray, Meray Saharay, Dil Yeh Pukaray..",Maska Polish,1957,Deebo,Fida Yazdani,?,
"Lo Phir Samay Suhanay Aa Geye, Moray Mann Say Niklay Aye..",Kundan,1950,Lal Mohammad Sabri,Tanvir Naqvi,Pukhraj Pappu,
"Lo, Chal Diye Woh Ham Ko Tasalli Diye Baghair..",Gulnar,1953,Master Ghulam Haider,Qateel Shafai,Noorjahan,
"Loot Liya Sukh Chain, Bedardi Sayyan Nay..",Shalimar,1956,G.A. Chishti,Sahil Farani,Iqbal Bano,
"Maa, Meri Pyari Maa, Ja Basi Tu Kahan..",Soteli Maa,1956,G.A. Chishti,Qateel Shafai,Munawar Sultana,
"Maan Bhi Jao, Janay Bho Do, O Balam..",Wehshi,1956,Tufail Farooqi,Ahmad Rahi,Munawar Sultana,
"Maan, Maan, Maan, Zamana Hay Jawan, O Sun, Sun, Sun..",Raaz,1959,Feroz Nizami,Tufail Ahmad Jamali,Mubarak Begum,
"Mahalon Mein Sonay Walo, Dil Ki Pukar Sun Lo..",Ilteja,1955,Gul haidar,M. Latif,Munawar Sultana,
"Mahi Ho, Sathi Ho, Teri Rah Mein Naina Bichhaye..",Sathi,1959,Fateh Ali Khan,Tufail Hoshiarpuri,Naseem Begum,
"Mail Jol Ka Mela Hay, Yeh Mail Jol Ka Mela..",Ghairat,1951,Talib Hussain Jafri,Tanvir Naqvi,Salma Begum,
"Main Albeli, Mastani Hun, Sun P Deevanay, Meri Nazar Mein..",BeGunah,1958,Mian Shehar Yaar,Ashur Kazmi,Naseem Begum,
"Main Baghdad Ki Jadoogarni, Jadoo Mera Kaam, Sab Ko Salam..",Pasban,1957,Rasheed Attray,Tanvir Naqvi,Zubaida Khanum,
"Main Ban Patang Urh Jaun Gi, Hawa Kay Sang Lehraun Gi..",Dupatta,1952,Feroz Nizami,Mushir Kazmi,Noorjahan,
"Main Bhi Jawan Hun, Dil Bhi Jawan Hay..",Kunvari Beva,1956,Fateh Ali Khan,Fyaz Hashmi,Nazir Begum,
"Main Bhi Tharki, Tu Bhi Tharki, Sari Dunya Tharki Hay..",Jallan,1955,Mohammad Ali Munnu,Shabab Keranvi,Inayat Hussain Bhatti,
Main Chhupaun Kis Tarah In Aansuon Kay Raaz Ko..,Harjai,1952,Fateh Ali Khan,?,?,
"Main Hun Bahar, Mera Bhanwron Say Hay Pyar..",Seestan,1957,G.A. Chishti,Mushir Kazmi,Kousar Parveen,
"Main Hun Geeton Ki Tan, Mastion Ki Kuman..",Maska Polish,1957,Deebo,Hafiz Amratsari,Nazir Begum,
"Main Hun Mast Pawan, Meray Dil Mein Laggan..",Intekhab,1955,Feroz Nizami,Kaleem Usmani,Kousar Parveen,
"Main Hun Postman, Main Hun Postman..",Amanat,1950,Nazir Jafri,Saifuddin Saif,Allauddin,
"Main Jhoom Jhoom Gaun, Main Ghoom Ghoom Gaun..",Mandi,1956,Rafiq Ghaznavi,Mushir Kazmi,Khursheed,
Main Maalan Ki Chhori Aur Raja..,Pinjra,1951,Talib Hussain Jafri,?,Iqbal Leylpuri,
"Main Nay Haari Bazi Pyar Ki, Zindgani, Jawani..",Maska Polish,1957,Deebo,Fida Yazdani,Depura Danial,
Main Nay Jo Geet Teray Pyar Ki Khatir Likhay..,16 Aanay,1959,Feroz Nizami,Sahir Ludiyanvi,Inayat Hussain Bhatti,
Main Nay Raton Kay Khawab Khoob Sunaye..,Ruhi,1954,Rasheed Attray,Tufail Hoshiarpuri,?,
"Main Noukar Hun Sarkari, Sar Par Pagri, Galay Mein Thaila..",Raat Ki Baat,1954,Master Inayat Hussain,Saifuddin Saif,Inayat Hussain Bhatti,
"Main Paan Bechta Hun, Chuna Laga Kay, Dil Kay Armaan..",16 Aanay,1959,Feroz Nizami,Saghar Siddiqi,Zubaida Khanum,
"Main Prem Ka Pyasa Passenger, Tu Husn Ka Coca Cola..",Aakhri Dao,1958,Master Ashiq Hussain,Sikkedar,Fazal Hussain,
"Main Pyar Ka Diya Jalata Hun, Tu Chupkay Chupkay Aa Ja..",Hichkolay,1949,Master Inayat Hussain,Saifuddin Saif,Ali Bakhsh Zahoor,
Main Pyas Teray Dil Ki Ab Kis Tarah Bujhaun..,Gulshan,1959,Feroz Nizami,Qateel Shafai,Naheed Niazi,
"Main Teray Qurban, O Meri Jan, Jawani 2 Din Ki Mehman..",Akeli,1951,Master Ghulam Haider,Tufail Hoshiarpuri,Munawar Sultana,
"Main Titli Ban Kay Ayi, Joban Nay Li Angrai..",Teri Yaad,1948,Inayat Ali Nath,Saifuddin Saif,Aasha Poslay,
"Main Woh Afsana Hun, Jis Ka Aghaz To Hay, Anjam Nahin..",Shama,1959,Hassan Latif,Tanvir Naqvi,Zubaida Khanum,
Majboor Zindagi Ka Afsana Kya Sunayen..,Shammi,1950,Master Inayat Hussain,Iqbal Saifpuri,Malika Pukhraj,
"Majburon Ki Is Dunya Mein, Insan Khariday Jatay Hayn..",16 Aanay,1959,Feroz Nizami,Qateel Shafai,Zubaida Khanum,
"Majnu Ishq Mein Lut Gey, Ghar Bar Bari Mushkil Hay..",Hamari Zuban,1955,Ghulam Nabi,Hafiz Ata Mohammad,Khursheed Begum & Co.,
"Makhmoor Nighaen Bharpur Jawani, Dunya Ki Zaban Par Hay..",Hatim,1956,Safdar Hussain,Qateel Shafai,Zubaida Khanum & Co.,
"Makin Hay Na Makan, Tarfa Ka Rukhsana Hua..",Hamari Zuban,1955,Ghulam Nabi,Mir Anis,Bano,
"Malik Teray Jahan Kay, Kya Kheil Hayn Niralay..",Daata,1957,Tasadduq Hussain,?,Saleem Raza,
"Malik Teri Dunya Mein, Dunya Meri Veeran Hay..",Aaghosh,1953,Master Inayat Hussain,Tanvir Naqvi,Salma Begum,
Malmal Mein Badan Mora Chamkay..,Daata,1957,Tasadduq Hussain,Qateel Shafai,Kousar Parveen,
Malum Nahin Kab Ho Meray Gham Ka Savera..,2 Aansoo,1950,Mubarak Ali Khan,Qateel Shafai,Munawar Sultana,
"Man Bahwan Ki Sachai, Gori Ghoonghat Mein Sharmai, Hamen Na Bhulana..",Thandi Sarak,1957,Mohammad Ali Munnu,?,Zubaida Khanum,
"Manjhdar Mein Kashti Hay, Nahin Koi Sahara..",Qismat,1956,Feroz Nizami,Tufail Hoshiarpuri,Kousar Parveen,
"Mann Gaye Yeh Raag, Diya Jalay Aur Dhuwan Na Howay..",Gumnam,1954,Master Inayat Hussain,Qateel Shafai,Kousar Parveen,
"Mano Baat Hamari Mano, Piya, Tum Bin Na Hi Away Chain..",Ruhi,1954,Rasheed Attray,Tufail Hoshiarpuri,Najam Ara,
"Manwa Dolay, Damak Dam, Archak Marchak..",Ilteja,1955,Gul Haidar,M. Latif,Kousar Parveen & Co.,
"Mari Laila Nay Aisi Kattar, Mian Majnu Ko Aya Bukhar..",Anokhi,1956,Timir Baran,Fyaz Hashmi,Ahmad Rushdi,
"Mast Nazar, Mori Hay Patli Kamar, Zara Dil Ko Bachana..",Raaz,1959,Feroz Nizami,Kaleem Usmani,Mubarak Begum,
"Masti Mein Jhoom Jhoom Ray, Saghar Ko Choom Choom Ray..",Koel,1959,Khawaja Khursheed Anwar,Tanvir Naqvi,Zubaida Khanum,
"Mathay Peh Jhoomar Sajaye, Dulhan Tera Joban Dekhan Na Jaye..",Hichkolay,1949,Master Inayat Hussain,Saifuddin Saif,Naseem Akhtar,
"Matt Jao, Aaj Ki Raat, Piya, Mora Dil Lay Kar..",Chhoti Begum,1956,Tasadduq Hussain,Qateel Shafai,Kousar Parveen,
"Mayus Nighaen Roti Hayn, Ankhon Mein Sehar Ho Jati Hay..",Sohni,1955,Feroz Nizami,Behzad Lakhnavi,?,
"Mazloom Ki Faryaد Kon Sunay Ga, Majboor Zamanay..",Lakhpati,1958,Masoom Rahim,Tajammal Sehrai,Saleem Raza,
"Meethi Meethi Batyon Say Jiya Na Jala, Ja Ray Balam, Tujhay Dekh Liya..",Raaz,1959,Feroz Nizami,Kaleem Usmani,Zubaida Khanum,
"Meethi Meethi Najron Mein, Kya Jadoo Hay, Pyaray..",Vah Ray Zamanay,1958,Ghulam Nabi,Fyaz Hashmi,Iqbal Bano,
"Mehfil Mein Yun Aya Deevana, Kuchh Hansanay Lagay..",Vah Ray Zamanay,1958,Ghulam Nabi,Fyaz Hashmi,Kousar Parveen,
"Mehfilen Lut Geyin, Jazbat Nay Dam Tor Diya..",Anokhi Dastan,1950,G.A. Chishti,Saghar Siddiqi,Inayat Hussain Bhatti,
"Mehki Fazayen, Gati Hawayen, Behkay Nazaray, Saray Kay Saray..",Koel,1959,Khawaja Khursheed Anwar,Tanvir Naqvi,Noorjahan & Co.,
"Mehndi Lagayen, Sab Sakhian, Aaj Ki Rattian..",Lalkar,1959,Akhtar Hussain Akhian,Hazin Qadri,Salma Begum & Co.,
"Mera Ang Ang, Banay Jaltarang, Sang Sang Jiya..",Raat Ki Baat,1954,Master Inayat Hussain,Qateel Shafai,?,
Mera Daaman Chhor Day A Sathi..,Jheel Kinaray,1955,Nazir Jafri,Mushir Kazmi,Kousar Parveen,
"Mera Dil Dharkay, Meri Aankh Pharkay.. Chhor Na Dena Sath..",Hameeda,1956,Safdar Hussain,Qateel Shafai,Zubaida Khanum,
Mera Dil Lay Kay Sheeshay Ki Tarah Pathar Day Mara..,BeQarar,1950,Master Ghulam Haider,Tufail Hoshiarpuri,Noor Mohammad Charlie,
"Mera Ho Geya Tum Say Pyar, Ankhon Ankhon Mein Kar Baithi Iqrar..",Gulshan,1959,Rasheed Attray,Qateel Shafai,Naheed Niazi,
"Mera Kaha Kabhi Maan Lo, Mujhay Jan Lo, Haan Jan Lo..",Aadmi,1958,Muslehuddin,Tanvir Naqvi,Naheed Niazi,
"Mera Nishana, Dekhay Zamana, Teer Peh Teer Chalun..",Sarfarosh,1956,Rasheed Attray,Saghar Siddiqi,Zubaida Khanum,
"Mera Pyar Haar Geya Ray, Mangi Khushi, Milay Dukh..",Nagin,1959,Safdar Hussain,Qateel Shafai,Zubaida Khanum,
"Mera Saajan Kya Janay, Kaisay Guzaray, Gham Kay Saharay..",Neya Dour,1958,Tasadduq Hussain,Qateel Shafai,Kousar Parveen,
"Meray Aaqa, Meray Sarkar, Madinay Walay..",Alam Ara,1959,Rehman Verma,Shabab Keranvi,Naheed Niazi,
Meray Ashkon Ka Nazrana Dil-e-Naashad Laya Hay..,Hameeda,1956,Safdar Hussain,Qateel Shafai,Zubaida Khanum,
"Meray Baghban, Main Hun Woh Chamman, Koi Phool Jis Mein Khila Nahin..",Chhoti Begum,1956,Tasadduq Hussain,Qateel Shafai,Kousar Parveen,
Meray Bichhray Huway Saathi Ko Ja Kar Yeh Suna Dena..,Aas Pas,1957,Akhtar Hussain Akhian,Sorash Dehliv,Saleem Raza,
"Meray Dhol Mahi, Lut Geye Ham Pyar Ki Baton Mein..",Hasrat,1958,Safdar Hussain,Qateel Shafai,Kousar Parveen,
"Meray Dil Ki Dunya Ujar Geyi, Mera Khawab-e-Mohabbat Toot Geya..",BeQarar,1950,Master Ghulam Haider,Arsh Lakhnavi,Munawar Sultana,
"Meray Dil Ki Kali, Aaj Khilnay Lagi, Mohabbat Bhara Yeh Samaa..",Khul Ja Sim Sim,1959,Tufail Farooqi,Habib Jalib,Zubaida Khanum & Co.,
"Meray Dil Ki Tamanna Tum Ho, Meray Pyar Ki Dunya Tum Ho..",Sachai,1949,G.A. Chishti,?,Munawar Sultana,
"Meray Dil Ko Balam, Sahara Teray Pyar Ka..",Neya Dour,1958,Tasadduq Hussain,Qateel Shafai,Zubaida Khanum,
"Meray Dil Ko Laga Lay Tala, Ali Garh Wala, Ray..",Sardar,1957,G.A. Chishti,Ahmad Rahi,Zarif,
"Meray Dil Nay Balam, Sahara Teray Dil Ka Liya..",Aakhri Dao,1958,Master Ashiq Hussain,Sikkedar,Zubaida Khanum,
Meray Khawab-o-Khyal Ki Dunya Liye Huway..,Shikar,1956,Asghar Ali,Hafeez Jalandhri,Mehdi Hassan,
"Meray Mann Kay Raja Aa Ja, Suratya Dikha Ja..",Dupatta,1952,Feroz Nizami,Mushir Kazmi,Noorjahan,
"Meray Mann Mein Hay Kya, Batlana..",Pinjra,1951,Talib Hussain Jafri,?,Iqbal Leylpuri,
"Meray Naino Mein Muskaye Ray, Meray Sapno Mein Lehray Ray..",Bara Aadmi,1957,Ghulam Nabi,Kaleem Usmani,Mubarak Begum,
"Meray Pyar Ki Pehli Raat Hay, Mujhay Poocho Na, Kya Baat Hay..",Parvaz,1954,Rafiq Ghaznavi,Ahmad Rahi,Munawar Sultana,
"Meray Pyar Nay Li Angrai, Dekho, Rutt Albeli Ayi..",Ilteja,1955,Gul Haidar,Qateel Shafai,Munawar Sultana & Co.,
"Meray Raja, Bana Kay Mujhay Rani, Chalay Ho Kahan..",Akeli,1951,Master Ghulam Haider,Tufail Hoshiarpuri,Pukhraj Pappu,
Meray Tann Mann Peh Chhai Hay Bahar..,Pehla Qadam,1958,Ghulam Nabi,?,Madhu Almas,
Meray Tootay Mann Ki Baat Zamana Kya Janay..,Shalimar,1956,G.A. Chishti,Tanvir Naqvi,Zubaida Khanum,
Meri Ankhon Mein Jis Dam Pyar Kay Aansoo Ban Kay Aatay Hayn..,Lakhpati,1958,Masoom Rahim,Sahil Farani,Nazir Begum,
Meri Bahon Kay Jholay Mein Jhool..,Amanat,1950,Nazir Jafri,Qateel Shafai,Salma Begum,
"Meri Be-kasi Hay Zahir, Teray Gham Say Ashkara..",Aas Pas,1957,Akhtar Hussain Akhian,Armaan Usmani,Kousar Parveen,
"Meri Bholi Bhali Akhion Ki, Hey, Nindiya Kho Geyi Ray..",Faisala,1959,A. Hameed,Fyaz Hashmi,Naheed Niazi,
"Meri Dilruba, Meri Mehlaqa, Meri Dilruba..",Anokhi Dastan,1950,G.A. Chishti,Tanvir Naqvi,Inayat Hussain Bhatti,
"Meri Dunya Mein Inqilab Aaya Hay, Is Tarah Koi Be-Niqab Aaya Hay..",Ruhi,1954,Rasheed Attray,?,Inayat Hussain Bhatti,
"Meri Gali Ka Number 3, Meray Ghar Ka Number 4, Ho Babu..",Sahara,1959,Mohammad Ali Munnu,Nazim Panipati,Zubaida Khanum,
Meri Guriya Kay Hathon Mein..,Murad,1957,Safdar Hussain,Qateel Shafai,Zubaida Khanum,
"Meri Ik Ada Dekhiye, Jo Ruk Jaye, Zamana Jhuk Jaye..",Baap Ka Gunah,1957,Rasheed Attray,Saghar Siddiqi,Zubaida Khanum & Co.,
"Meri Jan, Main Qurban, Meri Jan, Kar Lay Tu Yeh Pakka Souda..",Sarfarosh,1956,Rasheed Attray,Baba Alam Siaposh,Inayat Hussain Bhatti,
"Meri Khamosh Mohabbat, Yunhi Khamosh Rahi..",Deevar,1954,?,Sahil Farani,Munawar Sultana,
"Meri Majboor Dunya Mein, Andhera Hi Andhera Hay..",Nazrana,1955,Tufail Farooqi,Qateel Shafai,Kousar Parveen,
"Meri Mast Nazar, Karay Zakhmi Jiggar, Meri Zulfon Ki Latt..",Sarfarosh,1956,Rasheed Attray,Saghar Siddiqi,Zubaida Khanum,
"Meri Mohabbat Nay Aarzo Kay Diye Jalaye, Bujha Na Dena..",Aadmi,1958,Muslehuddin,Tanvir Naqvi,Naheed Niazi,
"Meri Mohabbat, Dushman Azmanay Ayen Gay..",Parvaz,1954,Rafiq Ghaznavi,Ahmad Rahi,?,
"Meri Mulaqat Hui, Piya Jee Kay Sath Hui..",Savera,1959,Manzoor,Nazim Panipati,S.B. John,
Meri Nazar Say Chhup Kar Tum Dil Mein Aa Geye Ho..,Jallan,1955,Mohammad Ali Munnu,Shabab Keranvi,Zubaida Khanum,
"Meri Nazar Say Jo Tootay Taaray, Jiggar Kay Tukray Hayn..",Haqeeqat,1956,G.A. Chishti,A. Shah,Munawar Sultana,
"Meri Nazron Mein Koi Samanay Laga, Dil Mera Jhoom Kar Aaj..",Aas Pas,1957,Akhtar Hussain Akhian,Sahil Farani,Kousar Parveen,
"Meri Nazron Say Woh Yun Juda Ho Geye, Jaisay Taron Say Roshni..",Lalkar,1959,Khursheed Qais,Amin Jilani,Zubaida Khanum,
"Meri Nigahon Nay Chooma, Teri Nigahon Ko..",Noor-e-Islam,1957,Hassan Latif,Tanvir Naqvi,Zubaida Khanum,
"Meri Preet Bari Anmol, Sakhi, Dil Dun Ya Na Dun, Bol Sakhi..",Darbar,1958,Rehman Verma,Mushir Kazmi,Zahida Parveen & Co.,
"Meri Pyari Dildar, Toray Naina Kattar, Huway Meray Kalejay Kay Par..",Harjai,1952,Fateh Ali Khan,?,?,
Meri Qismat Kay Doobay Sitaray..,Rukhsana,1958,Rasheed Attray,Tufail Hoshiarpuri,?,
"Meri Sakhi Ki Payel Bajay, Chham Chham..",Gulnar,1953,Master Ghulam Haider,Qateel Shafai,?,
"Meri Subah Udas, Meri Sham Ghamgeen, Nahin Raha Ab Koi..",Karnama,1956,Nathu Khan,Bezar Sarhadi,Nazir Begum,
"Meri Toot Gai Angrai, Piya Nay Aisi Ankh Milai..",Hameeda,1956,Safdar Hussain,Qateel Shafai,Iqbal Bano,
"Mil Geyi Akhian, Dharak Geya Mera Dil..",Mazloom,1959,Tufail Farooqi,Mushir Kazmi,Iqbal Bano,
"Milnay Ka Kar Kay Bahana, Bichhar Na Jana..",Ham Watan,1951,Pardesi,Maya Devi,Pukhraj Pappu,
"Mohabbat Hui Hay Sitam Ka Nishana, Rah Do Dillon Ka, Adhura Afsana..",Aas Pas,1957,Akhtar Hussain Akhian,Sahil Farani,Saleem Raza,
Mohabbat Ka Janaza Ja Raha Hay..,Ishq-e-Laila,1957,Safdar Hussain,Qateel Shafai,Inayat Hussain Bhatti,
Mohabbat Ka Mara Chala Ja Raha Hay..,Teri Yaad,1948,Inayat Ali Nath,Qateel Shafai,Ali Bakhsh Zahoor,
Mohabbat Kar Kay Dunya Ka Sitam Sehna Hi Parhta Hay..,Thandi Sarak,1957,Mohammad Ali Munnu,Shabab Keranvi,Zubaida Khanum,
"Mohabbat Kar Lay, Kisi Peh Mar Lay, Nahin To Pachhtaye Ga..",Miss 56,1956,G.A. Chishti,Wali Sahib,Madho Almas,
Mohabbat Karnay Walon Par Kabhi To Zulm Kam Hotay..,Hamari Basti,1950,Feroz Nizami,Mushir Kazmi,Pukhraj Pappu,
Mohabbat Karnay Walon Par Kabhi To Zulm Kam Hotay (2)..,Hamari Basti,1950,Feroz Nizami,Mushir Kazmi,Pukhraj Pappu,
Mohabbat Mein Gar Yuhni Dil Barbad Kar Lena..,Intekhab,1955,Feroz Nizami,Touseef Akbarabadi,Mrs. Dastoor,
Mohabbat Mein Na Aisa Koi Majboor Ho..,Akeli,1951,Master Ghulam Haider,Qateel Shafai,Pukhraj Pappu,
Mohabbat Mein Zuban Say Ab To Itna Kaam Letay Hayn..,Haqeeqat,1956,G.A. Chishti,A. Shah,Saleem Raza,
"Mohabbat Na Hoti, Jawani Na Hoti To Koi Kahani Na Hoti..",Changez Khan,1958,Rasheed Attray,?,Zubaida Khanum,
"Mohammad (Saw), Khuda Ka Dulara, Mohammad (Saw)..",Jahad,1950,Karim Dad Anwar,Tanvir Naqvi,Zahoor Raja,
Mohay Kaisa Jobanwa Ka Chor Mila Ray..,Nagin,1959,Safdar Hussain,Qateel Shafai,Zubaida Khanum,
"Mohay Piya Millan Ko Janya Day, Bairanya..",Zehr-e-Ishq,1958,Khawaja Khursheed Anwar,Qateel Shafai,Naheed Niazi,
"Mojon Mein Talatam Kya Aya, Kashti Say Kinara Chhot Geya..",Pehla Qadam,1958,Ghulam Nabi,?,Nazir Begum,
"Mora Jiya Kahay Ik Baat Ray, O Dholak Walay..",Ghairat,1951,Talib Hussain Jafri,Tanvir Naqvi,Zeenat Begum,
"Mora Nanha Joban Dabaye Na Dabbay, Chhupaye Na Chhupay..",Ghalt Fehmi,1950,Inayat Ali Nath,I.A. Nazish,Asha Poslay,
"Moray Khawabon Kay Raja, Aa Ja Ho Moray Khawabon Kay Raja..",Baap Ka Gunah,1957,Rasheed Attray,Saifuddin Saif,Munawar Sultana,
"Moray Sar Say Chunariya Sirkay, Array Koi Dekhay Na..",Harjai,1952,Fateh Ali Khan,?,?,
"Moray Sayyan Ki Bali Umriya Ray, Main 14 Bars Ki Chhori..",Ghalt Fehmi,1950,Inayat Ali Nath,Tufail Hoshiarpuri,Iqbal Begum,
"Mori Bagia Mein Lagay Annar Ho, Raja..",Kunvari Beva,1956,Fateh Ali Khan,Tufail Hoshiarpuri,Zubaida Khanum,
"Moti Ho Keh Sheesha Ho, Jo Toot Geya, So Toot Geya..",Jago Hua Savera,1959,Tamar Barn,Faiz Ahmad Faiz,Mehbooba Hasnat,
"Mouj Ura Lo, A Dunya Walo, Pyar Ki Nadi Say Naha Lo..",Neyi Larki,1958,Hassan Latif,Munir Niazi,Zubaida Khanum,
"Moula Kay Naam Peh Kuchh Day Ja, Banday..",Sabira,1956,Safdar Hussain,Tufail Hoshiarpuri,Saleem Raza,
"Moula, Din Pher Hamaray, Jiyen Gay Ab Kis Kay Saharay..",Ham Watan,1951,Pardesi,Maya Devi,Salma Begum,
"Mousam Bahar Hay, Dil Beqarar Hay, Janay Mujh Ko Raat Din..",Naghma-e-Dil,1959,G.A. Chishti,Tufail Hoshiarpuri,Munir Hussain,
"Mout Ko Tu Day Sada, A Dil Nahin Rahay, Teray Jeenay Kay Din..",Baghi,1956,Rehman Verma,Mushir Kazmi,Kousar Parveen,
"Mubarak Tashreef Lana, Bara Shukriya Aap Tashreef Laye..",Shohrat,1957,Nazir Jafri,Tufail Hoshiarpuri,Kousar Parveen & Co.,
"Mujh Ko Jalanay Walay, Tu Yeh Na Bhool Jana..",Bheegi Palken,1952,Master Ghulam Haider,Tanvir Naqvi,Ali Bakhsh Zahoor,
"Mujh Ko Jawani Bari Mehngi Pari Hay, Ho Geyi Muft Badnam..",Neend,1959,Rasheed Attray,Tanvir Naqvi,Zubaida Khanum,
"Mujhay Bhool Janay Walay, Mujhay Eik Bar Keh Day..",2 Kinaray,1949,Fateh Ali Khan,Tufail Hoshiarpuri,Munawar Sultana,
Munh Peh Pyar Dil-e-Bemar Kar To Ham Bhi Jane..,2 Kinaray,1949,Fateh Ali Khan,Tufail Hoshiarpuri,?,
"Murli Bajaye, Door Say Koi Kisi Ko Bulaye..",Jhoomar,1959,Khawaja Khursheed Anwar,Tanvir Naqvi,Naheed Niazi,
"Musarraton Kay Sathio, Tamazton Kay Dosto..",Ruhi,1954,Rasheed Attray,Tufail Hoshiarpuri,Najam Ara,
"Museebat Hay, Bala Hay Aur Main Hun, Mohabbat Ki Saza Hay..",Dupatta,1952,Feroz Nizami,Fyaz Hashmi,Noorjahan,
"Mushil Kusha, Tu Meri Mushkil Mein Kaam Aa..",Teray Baghair,1959,Master Inayat Hussain,Tanvir Naqvi,Naseem Begum,
"Mushkil Say Qabu Mein Aya Hay Dam, Tum Ho Meray..",Karnama,1956,Nathu Khan,Bezar Sarhadi,Ahmad Rushdi,
"Muskara, Leikan Labon Say Muskarana Chhor Day..",Jahad,1950,Karim Dad Anwar,Tanvir Naqvi,Zeenat Begum,
"Muskaraye Hawa, Gungunaye Faza, Geet Ganay Kay Din Aa Geye..",Masoom,1957,Master Inayat Hussain,Qateel Shafai,Zubaida Khanum,
"Na Aansoo Bahay Thay, Na Sadmay Sahay Thay..",Jan-e-Bahar,1958,Rasheed Attray,Qateel Shafai,Noorjahan,
"Na Chamman Mila, Na Qafs Mila, Dil Beqarar, Main Kya Karun..",Nazrana,1955,Tufail Farooqi,Qateel Shafai,Kousar Parveen,
"Na Doulat, Na Dunya, Na Zar Chahtay Hayn..",Daata,1957,Tasadduq Hussain,Qateel Shafai,Hafiz Atta Muhammad Qawwal & Co.,
"Na Ja O Janay Walay, Din Hayn Bahar Kay, Zakham Dakhaun Kaisay..",Darbar,1958,Rehman Verma,?,Kousar Parveen,
"Na Ja Ri Pardes, Chhor Kay Apna Des, Un Bin Jiya Na Jaye..",Kundan,1950,Lal Mohammad Sabri,Tanvir Naqvi,Munawar Sultana,
Na Janay Kis Liye Dushman Hua Hay Aasman..,Ruhi,1954,Rasheed Attray,Tufail Hoshiarpuri,Najam Ara,
"Na Jhukao, Mila Kar Nigahen, Daal Do Meri Banhon Mein Banhen..",Mazloom,1959,Tufail Farooqi,Mushir Kazmi,Saleem Raza,
"Na Koi Sayyan Mera, Na Koi Piya Ray, Piya Piya Kook Na..",Jhoomar,1959,Khawaja Khursheed Anwar,Tanvir Naqvi,Naheed Niazi,
"Na Raha Koi Sahara, Na Raha Koi Thikhana..",Seestan,1957,G.A. Chishti,Mushir Kazmi,Saleem Raza,
"Na Samjhi Kisi Ki, Na Mani Kisi Ki, Yunhi Dekh Baithay, Jawani Kisi Ki..",Sailab,1953,Asghar Ali,Arsh Lakhnavi,Zeenat Begum,
"Na Woh Khazan Rahi Baqi, Na Woh Pyar Raha..",Sailab,1953,Asghar Ali,Kaif,Munawar Sultana,
"Na Yeh Chand Ho Ga, Na Taray Rahen Gay..",Sassi,1954,G.A. Chishti,Aziz Meeruti,Kousar Parveen,
"Na Yeh Dunya Uski Hay, Na Yeh Dunya Iski Hay..",Sarfarosh,1956,Rasheed Attray,Nazim Panipati,Munawar Sultana,
"Naach Naach Kay Ga Ri Mughania, Aiasa Aaj Tarana..",Sassi,1954,G.A. Chishti,Aziz Meeruti,Kousar Parveen,
"Naag Raj Ayo, Ayo Naag Maharaj, Ayo..",Gumrah,1959,G.A. Chishti,Ahmad Rahi,Zubaida Khanum,
"Nach Lay, Nach, Nach, Nach, Mehkashon Kay Sath Sath, Nach, Nach..",Sitaron Ki Dunya,1958,Zafar Khursheed,Nasir Rizvi,Ahmad Rushdi,
"Nach Raha Hay Mora Man, Chham Chham..",Toofan,1955,G.A. Chishti,Saifuddin Saif,Pukhraj Pappur,
"Nachay Jia Ray, Chhamma Chham, Aaja Pia Ray..",Dupatta,1952,Feroz Nizami,Mushir Kazmi,Noorjahan,
"Nacho, Chhan Chhan, Sab Nacho Ray, Phool Khilen Aur Chamkay Taray..",Nigar,1957,Tasadduq Hussain,Naeem Hashmi,Kousar Parveen,
"Nachun Main Chham Chhma Chham, Aangan Mein Teray Sanam..",Daata,1957,Tasadduq Hussain,Qateel Shafai,Kousar Parveen,
"Nahin Ghoor Ghoor Tak, Karay Dil Dhak Dhak..",Parvaz,1954,Rafiq Ghaznavi,Ahmad Rahi,?,
"Nain Mangay Nindia, Kirnon Ki Out Mein Tu Hay..",Nazrana,1955,Tufail Farooqi,Qateel Shafai,Kousar Parveen,
"Nain Mila Kay O Matwalay, Sul Lay Jawani Kay Geet..",Muskarahat,1959,Hameed Jazib,Saifuddin Saif,Zubaida Khanum,
"Nain Say Nain Milaye Rakhnay Ko, Mitwa Mora Chahat Ko..",Waada,1957,Rasheed Attray,Tufail Hoshiarpuri,Fateh Ali Khan,
"Nainan Royen Chham Chham, Kaisay Main Chhupaun Gham..",Apna Paraya,1959,Saif Chughtai,Munir Jeelani,Naseem Begum,
"Naino Mein Chhai Bahar, Sakhi, Jhoom Jhoom Gaye Ja, Sakhi..",Sohni,1955,Feroz Nizami,Qateel Shafai,Pukhraj Pappu & Co.,
Naino Say Nain Mila Kay..,Wehshi,1956,Tufail Farooqi,Mushir Kazmi,Zubaida Khanum,
"Naino Say Nain Mila Kay, Ulfat Ki Reet Sikha Kay, Kya Kar Di Haalat..",Pavan,1956,Nazir Jafri,Qateel Shafai,Inayat Hussain Bhatti,
"Nainon Ki Nagri Mein Nindia, Aa Ja Ri Nindia Aa Ja..",Hameeda,1956,Safdar Hussain,Qateel Shafai,Zubaida Khanum,
"Nainon Mein Jall Bhar Aaye, Moorkh Mann Tarpaye..",BeGunah,1958,Mian Shehar Yaar,Ashur Kazmi,Naseem Begum,
Nanhay Kay Abba Ko Badhai Ray..,Naveli,1952,?,Saifuddin Saif,Naseem Akhtar,
"Nasha Hay Halka Halka, Nashay Mein..",Gumrah,1959,Master Inayat Hussain,Qateel Shafai,Naheed Niazi,
"Nashad Honay Walay, Gham Ki Hansi Na Urana..",Shararay,1955,Feroz Nizami,Tanvir Naqvi,Pukraj Pappu,
Nazar Miltay Hi Dil Ki Baat Ka Charcha Na Ho Jaye..,Shikar,1956,Asghar Ali,Hafeez Jalandhri,Mehdi Hassan,
"Nazar Nazar Pyam Hay, Qadam Qadam Salam Hay..",Hameeda,1956,Safdar Hussain,Qateel Shafai,Zubaida Khanum,
"Nazar Nazar Say Mil Rahi Hay, Dil Say Dil Mila..",Society,1959,Safdar Hussain,Ahmad Rahi,Zubaida Khanum,
"Nazar Nazar Say Mila Layn, Agar Ijazat Ho..",Waada,1957,Rasheed Attray,Tufail Hoshiarpuri,Saleem Raza,
Nazrana Meray Pyar Ka Manzoor Kijiye..,Laila Majnu,1957,Rasheed Attray,Tanvir Naqvi,Naheed Niazi,
"Nazren Hayn Teer, Meri Zulfen Hayn Zanjeer..",Gulshan,1959,Rasheed Attray,Qateel Shafai,Najma Niazi,
"Nazren Tu Mila, Dil Ka Nishana Hua..",Aakhri Dao,1958,Master Ashiq Hussain,Sikkedar,Iqbal Bano,
"Nazron Say Nazar Jab Takraye, Kuchh Aur Hi Haalat Hoti Hay..",Mumtaz,1958,Mian Shehar Yaar,Liaqat Sehbai,Naseem Begum,
"Nazuk Hay Mera Dil, Na Is Ko Dukhana..",Dil Mein Tu,1958,Manzoor,Sardar Adeeb,Zubaida Khanum,
"Neend Say Jagi, Lay Kay Angrai..",Seestan,1957,Asghar Ali,Mushir Kazmi,Zubaida Khanum,
"Neya Neya Dil Hay Diya, Neya Neya Dard Liya..",Society,1959,Safdar Hussain,Ahmad Rahi,Zubaida Khanum,
"Neya Zamana, Pyar Purana, Ab Na Chalay Ga, Sachi..",Society,1959,Safdar Hussain,Ahmad Rahi,Zubaida Khanum & Co.,
"Neye Rang Mein, Neye Ang Mein, Neya Tarana Gana..",Aavaz,1953,Hassan Latif,Tanvir Naqvi,Pukhraj Pappu,
"Nigah-e-Yaar Hi Samjhay, Nighah-e-Yaar Ki Baten..",Qismat,1956,Feroz Nizami,Tufail Hoshiarpuri,Pukhraj Pappu,
Nigahen Mila Kay Zara Muskara Do..,Sassi,1954,G.A. Chishti,Aziz Meeruti,Inayat Hussain Bhatti,
"Nigahen Na Phero, Nigahen Mila Kay..",2 Aansoo,1950,Mubarak Ali Khan,Talib Badayuni,Salma Begum,
"Nigahon Mein Na Manzil Ho, Na Manzil Ka Nishan Koi..",Mehfil,1955,G.A. Chishti,Tufail Hoshiarpuri,Zubaida Khanum,
Nikkal Kar Teri Mehfil Say Yeh Deevanay Kahan Jayen..,Ishq-e-Laila,1957,Safdar Hussain,Qateel Shafai,Inayat Hussain Bhatti,
"O Babu, Rang Rangeelay, O Babu, Chhail Chhabeelay..",Bharosa,1958,A. Hameed,Habib Jalib,Zubaida Khanum,
"O Bari Mushkil Mein Hun, Bari Mushkil Mein Hun..",Teray Baghair,1959,Master Inayat Hussain,Tanvir Naqvi,Iqbal Bano,
"O Be-Wafa, Tu Hi Bata, Kis Say Karun Gila..",Ham Watan,1951,Pardesi,Maya Devi,Pukhraj Pappu,
"O Bewafa, Ham Na Bhoolay Tujhay, Sari Dunya Nay Ham Say Kaha, Bhool Ja..",Anar Kali,1958,Master Inayat Hussain,Saifuddin Saif,Noorjahan,
"O Bewafa, Main Nay Tujh Say Pyar Kyun Kiya..",Koel,1959,Khawaja Khursheed Anwar,Tanvir Naqvi,Noorjahan,
"O Chanda, Ja Badli Mein Chhup Ja..",Intezar,1956,Khawaja Khursheed Anwar,Qateel Shafai,Kousar Parveen,
"O Chhail Chhabeelay Larkay, Ja Ja Baat Na Kar, Barh Barh Kar..",Thandi Sarak,1957,Mohammad Ali Munnu,Shabab Keranvi,Zubaida Khanum,
"O Chhaila Moray, Teri Gali Kay Chhoray Baray Harjai Hayn..",Ghalt Fehmi,1950,Inayat Ali Nath,Arsh Lakhnavi,Munawar Sultana,
"O Chhor Janay Walay, Dil Tor Janay Walay, Bemar Ki Khabar Lay..",Sachai,1949,G.A. Chishti,?,Munawar Sultana,
"O Dil Walay, O Matwalay, Aish Mana Lay..",Rukhsana,1958,Rasheed Attray,Tufail Hoshiarpuri,Zubaida Khanum,
"O Goray Goray Babu, Lakhon Mein Ek Hay Tu..",Mazloom,1959,Tufail Farooqi,Mushir Kazmi,Zubaida Khanum,
"O Gori, Pachhwaray Ko Jana Chhor Do, Chhor Do..",2 Kinaray,1949,Fateh Ali Khan,Tufail Hoshiarpuri,Imdad Hussain,
"O Gori, Teray Naino Mein Chhaya Khumar..",Judai,1950,Hassan Latif,Tanvir Naqvi,Raza,
"O Guleya, My Lover Continuity, Mar Ja Ray O Talangwa..",Bheegi Palken,1952,Master Ghulam Haider,Tanvir Naqvi,Munawar Sultana,
"O Ho, Na Qabu Mein Dil Hay, Na Qabu Mein Dil Hay..",Shohrat,1957,Rasheed Attray,Tufail Hoshiarpuri,Kousar Parveen & Co.,
"O Jan-e-Bahar, Aya Teray Aaney Say Rut Peh Nikhar..",Patay Khan,1955,Akhtar Hussain Akhian,Hazin Qadri,Noorjahan,
"O Janay Walay Babu, Ik Paisa Day Day, Lay Ja Bachi Ki Duaen..",Pavan,1956,Nazir Jafri,Mushir Kazmi,Kousar Parveen,
"O Janay Walay Ray, Thehro Zara Ruk Jayo..",Intezar,1956,Khawaja Khursheed Anwar,Qateel Shafai,Noorjahan,
"O Janay Walay, Aa Ja Sun Mera Afsana, Tujh Ko Pukarta Hay..",Tarrap,1953,Asghar Ali,Munir Jeelani,?,
"O Janay Walay, Kyun Mohabbat Ka Thikana Bhool Geye..",2 Aansoo,1950,Mubarak Ali Khan,Hazin Qadri,Zeenat Begum,
"O Maina, Na-Janay Kya Ho Geya, Kahan Dil Kho Geya..",Qatil,1955,Master Inayat Hussain,Tufail Hoshiarpuri,Kousar Parveen,
"O Matwalay, Dil Garma Lay..",Sheikh Chilli,1958,Saleem Iqbal,Zaheer Kashmiri,Zubaida Khanum,
"O Meray Pyaray, Dil Kay Sahray, Dil Yeh Pukaray..",Anokhi,1956,Timir Baran,Fyaz Hashmi,Depora Deniel,
"O Meri Nargis Aa Ja, Main Baja Raha Hun Baja..",Thandi Sarak,1957,Mohammad Ali Munnu,Shabab Keranvi,Imdad Hussain,
"O Moray Raja, Dil Mein Aa Ja, Dharkan Ki Sun Lay Pukar..",Shohrat,1957,Nazir Jafri,Tufail Hoshiarpuri,Kousar Parveen,
"O My Handsome, O Welcome..",Murad,1957,Safdar Hussain,Qateel Shafai,Zubaida Khanum,
"O Nannhay Rahi, Masoom Sipahi, Dunya Ka Mela Aa Dekh Akela..",Miss 56,1956,G.A. Chishti,?,Munawar Sultana & Co.,
"O Pardesia, Bhool Na Jana, Bhool Na Jana, O Pardesia..",BeQarar,1950,Master Ghulam Haider,Tufail Hoshiarpuri,Munawar Sultana,
"O Peenay Walay, Pee Lay, Pee Lay, Phoolon Ki Zindagi Jee Lay..",Changez Khan,1958,Rasheed Attray,Tufail Hoshiarpuri,Zubaida Khanum,
"O Piya, O Piya, Na Lagay Jiya, Aaj To Baat Jawani Ki Maan Lay..",Nigar,1957,Tasadduq Hussain,Naeem Hashmi,Kousar Parveen,
"O Rahi, Hamrahi Meray, Rah Takun Main Tera..",Beli,1950,Rasheed Attray,Baba Alam Siaposh,Munawar Sultana,
"O Rani, Matwali, Raseelay Naino Wali..",Shola,1952,Master Ghulam Haider,Tufail Hoshiarpuri,Imdad Hussain,
"O Rooth Kay Janay Walay, Aa Dil Ki Kahani Sunaun..",Shola,1952,Fateh Ali Khan,Taj Chodhary,Pukhraj Pappu,
"O Safeena Doobay Na, Yehan Kinara, Wahan Kinara..",Shararay,1955,Feroz Nizami,Tanvir Naqvi,Pukhraj Pappu,
"O Sun, O Jadugar Balamwa, Toray Nain Baray Chit Chor..",Jallan,1955,Mohammad Ali Munnu,Shabab Keranvi,Zubaida Khanum,
"O Teri Yaad Aye, Aye Beeti Baton Kay Afsanay Dohraye..",Teri Yaad,1948,Inayat Ali Nath,Tanvir Naqvi,Asha Poslay,
Ohdi Ohdi Chhai Ghata..,Seestan,1957,Asghar Ali,Mushir Kazmi,Munawar Sultana,
"One, Two, Three, Four, Mil Kar Khoob Lagao Zor..",Noukar,1955,G.A. Chishti,Qateel Shafai,Munawar Sultana & Co.,
"Pag Pag Main Nay Nain Bichhaye, Koi Na Aya..",Beli,1950,Rasheed Attray,Qayyum Nazar,Pukhraj Pappu,
"Palken To Utha, Nazren To Mila, Main Sadqay Teray..",Noor-e-Islam,1957,Hassan Latif,Tanvir Naqvi,Zubaida Khanum,
"Palkon Peh Ban Kay Ansoo, Deta Hay Dil Sadaen..",Sabira,1956,Safdar Hussain,Tufail Hoshiarpuri,Kousar Parveen,
"Pall Bhar Ka Pyar Lay Lay, Jhooti Bahar Lay Lay..",Khizan Kay Baad,1955,Hassan Latif,Qateel Shafai,Zubaida Khanum,
Pall Pall Badlay Rang O Babu..,Society,1959,Safdar Hussain,Ahmad Rahi,Munir Hussain,
"Pall Pall Jhoolay, Pall Pall Jhoomay, Jeevan Ki Har Dali..",Ghairat,1951,Talib Hussain Jafri,Muzaffar Tahir,Salma Begum,
"Pall Pall Jhoomun, Jhoom Kay Gaun, Dil Mein Pyar Hay Tera..",Zehr-e-Ishq,1958,Khawaja Khursheed Anwar,Qateel Shafai,Kousar Parveen,
"Pall Pall Mera Anchal Dhalkay, A Dil Un Ko Dekh Kay Sanbhal..",Ankh Ka Nashah,1957,Master Inayat Hussain,Qateel Shafai,Zubaida Khanum,
"Pall Pall, Bheega Bheega Mora Aanchal Lut Geya..",Inteqam,1955,Master Inayat Hussain,Saifuddin Saif,Zubaida Khanum,
"Pani Ka Bulbula, 4 Dino Ki Dunya Hay, Kuchh Kha Lay, Pi Lay..",BeGunah,1958,Mian Shehar Yaar,Ashur Kazmi,Zarif,
"Paray Jis Jis Par Giray, Dil Peh Asar, Meri Tirchhi Nazar..",Karnama,1956,Nathu Khan,Bezar Sarhadi,Nazir Begum,
"Parda Utha, Aa Samnay, Aa Mukhra Dikha Ja, Dunya Meri Basa Ja..",Eid,1951,?,?,S.D. Batish,
Parday Parday Mein Is Zalim Nay Ruswa Kar Diya..,Shahida,1949,G.A. Chishti,Hakeem Ahmad Shujaa,Munawar Sultana,
"Patt Khol Day Ray Ghoonghat Ka, Jab Pyar Kiya To Darna Kya..",Lalkar,1959,Khursheed Qais,Hazin Qadri,Zubaida Khanum,
"Payel Chhankay, Kangan Khankay, Chhamak Chhamak Lehraye..",Shammi,1950,Master Inayat Hussain,Qateel Shafai,?,
Payel Mein Geet Hayn Chham Chham Kay..,Gumnam,1954,Master Inayat Hussain,Saifuddin Saif,Iqbal Bano,
"Payel Meri Chhanak Gei, Ghun Ghun Bhanwaray Ki Dhun..",Hasrat,1958,Safdar Hussain,Qateel Shafai,Kousar Parveen,
"Payel Mori Chhankay, Kangan Mora Khankay..",Darbar,1958,Rehman Verma,Mushir Kazmi,Kousar Parveen,
"Peelo Pak Geye, Akhion Mein Pyar Kay Rang Chhalak Geye..",Hasrat,1958,Safdar Hussain,Qateel Shafai,Munawar Sultana,
"Pehli Jhari Hay Barsat Ki, Bheeg Geyi Raat Mulaqat Ki..",Parvaz,1954,Rafiq Ghaznavi,Ahmad Rahi,Munawar Sultana,
"Pehli Nazar Hay, Dil Peh Asar Hay, Lagi Laggan Moray Mann Mein..",Haqeeqat,1956,G.A. Chishti,A. Shah,Kousar Parveen,
"Peiman-e-Mohabbat Toot Geya, Tum Aur Kahin, Ham Aur Kahin..",Naveli,1952,?,Saifuddin Saif,Munawar Sultana,
"Pharak Rahi Hay, Meri Ankh Sharmeeli..",Palkan,1957,G.A. Chishti,Ahmad Rahi,Zarif,
Phir Beet Chali Barsat..,Ruhi,1954,Rasheed Attray,Tufail Hoshiarpuri,Najam Ara,
"Phir Jo Nigah-e-Yaar Kahay, Maan Jayie..",Anar Kali,1958,Master Inayat Hussain,Qateel Shafai,Noorjahan,
Phool Hans Kar 2 Din Behla Geye..,Ishq-e-Laila,1957,Safdar Hussain,Qateel Shafai,Inayat Hussain Bhatti,
"Phool Muskaratay Hayn, Jawani Kay Din Guzar Jatay Hayn..",Naveli,1952,?,Saifuddin Saif,Naseem Akhtar,
"Phoolon Ki Laaj Kali, Babul Ki Chhor Chali Gali..",Wehshi,1956,Tufail Farooqi,Ahmad Rahi,Munawar Sultana & Co.,
"Phoonk Do Bijliyo, Aa Kay Mera Jahan, Hay Yeh Aisa Chamman..",Jhoomar,1959,Khawaja Khursheed Anwar,Tanvir Naqvi,Munir Hussain,
"Pi Lay, Nighahon Kay Jaam Pi Lay, Kehti Hay Zulfon Ki Shaam..",Ankh Ka Nashah,1957,Master Inayat Hussain,Qateel Shafai,Zubaida Khanum,
"Piya Nahin Aye Sakhi Ri, Rah Takt Mori Thak Gein Akhian..",Hamari Zuban,1955,Ghulam Nabi,Hafiz Ata Mohammad,Nazir Begum,
"Piya Roopnagar Mein Aa Jao, Ham Preet Kay Geet Sunatay Hayn..",Nigar,1957,Tasadduq Hussain,Naeem Hashmi,Kousar Parveen,
"Piya, Piya, Piya Na Kook, Papiya..",Jhoomar,1959,Khawaja Khursheed Anwar,Tanvir Naqvi,Naheed Niazi,
Poochhtay Ho Kya Mujh Say Meri Wafa..,Teray Baghair,1959,Master Inayat Hussain,Tanvir Naqvi,Naseem Begum,
"Preet Laga Kay, Nain Mila Kay, Dil Ko Dil Say Mila Kay..",Chhoti Begum,1956,Tasadduq Hussain,Hazin Qadri,Saleem Raza,
"Preet Sajjan Ki Mann Mein, Aag Laggan Ki Mann Mein..",Aaj Kal,1959,?,Munir Niazi,Naheed Niazi,
"Preshan Chandni Hay, Chand Taray Yaad Kartay Hayn..",Mirza Sahiban,1956,Khawaja Khursheed Anwar,Qateel Shafai,Saleem Raza,
"Pritam Jo Main Janti, Preet Na Kiye Dukh Howay..",Neend,1959,Rasheed Attray,?,Noorjahan,
"Pyar Bhara Dil Tornay Waly, Pyar Ka Yeh Dastoor Nahin..",Qismat,1956,Feroz Nizami,Tufail Hoshiarpuri,Kousar Parveen,
"Pyar Bharay Dil Milay, Taron Bhari Raat Mein..",Ilteja,1955,Gul Haidar,Qateel Shafai,Munawar Sultana,
"Pyar Bharay Dil, 2 Pyar Bharay Dil Khatam Huway..",Parvaz,1954,Rafiq Ghaznavi,Tanvir Naqvi,Kousar Parveen,
Pyar Bharay Saaz Peh Koi Dil Ka Tarana Ganay Laga..,Jagga,1958,G.A. Chishti,Ahmad Rahi,Zubaida Khanum,
Pyar Bhari Is Mehfil Ka Har Ek Tarana Tera Hay..,Khizan Kay Baad,1955,Hassan Latif,Qateel Shafai,Zubaida Khanum,
"Pyar Ka Maza Letay Jana, Babu Na Sharmana..",Anjaam,1957,A. Hameed,Sikandar Behzad Talib,Zubaida Khanum,
"Pyar Kahay Main Gaun, Ban Kay Hawa Lehraun..",Bara Aadmi,1957,Ghulam Nabi,Kaleem Usmani,Mubarak Begum & Co.,
"Pyar Karen, Aa Ja Pyar Karen, Ham Ek Hayn, Yeh Iqrar Karen..",Chhoti Begum,1956,Tasadduq Hussain,Qateel Shafai,Kousar Parveen,
"Pyar Karen, Ayo Pyar Karen, Gham Bhoolen, Dil Shad Karen..",Judai,1950,Hassan Latif,Tanvir Naqvi,Pukhraj Pappu,
"Pyar Kay Din Hayn, yeh Main Jawan, Tu Jawan..",Lakhpati,1958,Masoom Rahim,Sahil Farabi,Depura Daniel,
"Pyar Ki Dunya Basa Kar Lut Geye, Lut Geye..",Shohrat,1957,Rasheed Attray,Tufail Hoshiarpuri,Zubaida Khanum,
"Pyar To Hara Hi Tha, Main Nay Dil Bhi Haar Diya..",Shama,1959,Hassan Latif,Tanvir Naqvi,Munir Hussain,
"Pyara Pyara Hay Din, Aaj Milay Hayn Sab Sath..",Hamari Zuban,1955,Ghulam Nabi,Rasheed Ahmad Lashari,Nazir Begum,
"Pyaray Majnu, Mohabbat Nibhana, Lakh Dushman Ho Jaye Zamana..",Dil Mein Tu,1958,Manzoor,Sardar Adeeb,Zubaida Khanum,
"Pyaray Nabi (Saw), Sardar-2-Alam, Dukhion Kay Ghamkhar Nabi (saw)..",Himmat,1959,Saleem Iqbal,Tanvir Naqvi,?,
"Pyari Zuban Urdu, Qoumi Zuban Urdu, Uncha Rahay Ga..",Hamari Zuban,1955,Ghulam Nabi,Hafiz Ata Mohammad,Nazir Begum,
"Qarar Lootney Walay, Tu Qarar Ko Tarsay..",7 Lakh,1957,Rasheed Attray,Saifuddin Saif,Munir Hussain,
Qisa Laila Majnu..,Ishq-e-Laila,1957,Safdar Hussain,Qateel Shafai,Inayat Hussain Bhatti,
"Qismat Hi Ko Manzoor Na Tha Mail Hamara, Ham Jis Kay Huway..",Sailab,1953,Asghar Ali,Arsh Lakhnavi,Zeenat Begum,
Qismat Ka Muhnzor Bhanwar Hay Aur Majboor Insan..,Masoom,1957,Master Inayat Hussain,Qateel Shafai,Inayat Hussain Bhatti,
Qismat Mein Koi Taron Bhari Raat Na Ho Gi..,Khatoon,1955,Rasheed Attray,Tufail Hoshiarpuri,Zubaida Khanum,
Qismat Nay Gham Hi Gham Diye Hayn Ham Ko..,Bara Aadmi,1957,Ghulam Nabi,Kaleem Usmani,Mubarak Begum,
Qismat Nay Mohabbat Ka Sila Kiya Diya Hay..,Haqeeqat,1956,G.A. Chishti,A. Shah,Kousar Parveen,
Qismat Nay Muskara Kay Zindagi Kay Din Pheray..,BeQarar,1950,Master Ghulam Haider,Tufail Hoshiarpuri,Munawar Sultana,
"Qismat Roothi, Sathi Chhota, Reh Geya Gham..",Waada,1957,Rasheed Attray,Tufail Hoshiarpuri,Kousar Parveen,
"Qismat Say Chand Ho Geya Mand, Doob Geye Hayn Sitaray..",Dil Mein Tu,1958,Manzoor,Sardar Adeeb,Zubaida Khanum,
"R.A.T. Rat, Maani Chuha, C.A.T. Cat, Maani Billi..",Savera,1959,Manzoor,Nazim Panipati,Saleem Shehzad,
"Raat Chandni, Main Akeli..",Zehr-e-Ishq,1958,Khawaja Khursheed Anwar,Qateel Shafai,Zubaida Khanum,
Raat Geye Jab Jhoom Jhoom Kay Rand Chalay..,Mehfil,1955,Hassan Latif,Tanvir Naqvi,Zubaida Khanum,
Raat Geye Jab Jhoom Jhoom Kay Rand Chalay..,Mehfil,1955,Hassan Latif,Tanvir Naqvi,Inayat Hussain Bhatti,
"Raat Ho Geyi Jawan, Naghma Ban Kay Aa Geyi Lab Peh Dil Ki Baat..",Sabira,1956,Safdar Hussain,Tufail Hoshiarpuri,Kousar Parveen,
Rag-e-Laila Peh Yahan Nishtar Fasad Chala..,Ishq-e-Laila,1957,Safdar Hussain,Qateel Shafai,Inayat Hussain Bhatti,
"Rahay Uncha Tera Naam, Sakhi Ray, Uncha Tera Naam..",Hatim,1956,Safdar Hussain,Qateel Shafai,Saleem Raza,
"Rahi Na Meray Bas Ki Baat, Dekh Saki Na Aaj Ki Raat..",Gumrah,1959,G.A. Chishti,Ahmad Rahi,Zubaida Khanum,
"Rahun Gi Teri Ho Kay, O Meray Balam..",Palkan,1957,G.A. Chishti,Ahmad Rahi,Zubaida Khanum,
"Rain Basera, Yeh Dunya Rain Basera, Na Ghar Tera, Na Ghar Mera..",Eid,1951,?,?,?,
"Raj Dularay, Aankh Kay Taray, Tujh Ko Khuda Par Chhor Diya..",Daata,1957,Tasadduq Hussain,Qateel Shafai,Kousar Parveen,
"Raj Dularay, Phoolon Ki Seij Pay Tujh Ko Salaun..",Noukar,1955,G.A. Chishti,Qateel Shafai,Munawar Sultana,
"Raj Dularay, Tohay Dil Mein Basaun, Tohay Geet Sunaun..",Noukar,1955,G.A. Chishti,Qateel Shafai,Kousar Parveen,
"Raja Mahal Mein, Andar Pariyon Ka Gana..",Hasrat,1958,Safdar Hussain,Qateel Shafai,Munawar Sultana,
"Rakh Sada Anjam Peh Ghafil Nazar, Kuchh To Deta Ja..",Lakht-e-Jiggar,1956,G.A. Chishti,Saifuddin Saif,Saleem Raza,
"Rakk Jayen Aap, Raat Bari Mukhtasir Si Hay..",Harjai,1952,Fateh Ali Khan,?,?,
Ramzan Kay Maheenay Ki Ik Dastan Suno..,Alam Ara,1959,Rehman Verma,Shabab Keranvi,Inayat Hussain Bhatti,
"Rangeen Baharen, Tujhay Pukaren, Kiye Ja Aish Subh-o-Sham..",Alam Ara,1959,Rehman Verma,Mushir Kazmi,Naseem Begum,
"Rangeen Mulqaton Kay Mazay, Kuchh Tum Lay, Kuchh Ham Lay Len..",Mirza Sahiban,1956,Khawaja Khursheed Anwar,Tufail Hoshiarpuri,Zubaida Khanum,
"Rim Jhim Bavri Baji, Raja, Rim Jhim Aa Ja..",Jheel Kinaray,1955,Nazir Jafri,Mushir Kazmi,Kousar Parveen,
"Rim Jhim, Rim Jhim, Paray Phawar, Tera Mera Nitt Ka Pyar..",Koel,1959,Khawaja Khursheed Anwar,Tanvir Naqvi,Naheed Niazi,
"Rim Jhim, Rim Jhim, Paray Phawar, Tera Mera Nitt Ka Pyar..",Koel,1959,Khawaja Khursheed Anwar,Tanvir Naqvi,Noorjahan,
"Ro Ro Kay Chashm-e-Nam, Tu Mohammad (Saw) Ka Naam Lay..",Touheed,1958,Khursheed Qais,Anwar Hakeem,Saleem Raza,
"Ro Ro Pukaray Maa, Tu Raj Dularay Hay Kahan..",Dil Mein Tu,1958,Manzoor,Sardar Adeeb,?,
"Roknay Say Bhala Kab Rukta Hay, Door Ka Janay Wala..",Pavan,1956,Nazir Jafri,Mushir Kazmi,?,
"Roop Ki Badri, Chhai Jawani, Ayi Meri Jan, Hip Hip Phurray..",Ghalt Fehmi,1950,Inayat Ali Nath,I.A. Nazish,Asha Poslay,
"Roshni Nahin Hay Door Door Tak, Jao, Tujh Ko Chhor Dun..",Masoom,1957,Master Inayat Hussain,Qateel Shafai,Zubaida Khanum,
Rotay Hayn Chham Chham Nain.. Dekh Liya Tera Pyar..,16 Aanay,1959,Feroz Nizami,Qateel Shafai,Zubaida Khanum,
"Roun Main Sari Ratian, Bhoolen Na Batian, O Saajan, Rooth Na Ja..",Ilzam,1953,Asghar Ali,Naeem Hashmi,Pukhraj Pappu,
"Roye Jawani, Roye Jawani, Dil Say Bhi..",Mujrim,1954,Tufail Farooqi,Ahmad Rahi,Kousar Parveen,
"Roye Mera Dil, Tu Hay Kahan, Dasti Hayn Tanhahian..",Bharosa,1958,A. Hameed,Habib Jalib,Zubaida Khanum,
Rukh Roshan Kay Aagay Sham Rakh Kar Woh Kehtay Hayn..,Hamari Zuban,1955,Ghulam Nabi,Dagh Dehlvi,Nazir Begum,
"Rut Hay Shabab Ki, Din Hayn Bahar Kay..",Intekhab,1955,Feroz Nizami,Kaleem Usmani,Saleem Raza,
"Rut Mastani, Gaye Jawani, Hey Raha Na Jaye Ray..",Mehfil,1955,Hassan Latif,Tanvir Naqvi,Nazir Begum,
"Rutt Hay Gulabi, Dil Hay Sharabi, Toot Geyi Angrai..",Mehbooba,1953,Master Inayat Hussain,Tanvir Naqvi,?,
"Rutt Hay Haseen, Shabab Peh Fasal-e-Bahar Hay..",Faisala,1959,A. Hameed,Fyaz Hashmi,Naheed Niazi,
"Rutt Hay Suhani, Gori Ki Jawani Dagmag Dagmag Dolay..",Aakhri Nishan,1958,Rehman Verma,Mushir Kazmi,Naheed Niazi & Co.,
"Rutt Rutt Rang Badalta Mela, Na Tera Na Mera Hay..",Nagin,1959,Safdar Hussain,Qateel Shafai,Saleem Raza,
"Sab Say Rahen Hushiar, Koi Daku, Koi Dushman..",Lalkar,1959,Khursheed Qais,Amin Jilani,Saleem Raza,
"Saba Udas Baharon Ka, Meray Habib (Saw) Say Mera Salam Keh Dena..",Anokhi Dastan,1950,G.A. Chishti,?,Munawar Sultana,
"Sabaz Gunbad Kya Makeen (saw), Meri Madad Farmaiye..",Sohni,1955,Feroz Nizami,Qateel Shafai,Kousar Parveen,
"Sada Hun Apnay Pyar Ki, Jahan Say Be-Nyaz Hun..",Anar Kali,1958,Rasheed Attray,Qateel Shafai,Noorjahan,
"Sagar Roye, Lehren Shor Machayen, Yaad Piya Ki Aye..",Koel,1959,Khawaja Khursheed Anwar,Tanvir Naqvi,Noorjahan,
Saharay Toot Bhi Jatay Hayn Kyun Jhooti Aas Par..,Bheegi Palken,1952,Master Ghulam Haider,Tufail Hoshiarpuri,Munawar Sultana,
"Sajda Gah Hay Ahl-e-Dil, Yehni Arab Ki Sar Zameen Mein..",Laila Majnu,1957,Rasheed Attray,Hakeem Ahmad Shujaa,Naheed Niazi,
"Sajj Kay Tayyar Hui, Des Paraye, Banno..",Shalimar,1956,G.A. Chishti,Tufail Hoshiarpuri,Zubaida Khanum,
"Sajjan Moray Pas, Nazar Lalchaye, Jiya Lehray..",Pehla Qadam,1958,Ghulam Nabi,?,Nazir Begum,
"Sakhi Ri Nahin Aye, Sajnawa, Papi Pipio Gaye..",Gulnar,1953,Master Ghulam Haider,Tanvir Naqvi,Noorjahan,
"Sakhi, Jhoom Jhoom Kay Gaye Jawani Pyar Ka Tarana..",Shararay,1955,Feroz Nizami,Tanvir Naqvi,Salma Begum,
"Sakhi, Kuchh Day Day Rah-e-Khuda..",Ishq-e-Laila,1957,Safdar Hussain,Qateel Shafai,Inayat Hussain Bhatti,
"Salam, A Tajdar-e-Anbiya, Fazal-e-Rabbani, Salam..",Darbar-e-Habib,1956,Rehman Verma,Saghar Siddiqi,Inayat Hussain Bhatti,
"Salamat Rahay, Dil Ko Tarpanay Waly..",Savera,1959,Manzoor,Nazim Panipati,Naheed Niazi,
"Samaa Pyara Pyara, Aa Dil Nay Pukara, Aisay Mein To Aa Ja..",Pavan,1956,Nazir Jafri,Mushir Kazmi,Kousar Parveen,
"Samjhati Rahi Main Jinhen Apna, Woh Beganay Niklay..",Shohrat,1957,Rasheed Attray,Tufail Hoshiarpuri,Kousar Parveen,
"Samna Ho Geya Qyamat Ka, Lo Janaza Chala Mohabbat Ka..",Hichkolay,1949,Master Inayat Hussain,Saifuddin Saif,Ali Bakhsh Zahoor,
"Sanam, Bhoolaypan Mein Uljh Geye Ham..",Society,1959,Safdar Hussain,Ahmad Rahi,Zubaida Khanum,
SanamKhano Mein Kehtay Hayn Musalman Geye..,Darbar-e-Habib,1956,?,?,Saleem Raza,
"Sanjwa Hamaray, Basay Pardes, Raat Lai Hay Ghoonghat Mein..",Baap Ka Gunah,1957,Rasheed Attray,Saghar Siddiqi,Zubaida Khanum & Co.,
Sanwan Ki Ghangor Ghattao..,Intezar,1956,Khawaja Khursheed Anwar,Qateel Shafai,Noorjahan,
"Sanwaria, Tohay Koi Pukaray, Aa Ja Ray..",Dupatta,1952,Feroz Nizami,Mushir Kazmi,Noorjahan,
"Sanwaria, Tujh Bin Na Hi Aawat Chain, Tujh Bin Mori Akhian Soni..",Tarrap,1953,Asghar Ali,Mushir Kazmi,?,
"Sanwariya, Aana Chori Chori Angna Mein, Jab Say Tum Sang..",Teray Baghair,1959,Master Inayat Hussain,Tanvir Naqvi,Iqbal Bano,
"Sapnay Hamaray Tootay Hayn, Saray Jahan Jhootay Hayn..",Shohrat,1957,Nazir Jafri,Tufail Hoshiarpuri,Kousar Parveen,
"Sapno Mein Khoye Jab Sab Soye, Mera Sapna Toot Geya..",Sardar,1957,G.A. Chishti,Tufail Hoshiarpuri,Zubaida Khanum,
"Sari Dunya Dushman Hay, Ik Dard Ka Mara Dil Hay..",Aavaz,1953,Hassan Latif,Sahil Farani,Munawar Sultana,
Sawan Ki Ghanghoor Andhiari Birha Ki Ratian Bhari..,Sitaron Ki Dunya,1958,Zafar Khursheed,Ustad Bandu Khan,Ustad Bandu Khan,
Sawan Ki Kali Raton Mein Tum Neend Ban Kay Aye..,Sailab,1953,Asghar Ali,Shoukat Hashmi,Zeenat Begum,
"Sayyan Jee Ko Dhoondnay Chali, Phirun Main Gali Gali, Jogan Ban Kay..",Nagin,1959,Safdar Hussain,Qateel Shafai,Naheed Niazi,
Shaam Saveray Nain Bichha Kar Rah Takun Main Sajan Ki..,Waada,1957,Rasheed Attray,Tufail Hoshiarpuri,Kousar Parveen,
"Shah-e-Madina (saw), Yasrib Kay Wali, Saray Nabi Teray..",Noor-e-Islam,1957,Hassan Latif,Naeem Hashmi,Saleem Raza & Co.,
"Sham Dhalay, Taray Khulay Gaggan Talay Ray..",Mehbooba,1953,Master Inayat Hussain,Tanvir Naqvi,Pukhraj Pappu,
"Sham-e-Judai, Teri Duhai, Dil Kay Lahu Say, Ankh Bhar Ayi..",Anjaam,1957,A. Hameed,Saghar Siddiqi,Kousar Parveen,
Shama Jall Kar Dekhti Hay Roz Parwano Ka Nach Taal Par..,Maska Polish,1957,Deebo,Fida Yazdani,Depura Danial,
"Shikwa Bivi Say Hay, Shouq Sanwar Janay Ka..",Jan-e-Bahar,1958,Rasheed Attray,Qateel Shafai,Noorjahan,
Sitamgar Mujhay Be-Wafa Janta Hay..,7 Lakh,1957,Rasheed Attray,Saifuddin Saif,Kousar Parveen,
"Sitaro, Tum To So Jao, Preshan Raat Sari Hay..",Ishq-e-Laila,1957,Safdar Hussain,Qateel Shafai,Iqbal Bano,
"So Ja Ray, So Ja, Lal Hamaray (slow)..",Zehr-e-Ishq,1958,Khawaja Khursheed Anwar,Qateel Shafai,Zubaida Khanum,
"So Ja Ray, So Ja, Lal Hamaray, Ammi Kay Pyaray, Raj Dularay..",Zehr-e-Ishq,1958,Khawaja Khursheed Anwar,Qateel Shafai,Zubaida Khanum,
"So Ja Ri So Ja, Nanhi Tu So Ja, Meri Ahon Kay Jhoolay Mein Jhool..",Bharosa,1958,A. Hameed,Qateel Shafai,Kousar Parveen,
"So Ja, Meray Chand, Meri Ankh Kay Taray, Dil Kay Saharay..",Qismat,1956,Feroz Nizami,Tufail Hoshiarpuri,Saleem Raza,
"So Ja, Meray Chand, Meri Ankh Kay Taray, Dil Kay Saharay..",Qismat,1956,Feroz Nizami,Tufail Hoshiarpuri,Kousar Parveen,
"Soch Samjh Kar Dil Dena, Yunhi Pyar Na Karna..",Muskarahat,1959,Hameed Jazib,Hameed Jazib,Zubaida Khanum,
"Soye Chand Taray, Soye Sab Nazaray, Tu Bhi Chand Meray So Ja..",Mumtaz,1958,Mian Shehar Yaar,Liaqat Sehbai,Naseem Begum,
"Soye Chand Taray, Soye Sab Nazaray, Tu Bhi Chand Meray So Ja..",Mumtaz,1958,Mian Shehar Yaar,Liaqat Sehbai,Hameeda Bano,
"Suhani Raat Hay Balam, Meri Banhon Mein Jee Lay..",Touheed,1958,Khursheed Qais,Hazin Qadri,Kousar Parveen,
"Sun Baat Kisi Deevanay Ki, Ho Khair Teray Mehkhanay Ki..",Darbar-e-Habib,1956,Rehman Verma,Nazim Panipati,Inayat Hussain Bhatti,
"Sun Bhi Lay, Dil Ki Baat, Kehti Hay Yeh Raat..",Khul Ja Sim Sim,1959,Tufail Farooqi,Habib Jalib,Naheed Niazi,
"Sun Ja Meray Tootay Saharay, Ab Main Kis Ko Pukarun..",Aaj Kal,1959,?,Tanvir Naqvi,Kousar Parveen,
"Sun Khudaya, Dunya Kay Malik, Teray Jahan Mein..",Neyi Larki,1958,Hassan Latif,Munir Niazi,Zubaida Khanum,
"Sun Lay Meri Sada, Ruswa Na Ho Jahan Mein..",Mujrim,1954,Tufail Farooqi,Ahmad Rahi,Kousar Parveen,
"Sun Lay Sada Hamari, Ham Prem Kay Bhakari, Aye Teri Gali Mein..",Amanat,1950,Nazir Jafri,Qateel Shafai,Salma Begum,
"Sun Lo Mera Afsana, Hay Be-Wafa Zamana..",Khatoon,1955,Rasheed Attray,Tufail Hoshiarpuri,Zubaida Khanum,
"Sun Lo Rangeelay Jawano, Pall Bhar Kay Mehmano..",Bara Aadmi,1957,Ghulam Nabi,Tufail Ahmad Jamali,Mubarak Begum,
"Sun Lo, Tum Say Pyar Hay, Dil Ki Yeh Pukar Hay..",Faisala,1959,A. Hameed,Fyaz Hashmi,Kousar Parveen,
"Sun Meri Faryad, Madina Rahay Tera Abad, Kali Kamli Waly (saw)..",Touheed,1958,Khursheed Qais,Hazin Qadri,Salma Begum,
"Sun Pyar Bhara Yeh Afsana, Lay Nazron Ka Nazrana..",Bharosa,1958,A. Hameed,Tanvir Naqvi,Munir Hussain,
"Sunayen Kya Dukh Bhari Kahani, Sunayen Kya Dard Ka Afsana..",Waada,1957,Rasheed Attray,Tufail Hoshiarpuri,Kousar Parveen,
"Suno Faryad Meri, Sarkar Madinay Walay..",Mirza Sahiban,1956,Khawaja Khursheed Anwar,?,Zubaida Khanum,
Suno Munni Si Guriya Ki Dard Bhari Baten (sad)..,Sahara,1959,Mohammad Ali Munnu,Sardar Adeeb,Munawar Sultana,
"Suno Munni Si Guriya Ki Pyar Bhari Baten, Albelay Din Aye (happy)..",Sahara,1959,Mohammad Ali Munnu,Sardar Adeeb,Munawar Sultana,
"Suno Suno Ray Dunya Walo, Meri Ek Kahani Bachpan Ki..",Sailab,1953,Asghar Ali,Arsh Lakhnavi,Zeenat Begum & Co.,
"Suno Suno Ray, Matwalo, A Dil Walo, Mohabbat Baray Kaam Ki Cheez Hay..",Ilteja,1955,Gul Haidar,Qateel Shafai,Munawar Sultana,
"Suno Suno, Sanwariya, Chhun Chhun Ki Sureeli Dhun..",Gumrah,1959,G.A. Chishti,Ahmad Rahi,Naheed Niazi,
"Suno, Suno, Is Dil Ki Dharkan Mein Tera Hi Afsana Hay..",Beli,1950,Rasheed Attray,Masood Parvez,Ali Bakhsh Zahoor,
"Suno. Arz Meri Kamli Walay (Saw), Koi Kya Samjhay, Koi Kya Janay..",Zehr-e-Ishq,1958,Khawaja Khursheed Anwar,Qateel Shafai,Zubaida Khanum,
"Tam Tam Tam, Neyi Taal Peh Neye Taranay Gao..",Aaghosh,1953,Master Inayat Hussain,Tanvir Naqvi,Munawar Sultana,
"Tan Tan Tana, Mukeyi Ka Dana, Chor Bana Muna, Luk Chhup Jana..",Neya Zamana,1958,Tasadduq Hussain,Majruh Sultanpuri,Kousar Parveen,
"Tanatum Tanatum, 2 Rang Bharay Naino Ki Qasm..",Gulnar,1953,Master Ghulam Haider,Qateel Shafai,Roshan Ara Begum,
"Tann Dholay, Mera Mann Dholay, Mujhay Tuj Bin Hua Bukhar..",Daata,1957,Tasadduq Hussain,Qateel Shafai,?,
"Taqdeer Kay Malik, Dekh Zara, Kya Zulm Yeh Dunya Karti Hay..",Noukar,1955,G.A. Chishti,Qateel Shafai,Saleem Raza,
"Taqdeer Kay Malik, Meri Bigri Bana Day..",Khatoon,1955,Rasheed Attray,Tufail Hoshiarpuri,Zubaida Khanum,
"Taqdeer Kay Wali, Aaj Ayi Hun Main Dar Peh Teray Ban Kay Sawali..",Mehfil,1955,G.A. Chishti,Tanvir Naqvi,Zubaida Khanum,
Taqdeer Kay Zalim Hathon Mein Insan Hay Khilona..,Society,1959,Safdar Hussain,Ahmad Rahi,Naseem Begum,
"Tarap Raha Hay Dil-e-Beqarar, Aa Jao Lay Pyar, Aa Jao..",Anjaam,1957,A. Hameed,Saifuddin Saif,Pukhraj Pappu,
"Tarap Raha Hay Pyar, Geyi Main Haar, Sanwariya, Aa Ja Ray..",Qismat,1956,Feroz Nizami,Tufail Hoshiarpuri,Kousar Parveen,
"Tarapna Dekh Lay O Janay Walay, Apnya Bismal Ka..",Hasrat,1958,Safdar Hussain,Qateel Shafai,Inayat Hussain Bhatti,
"Tarapti Hayn Tamannaen, Sitaro Un Say Keh Dena..",Laila Majnu,1957,Rasheed Attray,Tanvir Naqvi,Naheed Niazi,
"Tarapti Hun Din Rain, Sanwariya Na Aye Chain..",Rukhsana,1958,Rasheed Attray,Tufail Hoshiarpuri,Zubaida Khanum,
"Taron Ka Bhi Tu Maalik, Yeh Chand Bhi Tera Hay..",Sarfarosh,1956,Rasheed Attray,Tufail Hoshiarpuri,Iqbal Bano,
"Tarpaen Gay Ham Dil Ko, Ankhon Ko Rulaen Gay..",Hichkolay,1949,Master Inayat Hussain,Saifuddin Saif,Munawar Sultana,
"Tasvir Bananay Walay, Tasvir Bana Day, Meri Bigri Taqdeer Bana Day..",Khatoon,1955,Rasheed Attray,Tufail Hoshiarpuri,Zubaida Khanum,
"Teer Nazar Kay Palkon Peh Dhar Kay, Dil Peh Hamari Na Chalao..",Sitaron Ki Dunya,1958,Zafar Khursheed,Izhar Malihabadi,?,
"Teer Par Teer Chalao, Tumhen Dar Kis Ka Hay..",Naghma-e-Dil,1959,G.A. Chishti,Tufail Hoshiarpuri,Saleem Raza,
"Tera Jugg Jugg Jeevay Lal, O Babu, Is Jholi Mein Kuchh Daal..",Baghi,1956,Rehman Verma,Mushir Kazmi,Pukhraj Pappu,
"Tera Mera Pyar Hua, Keh Do Iqrar Hua, Bolo Bolo Bolo..",Haqeeqat,1956,G.A. Chishti,A. Shah,Munawar Sultana,
Teray Bagher Teray Saharon Ko Kya Karun..,Sachai,1949,G.A. Chishti,?,Munawar Sultana,
"Teray Bina, Sooni Sooni Lagay Ray, Chandni Raat..",Koel,1959,Khawaja Khursheed Anwar,Tanvir Naqvi,Noorjahan,
"Teray Dar Par Sannam Chalay Aye, Tu Na Aya To Ham Chalay Aye..",Neend,1959,Rasheed Attray,Qateel Shafai,Noorjahan,
Teray Honton Nay Keh Diya Ruk Ruk Kay..,Anokhi,1956,Timir Baran,Fyaz Hashmi,Zubaida Khanum,
"Teray Intezar Mein, Balam, Teray Pyar Mein,  Jiya Ghabraye..",Mehfil,1955,Nazir Jafri,Tufail Hoshiarpuri,Pukhraj Pappu,
"Teray Liye Dil Beqarar Hay, Teri Qasm, Tujh Say Mujhay Pyar Hay..",Aas Pas,1957,Akhtar Hussain Akhian,Sahil Farani,Zubaida Khanum,
"Teray Mahalon Ki Chhaon Mein, Qarar Apna Luta Baithay..",Hatim,1956,Safdar Hussain,Qateel Shafai,Saleem Raza,
"Teray Sar Ka Wali Jiye, Teray Bagh Ka Mali Jiye (bol)..",Mehfil,1955,Hassan Latif,Tanvir Naqvi,Inayat Hussain Bhatti,
"Teray Siwa Nahin Hay, Ya Rabb Koi Sahara..",Alam Ara,1959,Rehman Verma,Shabab Keranvi,Naheed Niazi,
"Teri Chal Hay Qyamat, Baliye, Matt Thumak Thumak Kar Chaliye..",Society,1959,Safdar Hussain,Ahmad Rahi,Zubaida Khanum,
"Teri Dunya Say Door, Buhat Door Chali Jaun Gi..",Hamari Zuban,1955,Ghulam Nabi,Rand Kaifi,Nazir Begum,
"Teri Meri Ankh Lari Hay, Chori Chori Aa Kay Mil Ja..",Raat Ki Baat,1954,Master Inayat Hussain,Saifuddin Saif,?,
"Teri Naa Ko Haan Samjh Lun, Tujhay Mehrban Samjh Lun..",Lakhpati,1958,Masoom Rahim,Sahil Farani,Depura Daniel,
"Teri Nazar Say Meri Nazar, Aaj Miltay Huway Sharmai..",Sardar,1957,G.A. Chishti,Ahmad Rahi,Zubaida Khanum,
"Teri Nazar, Meri Nazar Say Kyun Sharmanay Lagi..",Khizan Kay Baad,1955,Hassan Latif,Mushir Kazmi,Zubaida Khanum,
"Teri Ruswaion Say Darta Hun, Jab Teray Shehar Say Guzarta Hun..",Waada,1957,Rasheed Attray,Saifuddin Saif,Sharafat Ali,
Teri Tasvir Say Ham Apna Dil Behlay Jatay Hayn..,Mumtaz,1958,Mian Shehar Yaar,Liaqat Sehbai,Saif Chughtai,
"Teri Tasvir Yeh Keh Rahi Hay, Is Liye To Yeh Dukh Seh Rahi Hay..",Jheel Kinaray,1955,Nazir Jafri,Mushir Kazmi,Kousar Parveen,
"Teri Ulfat Mein Sannam, Dil Nay Buhat Dard Sahay..",Sarfarosh,1956,Rasheed Attray,Tufail Hoshiarpuri,Zubaida Khanum,
"Teri Ulft Mein Ham Ko Khuda Ki Qasm, Baap Dada Ki Qasm..",Ghalt Fehmi,1950,Inayat Ali Nath,I.A. Nazish,Nazar,
Teri Yaad Mein Seena Jalta Hay..,Ham Watan,1951,Pardesi,Maya Devi,Pukhraj Pappu,
"Teri Yaad Sataye, Sajna, Kabhi Aao Dukhya Kay Dawar..",Sohni,1955,Feroz Nizami,Qateel Shafai,Kousar Parveen,
"Tham Tham Kay Purwah, Sun Kay Sajna Ray..",Teray Baghair,1959,Master Inayat Hussain,Tanvir Naqvi,Zubaida Khanum,
"Thandi Aahen Bharin, Dekh Liye Aasman Kay Sitam..",Qatil,1955,Master Inayat Hussain,Qateel Shafai,Kousar Parveen,
"Thandi Hawa Chalay, Tham Tham Kay Din Dhalay..",Ankh Ka Nashah,1957,Master Inayat Hussain,Qateel Shafai,Naheed Niazi,
"Thandi Thandi Aain Hawaen, Bheega Bheega Mousam, Jee Chahay..",Himmat,1959,Saleem Iqbal,?,?,
"Thandi Thandi Hawa Aye, Aa Ha Ha..",Hamari Basti,1950,Feroz Nizami,Mushir Kazmi,?,
"Thokar Say Mita Deta Hay Bedard Zamana, Taqdeer Kya Karti Hay..",BeGunah,1958,Mian Shehar Yaar,Ashur Kazmi,Naseem Begum,
"Thora Thora Tum, Thora Thora Ham, Aao Sanam Pyar Karen..",Jan-e-Bahar,1958,Rasheed Attray,Qateel Shafai,Zubaida Khanum,
Thumak Thumak Gori Chalti Jaye..,Masoom,1957,Master Inayat Hussain,Qateel Shafai,Zubaida Khanum,
"Thumak Thumak Nachay Jiya Banwariya, Aye Ghar Sanwariya..",Jheel Kinaray,1955,Nazir Jafri,Mushir Kazmi,Roshan Ara Begum,
"Thuman Thumak Aaj Sakhi, Pritum Kay Dawar Chali..",Nazrana,1955,Tufail Farooqi,Qateel Shafai,Kousar Parveen,
"Toofan Mein Hay Kashti Apni Aur Door Kinara Hay, Daata..",Daata,1957,Tasadduq Hussain,Qateel Shafai,Kousar Parveen,
"Toofan-e-Mohabbat Uthta Hay, Ham Kash Is Mein Beh Na Jayen..",Jan-e-Bahar,1958,Rasheed Attray,Qateel Shafai,Noorjahan,
"Toot Geya Hay Saz-e-Dil, Soz Hay Taar Taar Mein..",Mandi,1956,Rafiq Ghaznavi,Mushir Kazmi,Khursheed,
Tootay Huay Dilon Ka Sahara Tum Hi To Ho..,Darbar-e-Habib,1956,Rehman Verma,Saghar Siddiqi,Imdad Hussain,
"Toray Naina Baray Be-Iman, Dil Lay Kay Banay Anjan..",Khatoon,1955,Rasheed Attray,Tufail Hoshiarpuri,Zubaida Khanum,
"Touba, Dil Lay Kay Nazrein Churatay Hayn Woh..",Shalimar,1956,G.A. Chishti,Sahil Farani,?,
"Touba, Touba, Jawani Ki Zindagi Say Touba..",Neyi Larki,1958,Hassan Latif,Munir Niazi,Kousar Parveen,
"Tu Aa Ja Ray, Sitaray Bujhay Ja Rahay Hayn..",Deevar,1954,?,Mushir Kazmi,Pukhraj Pappu,
"Tu Aa Ja, Meray Dil Ka Hay Khali Makan, Karaya Bara Lay Ga..",Naghma-e-Dil,1959,G.A. Chishti,Tufail Hoshiarpuri,Inayat Hussain Bhatti,
"Tu Daata, Jagg Daata, Har Lab Par Hay Naam Tera..",Ankh Ka Nashah,1957,Master Inayat Hussain,Agha Hashar Kashmiri,Zubaida Khanum,
"Tu Haar Mera, Singhar, Mera, O Belyia..",Himmat,1959,Saleem Iqbal,Rehman Pyami,?,
Tu Hay Bewafa Aur Na Main Bewafa.. Jal Geya Ashiyan..,Aakhri Nishan,1958,Rehman Verma,Mushir Kazmi,Naheed Niazi,
Tu Jo Nahin Hay To Kuchh Bhi Nahin Hay..,Savera,1959,Manzoor,Fyaz Hashmi,S.B. John,
Tu Kaisa Khuda Hay Jo Yeh Sitam Dekh Raha Hay..,Maska Polish,1957,Deebo,Fida Yazdani,Mehdi Hassan,
"Tu Khaliq Hay, Tu Malik Hay, Khudaya..",Himmat,1959,Saleem Iqbal,Saifuddin Saif,?,
"Tu Kya Janay Maa, Apni Pyari Beti Ko Tu Chhor Geyi Hay..",Baap Ka Gunah,1957,Rasheed Attray,Saifuddin Saif,Kousar Parveen,
"Tu Meri Rani, Main Tera Raja, Ayo Bajaen Baja..",Aakhri Nishan,1958,Rehman Verma,A.K. Musarrat,Batish,
"Tu Nay Jab Say Nain Milaye, Meray Dil Peh Teer Chalaye..",Aas Pas,1957,Akhtar Hussain Akhian,Majeed Sawan,Kousar Parveen,
"Tu Nay Kuchh Suna, Main Nay Kya Kaha..",Deevar,1954,?,Tanvir Naqvi,Pukhraj Pappu,
"Tu Nay Mujhay Pyar Ka Pegham Diya, Sa-Ray-Ga-Ma..",Bheegi Palken,1952,Master Ghulam Haider,Tufail Hoshiarpuri,Munawar Sultana,
"Tu Pas Nahin Hay, Jeeti Hun Keh Marti Hun..",Sachai,1949,G.A. Chishti,?,Munawar Sultana,
"Tu Pyar Ka Samundar Hay, Teri Ek Boond Kay Pyasay Ham..",Sahara,1959,Mohammad Ali Munnu,Sardar Adeeb,Saleem Raza & Co.,
"Tu Saaz Bajata Ja, Awaz Mein Pyar Ka Bhar Kay Rang Meray Sang..",Barkha,1953,Tufail Farooqi,Mushir Kazmi,Munawar Sultana,
"Tujh Say Mujhay Pyar Nahin, Nahin Sarkar Nahin..",Mehfil,1955,Hassan Latif,Tanvir Naqvi,Pukhraj Pappu,
Tujhay Ho Gaya Hay Mujh Say Pyar..,16 Aanay,1959,Feroz Nizami,Qateel Shafai,Ahmad Rushdi,
"Tum Kyun Banay Thay Dil Ka Sahara, Jawab Do..",Bheegi Palken,1952,Master Ghulam Haider,Tufail Hoshiarpuri,Inayat Hussain Bhatti,
"Tum Mein Jo Baat Hay, Rangeen Baharon Mein Kahan..",Sitaron Ki Dunya,1958,Zafar Khursheed,Ustad Umrao Bundu Khan,Ahmad Rushdi,
"Tum Milay Zindagi Muskaranay Lagi, Dil Mein Rangeen Armaan..",Kunvari Beva,1956,Fateh Ali Khan,Tufail Hoshiarpuri,Kousar Parveen,
Tum Na Ho Gay Pas To Barbad Ho Jayen Gay Ham..,2 Kinaray,1949,Fateh Ali Khan,Tufail Hoshiarpuri,Ameer Bai,
Tum Say Yeh Umeed Na Thi Aur Dil Ko Theis Pohnchaye..,Tamanna,1958,Hassan Latif,Qateel Shafai,Saleem Raza,
Tum Zindagi Ko Gham Ka Fasana Bana Geye..,Dupatta,1952,Feroz Nizami,Arsh Lakhnavi,Noorjahan,
Tumhari Aarzoo Mein Koocha-e-Qatil Tak Aa Pohnchay..,Anar Kali,1958,Rasheed Attray,Qateel Shafai,Noorjahan,
"Tumhari Kahani, Hamara Afsana, Kisi Nay Na Samjha, Kisi Nay Na Jana..",Harjai,1952,Fateh Ali Khan,?,?,
"Tumhen Dil Yaad Karta Hay, Kahan Ho Tum Kahan Ho..",Intekhab,1955,Feroz Nizami,Arsh Lakhnavi,Mrs. Dastoor,
"Udas Hay Dil, Nazar Preshan, Chalay Bhi Aao..",Ishq-e-Laila,1957,Safdar Hussain,Qateel Shafai,Saleem Raza,
Udas Raton Mein Teri Yaden Sitaray Ban Kar..,Mujrim,1954,Tufail Farooqi,Ahmad Rahi,Fazal Hussain,
"Ujar Gei Ray Meray Dil Ki Dunya, Aaja Sathi Bachpan Kay..",Barkha,1953,Tufail Farooqi,Mushir Kazmi,Munawar Sultana,
"Ujar Geyi Hay Preet, Khushi Kay Geet Mera Dil Kya Gaye..",Pinjra,1951,Talib Hussain Jafri,?,Iqbal Leylpuri,
"Ujar Geyi Meray Pyar Ki Dunya, Toot Geya Mera Sapna..",Aaghosh,1953,Master Inayat Hussain,Tanvir Naqvi,Munawar Sultana,
Ulfat Bhari Nazar Kay Isharay Badal Geye..,BeQarar,1950,Master Ghulam Haider,Tufail Hoshiarpuri,Ali Bakhsh Zahoor,
"Ulfat Kay Soudagar, Tu Kis Nagri Aa Nikla, Yahan To Pyar Nahin Milta..",Khul Ja Sim Sim,1959,Tufail Farooqi,Habib Jalib,Naheed Niazi,
"Ulfat Ki Neyi Manzil Ko Chala, Yun Dal Kay Bahnen Bahno Mein..",Qatil,1955,Master Inayat Hussain,Qateel Shafai,Iqbal Bano,
"Un Say Bichhar Kar, Yeh Jeena Bhi, A Dil Koi Jeena Hay..",Zehr-e-Ishq,1958,Khawaja Khursheed Anwar,Qateel Shafai,Zubaida Khanum,
"Uth Bandh Kamar, Kya Darta Hay, Phir Dekh, Khuda Kya Karta Hay..",Himmat,1959,Saleem Iqbal,Saifuddin Saif,?,
"Uthay Gham Kay Badal, Naseebo Peh Chhaye..",Hamari Basti,1950,Feroz Nizami,Mushir Kazmi,Zeenat Begum,
"Veeran Meray, Wari Main Teray, Mujh Ko Roti Chhor Na Jana..",Mirza Sahiban,1956,Khawaja Khursheed Anwar,Qateel Shafai,Zubaida Khanum,
"Wah Ray Badaltay Zamanay, Kabhi Chhkka, Kabhi Teen Khanay..",Qatil,1955,Master Inayat Hussain,Saifuddin Saif,Munawar Sultana,
"Weyi Weyi Weyi, Jawani Meri Neyi, Dil Mera Nachay, Ta Theyi..",Naghma-e-Dil,1959,G.A. Chishti,Tufail Hoshiarpuri,Zubaida Khanum,
Woh Aankh Mila Kar Chal Bhi Diye..,Anokhi Dastan,1950,G.A. Chishti,?,Munawar Sultana,
Woh Aaye Bhi Kuchh Aisay Keh Paas Aa Na Sakay..,Eid,1951,?,?,Surindra Kour,
"Woh Bachpan Ki Baten, Woh Hansana, Hansaana..",Pehla Qadam,1958,Ghulam Nabi,?,Madhu Almas,
"Woh Dil Hi Kya, Jis Mein Kisi Ka Pyar Na Ho..",Jheel Kinaray,1955,Nazir Jafri,Mushir Kazmi,Roshan Ara Begum,
"Woh Khawab Suhana Toot Geya, Umeed Geyi, Armaan Geye..",Lakht-e-Jiggar,1956,G.A. Chishti,Saifuddin Saif,Noorjahan,
Woh Nabiyon Mein Rehmat Laqab Panay Wala (saw)..,Touheed,1958,Khursheed Qais,Moulana Altaf Hussain Hali,Kousar Parveen,
"Woh Pyar Ka Mela Khtam Hua, Ik Khel Tamasha Khtam Hua..",Sachai,1949,G.A. Chishti,?,Inayat Hussain Bhatti,
"Woh Sharminda Baithay Hayn, Nazren Jhuka Kay..",Savera,1959,Manzoor,Fyaz Hashmi,Naheed Niazi,
"Ya Khuda Bakhsh Day, Phir Tab-e-Sukhan Shohar Ko Mar Day Na..",Jan-e-Bahar,1958,Rasheed Attray,Qateel Shafai,Noorjahan & Co.,
"Ya Rabb, Teray Banday Jayen Kahan, Bedard Bara Hay Tera Jahan..",Noor-e-Islam,1957,Hassan Latif,Tanvir Naqvi,Zubaida Khanum,
"Yaad Teri Aye, Raha Na Jaye, Aa Ja Piya..",Aaj Kal,1959,?,Tanvir Naqvi,Kousar Parveen,
"Yaaro, Mujhay Muaf Rakho, Main Nashay Mein Hun..",7 Lakh,1957,Rasheed Attray,Saifuddin Saif,Saleem Raza,
"Yahi Dunya Hay Teri, Is Qadar Zulm Kay Toofan Yahan Aatay Hayn..",Baghi,1956,Rehman Verma,Mushir Kazmi,Zubaida Khanum,
"Yeh Ankhen Hayn Peimanay, Koi Manay Ya Na Manay..",Pasban,1957,Rasheed Attray,Aziz Meeruti,Zubaida Khanum,
"Yeh Bhi Koi Insaf Hay A Sahib-e-Insaf, Wahan Mitti Kay Pyalay Mein..",Shahida,1949,G.A. Chishti,Hakeem Ahmad Shujaa,Munawar Sultana,
"Yeh Chand Taray, Jhootay Saharay, Kis Nay Bakheray..",Barkha,1953,Tufail Farooqi,Alama Latif Anwar,Munawar Sultana,
"Yeh Chandni, Yeh Saye, Pehlu Mein Tum Ho Neray..",Miss 56,1956,G.A. Chishti,Wali Sahib,Mehdi Hassan,
"Yeh Dil Hay Mera, Yeh Dil Hay Mera..",Mujrim,1954,Tufail Farooqi,Ahmad Rahi,Kousar Parveen,
"Yeh Dil Hay Tera, Teri Qasm, O Meray Sanam..",Aaghosh,1953,Master Inayat Hussain,Qateel Shafai,Munawar Sultana,
"Yeh Dil Tum Peh Fida Hay, Main Nahin Hun, Yeh Sab Tum Peh Fida Hay..",Sabira,1956,Safdar Hussain,Tufail Hoshiarpuri,Kousar Parveen,
"Yeh Dunya Gham To Deti Hay, Sharik-e-Gham Nahin Hoti..",Dil Mein Tu,1958,Manzoor,Sardar Adeeb,Munir Hussain,
"Yeh Dunya, Thaggon Ki Basti, Yeh Dunya, Choron Ki Basti..",Vah Ray Zamanay,1958,Ghulam Nabi,Fyaz Hashmi,Iqbal Bano,
"Yeh Faza, Yeh Rut Suhani, Yeh Samaa, Yeh Chaand Taray..",Anokhi,1956,Timir Baran,Fyaz Hashmi,Nazir Begum,
Yeh Haal Bhi Tu Dekh Kay Khamosh Agar Hay Malik..,Darbar,1958,Rehman Verma,Atish Ludhyanvi,Zubaida Khanum,
"Yeh Hawa, Yeh Bahar Ki Khusi, Muskaranay Lagi Zindagi..",Apna Paraya,1959,Saif Chughtai,Munir Jeelani,Naheed Niazi,
"Yeh Hawaen, Yeh Fazaen, Yeh Bahar, Janay Kis Ka Kar Rahi Hayn..",Deevar,1954,?,Sahil Farani,Fazal Hussain,
Yeh Kambakht 2 Dil Bhi Milnay Na Paye..,Shahida,1949,Master Ghulam Haider,Hakeem Ahmad Shujaa,Munawar Sultana,
"Yeh Keh Rahi Hay Zindagi, Tujhay Pukar Kay..",Aaj Kal,1959,?,Tanvir Naqvi,Kousar Parveen,
Yeh Khazan Ki Ragni Hay Keh Bahar Ga Rahi Hay..,Ankh Ka Nashah,1957,Master Inayat Hussain,Saifuddin Saif,Zubaida Khanum,
"Yeh Kya Dillagi Hay, Na Aana, Na Jana, Kabhi Yeh Bahana..",Kundan,1950,Lal Mohammad Sabri,Aziz Meeruti,Ali Bakhsh Zahoor,
Yeh Raaz Hamari Ulfat Ka..,Lakht-e-Jiggar,1956,G.A. Chishti,Saifuddin Saif,Munawar Sultana,
Yeh Raaz Tumhari Qismat Ka Na Khola Hay..,Guddi Gudda,1956,G.A. Chishti,?,?,
"Yeh Rang-e-Chamman, Yeh Mast Hawa..",Mirza Sahiban,1956,Khawaja Khursheed Anwar,Tufail Hoshiarpuri,Saleem Raza,
"Yeh Tirchhi Nazar, Yeh Patli Kamar, Har Cheez Yahan Bik Jati Hay..",7 Lakh,1957,Rasheed Attray,Saifuddin Saif,Kousar Parveen,
"Yeh Zalim Zamana, Na Tera Na Mera..",Sachai,1949,G.A. Chishti,Tanvir Naqvi,Inayat Hussain Bhatti,
"Yey Suhana Samaa Aye Ga Phir Kahan, Aa Ja Sapno Kay Raja..",Qismat,1956,Feroz Nizami,Tufail Hoshiarpuri,Laila Arjumand,
"Yun Chhir Geye Dil Kay Taar, Mera Sansar, Khushi Say Jhoom Utha..",Mumtaz,1958,Mian Shehar Yaar,Liaqat Sehbai,Irene Parveen,
Zaban Halao To Ho Jaye Faisala Dil Ka..,Billo,1951,G.A. Chishti,?,Zahida Parveen,
"Zakhm-e-Jiggar Milay Hayn, Ham Ko Wafa Kay Badlay..",Ghulam,1953,Master Ghulam Haider,Saghar Siddiqi,Pukhraj Pappu,
Zamana Lootna Chahta Hay Mujh Say Pyar Tera..,Muskarahat,1959,Hameed Jazib,Hameed Jazib,Kousar Parveen,
"Zamana Pyar Ka Itna Hi Kam Hay, Yeh Na Jana Tha..",Aadmi,1958,Muslehuddin,Tanvir Naqvi,Naheed Niazi,
Zamana Tootay Huway Dil Ka Sath Na Day Saka..,Faisala,1959,A. Hameed,Fyaz Hashmi,Muzaffar,
"Zamanay Ki Ghari, Rupiya Chalaye..",Guddi Gudda,1956,G.A. Chishti,Wali Sahib,Abdul Shakoor Bedal,
"Zameen Par Qadam Hay, Falak Par Nazar Hay, Yeh Manzil Nahin Hay..",Aadmi,1958,Master Ashiq Hussain,Tanvir Naqvi,Naheed Niazi,
"Zamin Bhi Wohi Hay, Wohi Aasman Hay, Magar Ab Woh Pehli Si..",Dil Mein Tu,1958,Manzoor,Sardar Adeeb,Zubaida Khanum,
"Zammen Ka Bojh Hayn Ham, Muflis Hayn, Be-Saharay Hayn..",Sahara,1959,Mohammad Ali Munnu,Sardar Adeeb,Munawar Sultana,
"Zara Aana Ray, O Babu, Thandi Sarak Par Aana Ray..",Thandi Sarak,1957,Mohammad Ali Munnu,Shabab Keranvi,Zubaida Khanum,
"Zara Hosh Mein Aa Deevanay, Main Aag Hun..",Aakhri Nishan,1958,Rehman Verma,Atish Ludhyanvi,Kousar Parveen,
"Zara Jhoom Ja, Khushi Say Keh Badal Gya Zamana..",Neyi Larki,1958,Hassan Latif,Munir Niazi,Zubaida Khanum,
"Zara Muskara Lo, Jawani Hay Pyasi..",Naveli,1952,?,Saifuddin Saif,Naseem Akhtar,
"Zara Tham Tham Kay, Geet Suno Jee, Zara Tham Tham Kay..",Anokhi,1956,Timir Baran,Fyaz Hashmi,Zubaida Khanum,
"Zara Tu Dekh Idhar, Na Soch Be-Khabar, Kya Ho Ga..",16 Aanay,1959,Feroz Nizami,Qateel Shafai,Zubaida Khanum,
"Ziarat Ko Nigahen Muntazir Hayn, Qadambosi Ko Rahi..",Pasban,1957,Rasheed Attray,Tanvir Naqvi,Naheed Niazi,
"Zindagani Behta Pani, Yeh Dunya Hay Fani..",Aakhri Dao,1958,Master Ashiq Hussain,Sikkedar,Naheed Niazi,
"Zindagi Hay Beqarar, Aany Waly Aa Bhi Ja..",Mirza Sahiban,1956,Khawaja Khursheed Anwar,Qateel Shafai,Zubaida Khanum,
"Zindagi Ka Aasra Milta Nahin, Mil Kay Aisa Kho Geya, Milta Nahin..",Beli,1950,Rasheed Attray,Masood Parvez,Munawar Sultana,
Zindagi Ko Dekh Ya Zindagi Ko Khel Lay..,Murad,1957,Safdar Hussain,Qateel Shafai,Zubaida Khanum,
"Zindagi Veeran Hay, Ujray Huay Dil Ki Tarah..",Hasrat,1958,Safdar Hussain,Qateel Shafai,Zubaida Khanum,
"Zindigi Kay Pyar Bharay Geet Koi Gaye Ga, Nachun Gi Main..",Noukar,1955,G.A. Chishti,Qateel Shafai,Kousar Parveen,
"Zulf Peh Zulf Bandhay, Katar Karay Singhar..",Ham Watan,1951,Pardesi,Maya Devi,Pukhraj Pappu,
"Zulfon Mein Suhani Sham Liye, Ankhon Mein Chhankatay Jaam Liye..",Sardar,1957,G.A. Chishti,Ahmad Rahi,Zubaida Khanum,
"Zulm Kiya, Hey, Zulm Hey, Ghar Bar Hamara Loot Liya..",Hasrat,1958,Safdar Hussain,Qateel Shafai,Zubaida Khanum,
"Zulmat Kaday Mein Meray, Shab-e-Gham Ka Josh Barhta Hi Geya..",Funkar,1956,Tamar Barn,Tajammul Hussain,J.B. Saghar,
"100 Sunar Ki, Ek Lohar Ki, Beeta Hay Ek Pall..",Sukh Ka Sapna,1962,Manzoor Ashraf,Faiz Ahmad Faiz,Munir Hussain & Co.,
"100, 100 Bahanay Karay, Baat Na Manay Dil Ki..",Nazneen,1969,M. Ashraf,Kaleem Usmani,Mala,
"1000 Saal Ka Jo Budha Mar Geya, To Dhoom Dham Say Usay Dafan Karo..",Sangam,1964,Khan Ataur Rahman,Ayaz Hashmi,Bashir Ahmad,
"16 Bars Ki Chhori, Chand Si Gori, Dekho..",Izzat,1960,Nazir Ajmeri,Tufail Hoshiarpuri,Naseem Begum,
"16 Saal Ki Main Albeli, Main Hun Lakhon Mein Akeli..",Shola Aur Shabnam,1967,Manzoor Ashraf,Tanvir Naqvi,Irene Parveen,
"16van Saal, Touba Touba, Mat Nazar Daal, Touba Touba..",Qabeela,1966,Rehman Verma,Habib Jalib,Ahmad Rushdi,
"2 Akhian, Yeh Do Sakhian, Neend Inhen Na Ay..",Ehsan,1967,Sohail Rana,Masroor Anwar,Mala,
"2 Akhian, Yeh Do Sakhian, Neend Inhen Na Ay..",Ehsan,1967,Sohail Rana,Masroor Anwar,Ahmad Rushdi,
"2 Din Ki Khushi Pai, Phir Gham Ki Ghata Chhai..",Bulbul-e-Baghdad,1962,Mohammad Ali Munnu,Ashraf Sandhu,Zubaida Khanum,
"2 Din Mein Badal Geyi Dunya, Teray Pyar Say Jal Geyi Dunya..",Shararat,1963,Deebo,Masroor Anwar,Irene Parveen,
"2 Ikkam 2, 2 Dooni 4, 5, 6, 7, 8 Din Say Hun Bekar..",Ustadon Ka Ustad,1967,Ghulam Ali,Aajiz Faridi,Manzoor Javed,
"2 Lafzon Mein Posheeda Hay, Mera Kul Fasana..",Tum Na Mano,1961,Fateh Ali Khan,Muzaffar Orkzei,Irene Parveen,
"2 Pyar Ki Baten Ho Jayen, Ik Tum Kaho, Ik Ham Kahen..",Suhagan,1967,A. Hameed,Fyaz Hashmi,Ahmad Rushdi,
"A 2 Jahan Walay, Teray Hath Zindagi Hay..",Son of Ali Baba,1961,Tasadduq Hussain,Habib Jalib,Irene Parveen,
"A Aasman Walay, In Gardashon Ko Tu Rok Lay..",Yahudi Ki Larki,1963,Muslehuddin,Habib Jalib,Naheed Niazi & Co.,
"A Badlon Kay Rahi, Kis Ka Pyam Laya, Kehti Hay Dil Ki Dharkan..",Raat Kay Rahi,1960,A. Hameed,Fyaz Hashmi,Zubaida Khanum,
A Bahar Lay Kar Dil Ka Qarar Lootnay Waly..,Mangol,1961,Feroz Nizami,Qateel Shafai,Noorjahan,
"A Baharo, Gawah Rehna, A Nazaro, Gawah Rehna..",Saiqa,1968,Nisar Bazmi,Masroor Anwar,Ahmad Rushdi,
"A Be-Kasson Kay Wali, Day Day Hamen Sahara..",Behan Bhai,1968,A. Hameed,Fyaz Hashmi,Mehdi Hassan,
"A Be-Kasson Kay Wali, Day Day Hamen Sahara..",Behan Bhai,1968,A. Hameed,Fyaz Hashmi,Mala,
"A Be-Kasson Kay Wali, Day Day Hamen Sahara..",Behan Bhai,1968,A. Hameed,Fyaz Hashmi,Mehdi Hassan,
"A Be-Niaz Moula, Mujhay Tujh Peh Naaz Hay..",Insan Badalta Hay,1961,Zafar Khursheed,Fyaz Hashmi,Zubaida Khanum,
"A Behno, Utho Woh Kaam Karen, Keh Door Andhera Ho Jaye..",Peigham,1964,A. Hameed,Fyaz Hashmi,Mala & Co.,
"A Chand, Tu Bata, A Meray Chand, Tu Kon Si Badli Mein Chhup Geya..",Khyber Mail,1960,G.A. Chishti,Ahmad Rahi,Naheed Niazi,
"A Chand, Tu Bhi Chhup Ja, Taron Ko Bhi Chhupa Lay..",Gulfarosh,1961,Safdar Hussain,Zahoor Raja,Naheed Niazi,
"A Chand, Zara Ruk Jana, Main Tujh Ko Sandesa Bheijun..",Doraha,1967,Sohail Rana,Masroor Anwar,Mala,
"A Dard, Tham, Anjam-e-Gham, Main Sham-e-Gham Say Poochh Lun..",Samira,1963,Safdar Hussain,Mushir Kazmi,Irene Parveen,
"A Dil Bata Day, Ham Kidhar Jayen, Dunya Kay Yeh Sitam Kyun Bhulayen..",Parvana,1966,Ali Sahili,Sajjad Nasir,Firdousi Begum,
"A Dil Kabhi Kehta Hay Yun Bhi Koi Afsana, Ruktay Huway Kuchh Kehna..",Mehkhana,1964,Nashad,Nakhshab,Mehdi Hassan,
"A Dil Ki Lagi, Ab Tu Hi Bata, Woh Ham Say Juda, Ham Un Say Juda..",Zanjeer,1960,Feroz Nizami,Kaleem Usmani,Kousar Parveen,
"A Dil Na Ro Bedardon Ki Dunya Mein, Pyar Kiya Hay..",Zindagi,1968,Master Abdullah,Saleem Kashar,Runa Laila,
A Dil Teri Ahon Mein Asar Hay Keh Nahin..,Taj Mahal,1968,Nisar Bazmi,Tanvir Naqvi,Mehdi Hassan,
"A Dil, Khamosh Kyun Hay, Awaz Day Kisi Ko..",Street 77,1960,Akhtar Hussain Akhian,Saleem Tabani,Iqbal Bano,
"A Dil, Kisi Ki Yaad Mein, Hota Hay Beqarar Kyun..",Ik Tera Sahara,1963,Master Inayat Hussain,Qateel Shafai,Saleem Raza,
"A Dil, Kisi Ki Yaad Mein, Hota Hay Beqarar Kyun..",Ik Tera Sahara,1963,Master Inayat Hussain,Qateel Shafai,Naseem Begum,
"A Dil, Ro, Aaj Hamaray Armaano Ki Ujar Geyi Dunya..",Watan,1960,Master Inayat Hussain,Qateel Shafai,Naheed Niazi,
"A Dil, Teri Khushi Ka Saman Hor Raha Hay..",Main Kahan Manzil Kahan,1968,Ghulam Nabi,Qateel Shafai,Mala,
"A Dil, Tujhay Ab Un Say, Yeh Kaisi Shikayat Hay..",Shararat,1963,Deebo,Masroor Anwar,Masood Rana,
"A Dil, Zara Bata, Yeh Jis Peh Tu Nisar Hay..",Kangan,1969,Basheer Ahmad,Akhtar Yousuf,Bashir Ahmad,
"A Dil-e-Gamzada, Har Sitam Bhool Ja..",Shikva,1963,Hassan Latif,?,Saleem Raza,
"A Dil-e-Zar, Mohabbat Kay Woh Din Raat Kahan..",Lahu Pukaray Ga,1967,Ilyas,Habib Jalib,Noorjahan,
"A Dilnasheen Musafir, Ham Say Nazar Mila Lay..",Alf Leila,1968,Tasadduq Hussain,Mushir Kazmi,Irene Parveen,
"A Dunya Walo, Socho Zara, Kya Farz Hay Tumhara..",Ghar Ki Laaj,1966,A. Hameed,Fyaz Hashmi,Saleem Raza,
"A Dunya, Kya Tujh Say Kahen, Ja, Chher Na Ham Deevano Ko..",Suhagan,1967,A. Hameed,Fyaz Hashmi,Mehdi Hassan,
"A Gardash-e-Aflas, Bata, Kaisi Saza Dun, Zalim Hay Zamana..",Head Constable,1964,Nisar Bazmi,Rais Amrohi,Saleem Raza,
"A Gham-e-Jahan Naach, Khalq-e-BeZaban Naach, Naach, Naach, Naach..",Zarqa,1969,Rasheed Attray,Riaz Shahed,Mala,
"A Gul-e-Bahar, Jhoom Jhoom Jhoom, A Dil-e-Beqarar, Jhoom Jhoom Jhoom..",Ashiq,1968,Nashad,Taslim Fazli,Mehdi Hassan,
"A Habib-e-Khuda, Aasra Hay Tera, Is Gunahgar Ki Bakhsh Day Khata..",Son of Ali Baba,1961,Tasadduq Hussain,Tufail Hoshiarpuri,Irene Parveen,
"A Haseen Nazneen, Yeh Sitaron Si Jabeen..",Aasra,1969,Nisar Bazmi,Masroor Anwar,Mehdi Hassan,
"A Haseen, A Gulbadan, Tum Ho Chand Ki Karan..",Door Ki Aavaz,1969,A. Hameed,?,Munir Hussain,
"A Husn-e-Bemisaal, Teri Kya Misaal Dun, Tu Hay Haseen Khayal..",Dil Diya Dard Liya,1968,A. Hameed,Kaleem Usmani,Mehdi Hassan,
"A Husn-e-Zamin, Chand Kehna Teri Tohin Hay..",Ghar Pyara Ghar,1968,Nisar Bazmi,Habib Jalib,Mehdi Hassan,
"A Jahan, Ab Hay Manzil Kahan, Chhut Geya Hamsafar, Kho Geya Karwan..",Chand Aur Chandni,1968,Karim Shahabuddin,Suroor Barabankvi,Ahmad Rushdi,
"A Jan-e-Aarzoo, Mujhay Yun Chhor Kar Na Jana..",Shikari,1964,Muslehuddin,Qateel Shafai,Saleem Raza,
"A Jan-e-Arzoo, Tujhay Kaisay Bulayen Ham..",Jan-e-Arzoo,1968,Master Inayat Hussain,Akhtar Shirani,Mujeeb Alam,
"A Jan-e-Bahar, Ayo, Itna Qareeb Ayo, Main Tum Mein Sama Jaun..",Main Chup Rahun Gi,1966,Tasadduq Hussain,Mushir Kazmi,Munir Hussain,
"A Jan-e-Ghazal, Lehra Kay Na Chal, Dilbar, Mera Dil Tarpa Kay Na Chal..",Bahadur,1967,Deebo,Fyaz Hashmi,Masood Rana,
"A Jan-e-Mohabbat, Teri Qasm, Khawabon Mein Meray Tu Aata Hay..",Janbaz,1966,G.A. Chishti,Zahoor Nazim,Naseem Begum,
"A Jan-e-Wafa, Dil Mein Teri Yaad Rahay Gi..",Tasvir,1966,Khalil Ahmad,Himayat Ali Shair,Mehdi Hassan,
"A Jan-e-Wafa, Dil Mein Teri Yaad Rahay Gi (2)..",Tasvir,1966,Khalil Ahmad,Himayat Ali Shair,Mala,
"A Jan-o-Dil Kay Malik, Kyun Mujh Say Tu Khafa Hay..",Salma,1960,Rasheed Attray,Zahoor Nazar,Naseem Begum,
"A Janum, Gaye Jawani, Dam Ba Dam..",Azra,1962,Master Inayat Hussain,Tanvir Naqvi,Noorjahan,
"A Jazba-e-Dil, Gar Main Chahun, Har Cheez Muqabil Aa Jaye..",Khyber Mail,1960,G.A. Chishti,Behzad Lakhnavi,Naseem Begum,
"A Jee, Tum Nay Mujhay Pehchana Nahin..",Inspector,1964,Khalil Ahmad,Himayat Ali Shair,Ahmad Rushdi,
"A Kash, Meray Lab Peh, Tera Naam Na Aata..",Head Constable,1964,Nisar Bazmi,Qateel Shafai,Noorjahan,
"A Khasa Khasan-e-Russal (saw), Waqt Dua Hay..",Mera Salaam,1966,Mohammad Ali Munnu,Muzaffar Warsi,Nazir Begum,
"A Khuda Nakhasta, Jee, Khuda Nakhasta, Hamen Bhi Kya..",Dosheeza,1962,Master Inayat Hussain,Tanvir Naqvi,Ahmad Rushdi,
"A Khuda, A Khuda, Sun Lay Meri Duaa, Dukh Bhari Ilteja..",Al-Hilal,1966,Rasheed Attray,Tufail Hoshiarpuri,Noorjahan,
"A Khuda, BeSaharon Kay Khuda, Ham Gharibon Ka Bhi Tu Hi Hay Khuda..",Insan,1966,Rasheed Attray,Sufi Tabassum,Master Parvez & Co.,
"A Khuda, Kaisi Zamanay Ki Rawadari Hay, Gham Ka Bazar Hay..",Bhai Jan,1966,Tasadduq Hussain,Mushir Kazmi,Masood Rana,
"A Khuda, Meray Khuda, Sab Kay Khuda, Tu Hi Mushkil Kusha..",Street 77,1960,Akhtar Hussain Akhian,Saleem Tabani,Iqbal Bano,
"A Khuda, Teray Jahan Mein, Meri Qeemat Kya Hay..",Khilona,1968,Khalil Ahmad,Himayat Ali Shair,Runa Laila,
"A Khuda, Tu Hi Bata, Zulm Kya Main Nay Kiya..",Lori,1966,Khalil Ahmad,Himayat Ali Shair,Irene Parveen,
"A Langray Ghoray Sanbhal, Aisi Pyari Chaal Na Chal..",Naach Ghar,1963,Dheer Ali,Suroor Barabankvi,Anjuman Ara,
"A Maa, Pyari Maa, Qadmon Mein Teray Jannat Meri..",Qulli,1968,Ali Hossain,Suroor Barabankvi,Ahmad Rushdi,
"A Maa, Tujhay Main Dhundun Kahan, Mujhay Ghar Tera Maaloom Nahi..",Mera Kya Qasoor,1962,Tasadduq Hussain,Mushir Kazmi,Pukhraj Pappu,
"A Mah-Jabeen, Naz-Afreen, Weham Hay Tu Ya Hay Yaqeen..",Dosheeza,1962,Master Inayat Hussain,Tanvir Naqvi,Mehdi Hassan,
"A Mahlaqa, A Jan-e-Wafa, Kyun Aaj Hay Tu Sharmai Hui..",Ayaz,1960,Khawaja Khursheed Anwar,Qateel Shafai,Zubaida Khanum,
"A Makkar Zamanay, Kisi Peh Tars Na Khana..",Shatranj,1964,Tasadduq Hussain,Mushir Kazmi,Nazir Begum,
"A Mayya, A Mayya, Main Andheray Ka Diya..",Baalam,1968,Khalil Ahmad,Himayat Ali Shair,Ahmad Rushdi,
"A Meray Anokhay Hamrahi, Kuchh Aisi Ada Ka Naam Bhi Hay..",Aakhri Station,1965,Khan Ataur Rahman,Suroor Barabankvi,Mohammad Hafeez,
"A Meray Anokhay Hamrahi, Kuchh Aisi Nazar Ka Naam Bhi Hay..",Aakhri Station,1965,Khan Ataur Rahman,Suroor Barabankvi,Firdousi Begum,
"A Meray Deevanay Dil, Dekh Haseeno Ki Mehfil..",Jahan Tum Vahan Ham,1968,Robin Ghosh,Masroor Anwar,Ahmad Rushdi,
"A Meray Dil Bata, Kaisay Keh Dun Bhala, Meri Nazron Mein Jo..",Daku Ki Larki,1960,Rasheed Attray,Kaleem Usmani,Mala,
A Meray Dil Mein Khawabon Ki Tarah Rehnay Walay..,Mangol,1961,Feroz Nizami,Qateel Shafai,Noorjahan,
"A Meray Dil, Tera Yeh Dastoor Neya Hay..",Tum Na Mano,1961,Fateh Ali Khan,Muzaffar Orkzei,Munir Hussain,
"A Meray Dil-e-Betab, Na Ro, Yeh Gham Hi Tera Sarmaya Hayn..",Doosri Maa,1968,Lal Mohammad Iqbal,Masroor Anwar,Mala,
"A Meray Dour Kay Dukhi Insan, Apnay Halat Ka Malal Na Kar..",Gori,1968,Karim Shahabuddin,Akhtar Yousuf,Basheer Ahmad,
"A Meray Gham Mein Doobi Sham, Kay Karun..",Ham Matvalay Nojavan,1965,Saleem Iqbal,Masroor Anwar,Noorjahan,
"A Meray Hamsafar, Pyar Ki Ik Nazar Ho..",Yeh Bhi Ek Kahani,1964,Karim Shahabuddin,Z.R. Mani,Firdousi Begum,
"A Meray Hamsfar, Tu Mujhay Mil Geya..",Fasana-e-Dil,1969,M. Ashraf,Khawaja Parvez,Mala,
"A Meray Haseen Chand, Meray Ghar Kay Ujalay..",Majboor,1966,Tasadduq Hussain,Qateel Shafai,Naseem Begum,
A Meray Naino Mein Samanay Walay..,Karvan,1964,Robin Ghosh,Shair Siddiqi,Basheer Ahmad,
"A Meray Parwardigar, Teri Rehmat Kay Saharay..",Head Constable,1964,Nisar Bazmi,Mouj Lakhnavi,Noorjahan,
"A Meray Talabgar, Khbardar, Khabardar..",Hukumat,1967,Manzoor Ashraf,Tanvir Naqvi,Irene Parveen,
"A Meri Jan-e-Ghazal, Kyun Na Teri Chahat Karun..",Seema,1963,Master Inayat Hussain,Qateel Shafai,Saleem Raza,
"A Meri Pyari Maa, Tujh Ko Kya Gham Hay..",Main Nay Kya Jurm Kiya,1963,Tufail Farooqi,Mushir Kazmi,Nazir Begum,
"A Meri Zindagi, A Haseen Nazneen, Tujh Mein Jo Baat Hay..",Touba,1964,A. Hameed,Fyaz Hashmi,Munir Hussain,
"A Meri Zindagi, A Meray Hamsafar, Dil Ko Tum Say Bichharnay..",Ehsan,1967,Sohail Rana,Masroor Anwar,Mala,
"A Meri Zindagi, A Meri Arzoo, Yaad Teri Sataye..",Ek Musafir Ek Haseena,1968,Khalil Ahmad,Kaleem Usmani,Ahmad Rushdi,
"A Meri Zindagi, Naach Naach, Meri Zindagi..",Paristan,1968,Rasheed Attray,Tanvir Naqvi,Mala,
A Momno.. Shah-e-Peambran (saw) Say Mera Salam Kehna..,Mera Salaam,1966,Mohammad Ali Munnu,Muzaffar Warsi,Batish,
"A Musawwir, Teri Tasvir Adhuri Hay Abhi..",Aanch,1969,Khalil Ahmad,Qateel Shafa,Noorjahan,
"A Nanhay Say Mehman, Hamaray Sath Khak Ab Chhan..",Khandan,1964,Rehman Verma,Habib Jalib,Mala,
"A Pyar Bharay Dil, Kya Kahiye, Is Dard Bharay Afsanay Ko..",Ayaz,1960,Khawaja Khursheed Anwar,Qateel Shafai,Naheed Niazi,
"A Pyar Shukriya Tera, Tu Nay Jo Gham Diya Hay..",Jahan Bajay Shehnai,1968,Basheer Ahmad,Basheer Ahmad,Basheer Ahmad,
"A Raat Bata, Kya Un Say Kahen, Apnay Bhi Hayn Woh..",Devar Bhabhi,1967,Master Inayat Hussain,Fyaz Hashmi,Munir Hussain,
"A Reh-e-Haq Kay Shaheedo, Wafa Ki Tasveero..",Madr-e-Watan,1966,Saleem Iqbal,Mushir Kazmi,Naseem Begum,
"A Roshnion Kay Shehar Bata, Ajyaron Mein Andhyaron Ka..",Chingari,1964,Khawaja Khursheed Anwar,Tanvir Naqvi,Mehdi Hassan,
"A Sakhi, Kyun Chali Tu Piya Ki Gali..",Mehboob,1962,Rasheed Attray,Qateel Shafai,Mala,
"A Sanam, Dilruba, Bhool Na Ja, Dekh Meri Aarzooen..",Rusvai,1966,Saleem Iqbal,Shehzad Ahmad,Masood Rana,
A Sarkar-e-Madina..,Aag Ka Darya,1966,Ghulam Nabi,Josh Malihabadi,Noorjahan,
"A Sarwar-e-Din, Sahib-e-Iman, Madina, Lillah Madad Kijiey..",Azadi Ya Mout,1966,Lal Mohammad Iqbal,Sehba Akhtar,Naseema Shaheen,
"A Shoukh Haseena, Aya Hay Kyun Paseena, Aur Haseen Lagta Hay..",Damaad,1963,Tasadduq Hussain,Mushir Kazmi,Ahmad Rushdi,
"A Soukh, A Haseena, Aya Hay Kyun Paseena..",Ek Dil 2 Divanay,1964,Tasadduq Hussain,Mushir Kazmi,Ahmad Rushdi,
"A Watan Ki Sar-Zamin, Tera Har Zarra Haseen..",Ek Hi Rasta,1968,Deebo,Tanvir Naqvi,Masood Rana,
"A Watan Ki Zaindagi, Watan Ko Tujh Say Pyar Hay..",Ajab Khan,1961,G.A. Chishti,Tufail Hoshiarpuri,Naheed Niazi & Co.,
"A Watan, Ham Hayn Teri Shama Kay Parwano Mein..",Aag Ka Darya,1966,Ghulam Nabi,Josh Malihabadi,Masood Rana,
"A Watan, Islam Ki Umeed-Gah-Akhri, Tujh Par Salam..",Moajza,1966,Akhtar Hussain Akhian,Munir Niazi,Saleem Raza,
"A Watan, Marnay Walon Ki Dam Torti Arzoo Dekh..",Farangi,1964,Rasheed Attray,Sahir Ludiyanvi,Ahmad Rushdi,
"A Zah-e-Sa'at, Maya-e-Rahat, Lehz Lehz Umri Bood..",Jan Pehchan,1967,Muslehuddin,Nasir Kasganjvi,Naheed Niazi,
"Aa Aa, Laye Hayn Husn Ka Nazrana, Gor Mukhra, Roop Suhana..",Shaheed Titumir,1969,Mansoor Ahmad,Ayaz Aasi,Shehnaz Begum,
"Aa Beithay Palkon Peh Aansoo, Janay Walay Lot Bhi Aao..",BeKhabar,1961,Bakhshi Wazir,Hazin Qadri,Naheed Niazi,
"Aa Bhi Ja Dildara, Jab Say Tu Bichhra Hay Mujh Say..",Farangi,1964,Rasheed Attray,Qateel Shafai,Naseem Begum,
Aa Bhi Ja Dilruba.. Aa Geyin Badliyan Lo Jhoom Jhoom Kay..,Izzat,1960,Nazir Ajmeri,Tufail Hoshiarpuri,Kousar Parveen,
"Aa Bhi Ja Piya Ray, Teray Bin Mera Lagay Na Jiya Ray..",Albela,1967,Wazir Afzal,Qateel Shafai,Noorjahan,
"Aa Bhi Ja Saajna, Pagal Manwa Ab Na Manay..",Jungli Phool,1968,Karim Shahabuddin,Akhtar Lakhnavi,Naseem Begum,
"Aa Bhi Ja, Mera Pyar Karay Intezar Tera..",Hukumat,1967,Manzoor Ashraf,Tanvir Naqvi,Mala,
"Aa Bhi Jao, Aanay Walay, Jee Buhat Gabhraye Hay..",Fanoos,1963,Saif Chughtai,Nakhshab,Naheed Niazi,
"Aa Cha, Saray Ga Ma.. Nach Kay Dikha Gori In Ko..",Aurat Aur Zamana,1968,Ghulam Nabi,Tanvir Naqvi,Rangila Karachi Wala,
"Aa Dilbar, Sanam, Tujh Ko Bulayen Ham, Aa Zindagi Ki Rah..",Seema,1963,Master Inayat Hussain,Qateel Shafai,Naheed Niazi,
"Aa Dilruba, Mast Jawani, Tujhay Deti Hay Sada..",Meray Armaan Meray Sapnay,1969,Satya Shaha,Ibn-e-Hassan,Shehnaz Begum,
"Aa Geye O Rasiya, Man Basiya, Ghoonghat Pat Sakhi, Khul Khul Jaye..",Doctor,1965,Azam Baig,Fyaz Hashmi,Naseema Shaheen,
"Aa Geye Sajan, Jeet Geyi Preet Ray..",Laggan,1960,Tufail Farooqi,Munir Niazi,Naheed Niazi,
"Aa Geyi Main Kahan, Hay Yeh Kaisa Jahan..",Piya Millan Ki Aas,1969,Saleem Iqbal,Tanvir Naqvi,Noorjahan,
Aa Geyi Ray Main To Premnagar Mein Gati Phirun..,Ghar Pyara Ghar,1968,Rasheed Attray,Qateel Shafai,Noorjahan,
"Aa Geyi Yaad Teri Shaam Dhaltey Hi, Bujh Geya Dil Charagh..",Lahu Pukaray Ga,1967,Ilyas,Munir Naizi,Saleem Raza,
"Aa Ha, Rutt Piya Milan Ki Aayi..",Shaam Savera,1967,Master Ashiq Hussain,Mushir Kazmi,Inayat Hussain Bhatti,
"Aa Harjai, Zara Samnay Aa, Chaka Chi Chai Cha..",Raat Kay Rahi,1960,A. Hameed,Fyaz Hashmi,Zubaida Khanum & Co.,
"Aa Ja Aa Ja, Aa Zindagi Ko Haar Day, Mujh Peh Sab Kuchh War Day..",Karishma,1968,Hassan Latif,Tanvir Naqvi,Noorjahan,
"Aa Ja Balamwa, Bechain Manwa, Merai Na Manay..",Baghi Sipahi,1964,Tasadduq Hussain,Muzaffar Warsi,Irene Parveen,
"Aa Ja Chhupnay Walay, Aa Ja Kyun Mujh Ko Tarpaye..",Jugnu,1968,Inayat Hazrawi,Ather Shah Khan,Saleem Chodhary,
"Aa Ja Dilbara Keh Mousam Bahar Hay, Aa Ja, Mujh Ko Tera..",Sarhad,1966,Khawaja Khursheed Anwar,Tanvir Naqvi,Mala,
"Aa Ja Ho, Pania Bharn Ko Aa Ja, Harri Harri Rut Ayi Sawan Ki..",Main Zinda Hun,1968,Hassan Latif,Habib Jalib,Mujeeb Alam,
"Aa Ja Ho, Pania Bharn Ko Aa Ja, Harri Harri Rut Ayi Sawan Ki (2)..",Main Zinda Hun,1968,Hassan Latif,Habib Jalib,Mujeeb Alam,
"Aa Ja Keh Dil Bula Raha Hay, Tera Deevana Ga Raha Hay..",Ehsan,1967,Sohail Rana,Masroor Anwar,Ahmad Rushdi,
"Aa Ja Pas Meray, Gham Ki Lambi Raat Kattay..",Chingari,1964,Khawaja Khursheed Anwar,Qateel Shafai,Saleem Raza,
"Aa Ja Pas Meray, Gham Ki Lambi Raat Mein..",Chingari,1964,Khawaja Khursheed Anwar,Qateel Shafai,Noorjahan,
"Aa Ja Ray O Balma, Jo Koi Mujh Ko Dekhay..",Tanha,1964,Altaf Mehmood,Suroor Barabankvi,Madhu Almas,
"Aa Ja Ri Nindia, Kitni Hun Dukhia, Sukh Kay Supnay Dikha Ja..",Beti Beta,1968,Manzoor Ashraf,Tanvir Naqvi,Noorjahan,
"Aa Ja Ri, Aa Ji Ri, Nindia Rani, So Ja Ri, So Ja, Behhna Rani..",Bhai Jan,1966,Tasadduq Hussain,Mushir Kazmi,Naheed Niazi,
"Aa Ja, Aa Ja Ray, Man Kay Meet, Aa Ja, Tohay Dhoond Rahah Hay..",Preet Na Janay Reet,1963,Subal Das,Suroor Barabankvi,Firdousi Begum,
"Aa Ja, Ab To Aa Ja, Raat Ki Palken Bheegi Hui Hayn..",Beti,1964,Deebo,Fyaz Hashmi,Noorjahan,
"Aa Ja, Dheeray Dheeray, Meri Jan, Teray Bin Pheeka Hay Jahan..",Insan Badalta Hay,1961,Zafar Khursheed,Izhar Malihabadi,Zubaida Khanum,
"Aa Ja, Dil Gabhraye, Chain Na Aye..",Fanoos,1963,Rasheed Attray,Nakhshab,Naheed Niazi,
"Aa Ja, Dil Gabhraye, Naghma Yahan, Saaz Yahan Hay..",Fanoos,1963,Rasheed Attray,Nakhshab,Saleem Raza,
"Aa Ja, Dil Gabhraye, Seenay Ki Dharkan, Tujh Ko Pukaray..",Fanoos,1963,Rasheed Attray,Nakhshab,Saleem Raza,
"Aa Ja, Meray Sartaj, Aa Ja, Meray Qareeb, Yeh Takh-o-Taj Teray Liye..",Damaad,1963,Tasadduq Hussain,Mushir Kazmi,Nazir Begum,
"Aa Jao O Aanay Waly, Khamosh Na Ho Jayen..",Aladdin Ka Beta,1960,G.A. Chishti,Ahmad Rahi,Naheed Niazi,
"Aa Jao, Zara Mil Baithen Ham, Kuchh Keh Len Gay..",Daagh,1969,Robin Ghosh,Anis Akhtar,Masood Rana,
"Aa Khushi Mein Jhoom Ja, Aa Ghamon Ko Bhool Ja..",Meray Laal,1967,Lal Mohammad Iqbal,Sehba Akhtar,?,
"Aa Lot Aa, Tujh Ko Manzil Teri, Day Rahi Hay Sada, Aa Log Aa..",Jalva,1966,Nashad,Kaleem Usmani,Noorjahan,
"Aa Samnay Keh Talb-e-Deedar Aa Geye, Mehfil Mein Teray Talabgar..",Qaidi,1962,Rasheed Attray,Tanvir Naqvi,Saleem Raza,
"Aa Tujh Ko Sunaun Lori, Halat Say Chori Chori..",Badnam,1966,Deebo,Nazim Panipati,Naheed Niazi,
"Aa, Aa, Aa, Kon Kut Bhei Laaj Mohay Aye..",Baji,1963,Saleem Iqbal,Ahmad Rahi,Ustad Salamat Ali Khan,
"Aa, Tu Mera Hay, Main Teri Chandni, Ho Ya Raat Andheri..",Manzil,1960,Feroz Nizami,Tanvir Naqvi,Noorjahan,
"Aa, Zindagi Hay Justajoo, Bablo Bablo, Kis Liye Karay Tu..",Shehbaz,1960,Khadim Hussain,Tanvir Naqvi,Naseem Begum,
"Aadab Arz Hay, Janab, Yeh Milay Hayn, Khil Geya Hay Aap Ka Husn..",Dulhan,1963,Rasheed Attray,Fyaz Hashmi,Naeema Shaheen,
Aadhi Aadhi Raat Ko Jiya Lehraye..,Kalay Log,1965,Akhtar Hussain Akhian,Tanvir Naqvi,Naheed Niazi,
Aag Kay Nashay Mein Babu Jee.. Bara Maza Aye Ga..,Raat Kay Rahi,1960,A. Hameed,Fyaz Hashmi,Zubaida Khanum,
"Aagay Aagay Baja, Ho, Peechhay Peechhay Dunya, Ho..",Ghar Ki Laaj,1966,A. Hameed,Fyaz Hashmi,Mala,
"Aagay Aagay Tum Ho, Peechhay Peechhay Ham..",Jhalak,1964,Khalil Ahmad,Himayat Ali Shair,Ahmad Rushdi,
"Aai Jawani Mastani, O Bachpan Chala Geya..",Zindagi,1968,Master Abdullah,Saleem Kashar,Noorjahan & Co.,
"Aaiye, Aaiye, Banda Nawaz, Khush Amdeed..",Baap ka Baap,1964,Tasadduq Hussain,Dukhi Premnagri,Irene Parveen,
Aaj Ham Dunya Mein Be-Sahara Ho Geye..,Inqilab,1962,N.K. Rathoor,?,Naseema Shaheen,
"Aaj Hawa Chali Hay, Sharabi, Sharabi, Kaisa Hay Yeh Jadoo..",Ghazi Bin Abbas,1961,Safdar Hussain,Qateel Shafai,Irene Parveen,
"Aaj Hay Sagai, Kall Barat Aye Gi..",Mangol,1961,Feroz Nizami,Mushir Kazmi,Naseem Begum & Co.,
"Aaj Is Shehr Mein, Kal Nayye Shehr Mein, Bas Isi Lehar Mein..",Joker,1966,Muslehuddin,Habib Jalib,Ahmad Rushdi,
"Aaj Ja Ho, Dil Kay Saharay, Pyar Pukaray, Meray Sanam..",Ajnabi,1962,Asghar Ali,Tanvir Naqvi,Noorjahan,
Aaj Kay Din Chand Ki Kiran Loot Rahi Hay..,Shaam Savera,1967,Master Ashiq Hussain,Habib Jalib,Mala & Co.,
"Aaj Khushi Say Jhoom Raha Hay, Ik Pardesi Deevana..",Baghi Sardar,1966,Muslehuddin,Professor Najmi,Ahmad Rushdi,
Aaj Ki Raat Dil Nachay Pyar Ki Dhun Peh..,Dara,1968,Master Rafiq Ali,Mushir Kazmi,Irene Parveen & Co.,
"Aaj Ki Raat, Bharon Mein Guzarein Gay, Sanam..",Hamen Bhi Jeenay Do,1963,C. Faiz,Yousuf Pardesi,Masood Rana,
"Aaj Ki Shab, Janay Phir Aye Keh Na Aye, Ik Pal Bhi Raigan Janay Na Paye..",Khandan,1964,Rehman Verma,Habib Jalib,Mala,
Aaj Kisi Nay Mera Mann Loot Liya..,Zanjeer,1960,Feroz Nizami,Arsh Lakhnavi,Kousar Parveen,
"Aaj Koi Aye Ga, Pas Meray Aa Kay, Nazren Mila Kay..",Pakeeza,1968,Saleem Iqbal,Tanvir Naqvi,Naseem Begum,
Aaj Mehfil Sajanay Ko Ayi..,Shikva,1963,Hassan Latif,Tanvir Naqvi,Noorjahan,
Aaj Meray Dil Ki Kalian Khilnay Ka Zamana Aya..,Bahana,1965,Khan Ataur Rahman,Suroor Barabankvi,Irene Parveen,
"Aaj Meray Mann Mein Bajay Sehnai, Sun Shehnai Piya..",Rusvai,1966,Saleem Iqbal,Shehzad Ahmad,Naseem Begum,
"Aaj Meray Muderay Kaga Bolay, Paagal Mann Dolay..",Shabab,1964,Rasheed Attray,Qateel Shafai,Naseem Begum,
"Aaj Meray Munnay Ki Salgirah Hay, Array, Labb Peh Dua Hay..",Surayya,1961,Mohammad Ali Munnu,Adil,Irene Parveen & Co.,
Aaj Moray Aangan Mein Chhai Bahar Jee..,BeKhabar,1961,Bakhshi Wazir,Hazin Qadri,Naheed Niazi,
"Aaj Mujhay Kya Hua, Kaisi Halchal Machi..",Heera Aur Pathar,1964,Sohail Rana,Mouj Lakhnavi,Najma Niazi,
"Aaj Na Ro Shehnai, Bairan Pal Pal Gin Gin Kar..",Shola Aur Shabnam,1967,Manzoor Ashraf,Tanvir Naqvi,Mala,
"Aaj Teray Kehnay Par Geet Sunata Hun, Geet Teri Chahat Ka..",Joker,1966,Muslehuddin,Habib Jalib,Ahmad Rushdi,
"Aaj To Dil Ki Baat Keh Dalo, Kya Aap Ko Mujh Say Pyar Nahin..",Shatranj,1964,Tasadduq Hussain,Hameed Jazib,Munir Hussain,
"Aaj Un Peh Hamen Pyar Aya, Jin Say Chaltay Thay Daaman Bacha Kay..",Gehra Dagh,1964,Rasheed Attray,Fyaz Hashmi,Mala,
"Aaj Waada Wafa Karna Hoga, Kaisa Waada Wafa Karna Ho Ga..",Taj Mahal,1968,Nisar Bazmi,Kaleem Usmani,Runa Laila,
"Aaj, Us Shoukh Ki Tasvir Bana Li, Main Nay Dil Mein..",Dhoop Chhaun,1963,Ghulam Nabi,Kaleem Usmani,Saleem Raza,
"Aaja Aaja, Dilruba, Chhor Kay Mujh Ko, Kahan Chali Hay..",Nazneen,1969,M. Ashraf,Kaleem Usmani,Masood Rana,
"Aaja Hamdam, Raat Yeh Geet Sunaye, Pyar Ki Rahon Mein..",Hamdam,1967,Zia-ud-din,Wajad Chughtai,Ahmad Rushdi,
"Aaja Pyar Ka Hay Zamana, Be-Rukhi Say Dil Na Jala..",Mera Ghar Meri Jannat,1968,Manzoor Ashraf,Khawaja Parvez,Mala,
"Aaja Pyari Nindia, Aaja Chori Chori, Soye Mera Ladla..",Majboor,1966,Tasadduq Hussain,Qateel Shafai,Irene Parveen,
"Aaja Pyari Nindia, Aaja Chori Chori, Soye Mera Ladla..",Majboor,1966,Tasadduq Hussain,Qateel Shafai,Mala,
"Aaja Sanwariya, Main Hun Banwariya, Toray Bin Suni Suni..",Mala,1965,Khan Ataur Rahman,Suroor Barabankvi,Irene Parveen,
Aaja Teray Pyar Mein Hay Dil Be-Qarar..,Saiqa,1968,Nisar Bazmi,Masroor Anwar,Runa Laila,
"Aaja, Yun Meri Palkon Mein Aa, Chhayya Chhayya..",Neyi Laila Neya Majnu,1969,Tasadduq Hussain,Mouj Lakhnavi,Mala,
"Aakhri Bar Mil Rahay Hayn Ham, Aao Phir Kyun Na Muskara Kay Milen..",Ishara,1969,Sohail Rana,Masroor Anwar,Mehdi Hassan,
"Aan Milo Ho Sayyan Albelay, Kar Kay Koi Bahana..",BeKhabar,1961,Bakhshi Wazir,Hazin Qadri,Naheed Niazi,
"Aanchal Urati, Peyel Bajati, Aati Hayn Sajj Ban Kay Nariyan..",Sahil,1960,Rasheed Attray,Tanvir Naqvi,Zubaida Khanum,
"Aankh Mila Kar Loota, Tera Pyar Hay Kitna Jhoota..",Neelam,1963,Manzoor Ashraf,Mushir Kazmi,Ahmad Rushdi,
Aankhon Mein Roshni Hay Kisi Mahtab Ki..,Baghi Sardar,1966,Master Inayat Hussain,Qateel Shafai,Mala,
Aansoo Hi Milay Hain Hamen Peena Hi Paray Ga..,Zalim,1968,Rasheed Attray,Fyaz Hashmi,Noorjahan,
Aansoo Hi Milay Hain Hamen Peena Hi Paray Ga (Sad)..,Zalim,1968,Rasheed Attray,Fyaz Hashmi,Noorjahan,
Aansuon Tum Ko In Ankhon Mein Hi Rehna Ho Ga..,Ham Matvalay Nojavan,1965,Saleem Iqbal,Masroor Anwar,Noorjahan,
Aao Chalen Lay Kar Phir Tabl-e-Ilm Tez Tez Aur Qadam Tez Tez..,Charagh Jalta Raha,1962,Nahal Abdullah,Fazal Ahmad Karim Fazli,Shabana & Co.,
"Aao Ray Aao Ray, Nacho Ray, Gao Ray..",Tum Meray Ho,1968,Robin Ghosh,Suroor Barabankvi,Mala & Co.,
"Aao Ri, Piya Sang Khelo Holi..",Gul Bakavli,1961,Safdar Hussain,Qateel Shafai,Irene Parveen,
"Aap Bhi Itna Samjh Len, Mujh Ko Samjhanay Kay Baad..",Mehkhana,1964,Nashad,Nakhshab,Naseem Begum,
"Aap Hayn Shabab, Jam Hay, Sharab Hay, Shabab Hay, Aap Hayn..",Baghawat,1963,G.A. Chishti,Hazin Qadri,Irene Parveen,
"Aap Kay Dar Kay Siwa, Mera Yahan Kon Hay..",Daaman,1963,Khalil Ahmad,Himayat Ali Shair,Noorjahan,
Aap Ki Mehfil Mein Aya Ik Haseen Mehman Hay..,Commander,1968,Master Abdullah,Mushir Kazmi,Noorjahan,
Aap Ki Mehfil Mein Ban Kay Ajnabi Aye Hayn Ham..,Dil Diya Dard Liya,1968,A. Hameed,Kaleem Usmani,Noorjahan,
"Aap Ko Bhool Jayen Ham, Itnay To Bewafa Nahin..",Tum Milay Pyar Mila,1969,Nashad,Taslim Fazli,Noorjahan,
Aap Nay Bakhshi Hay Jab Say Pyar Ki Jannat Mujhay..,Meri Dosti Mera Pyar,1968,Tasadduq Hussain,Shabab Keranvi,Mala,
"Aap Nay Jo Pyar Kiya Hay, Aap Ka Shukriya..",Maalan,1964,Nazir Sheeley,?,Naseema Shaheen,
"Aap Say Ho Geyi Mulaqat, Yeh Umeed Na Thi..",Jameela,1964,Manzoor Ashraf,Mushir Kazmi,Nazir Begum,
"Aap Say, Aur Pyar, Touba Kijiye, Aainay Mein Apni Soorat Dekhiye..",Ik Nageena,1969,Amjad Bobby,Taslim Fazli,Ahmad Rushdi,
"Aap Suniye To Arz Karen, Ho Ijazat To Ik Sawal Karen..",Ek Hi Rasta,1968,Deebo,Fyaz Hashmi,Mala,
"Aaram-e-Jan, Ruh-e-Rawan, Meri Wafaen, Tujhay Bulaen..",Azra,1962,Master Inayat Hussain,Tanvir Naqvi,Noorjahan,
"Aarzoo Ka Rang Bhar Kar, Dil Ka Afsana Kaho..",Aarzoo,1965,Deebo,Wajd Chughtai,Masood Rana,
"Aarzoo Ko Qarar Lenay Day, Hosh Day Kar Khumar Lenay Day..",Jadugar,1961,Saleem Iqbal,Sahil Farani,Naseem Begum,
"Aas Pas Koi Gaon Na Darya, Kali Badariya Chhai hay..",Dhoop Aur Saye,1968,Tufail Niazi,Munir Niazi,Tufail Niazi,
"Aasha Ko Dori, Umeedon Ka Palna, Nindia Khari Toaray Angna..",Hamen Bhi Jeenay Do,1963,C. Faiz,Yousuf Pardesi,Naseem Begum,
"Aatay Ho To Aao, Na Kaho Jee, Kyun Na Kahein..",Nehlay Peh Dehla,1964,Muslehuddin,Fyaz Hashmi,Ahmad Rushdi,
"Aaye Ga Piya, Lehraye Ga Jiya, Ab Darr Kahay Ka..",Qabeela,1966,Rehman Verma,Habib Jalib,Mala,
"Ab Aur Preshan, Dil-e-Nashad Na Karna, Woh Yaad Bhi Ayen..",Maa Bahu Aur Beta,1966,Hassan Latif,Habib Jalib,Mehdi Hassan,
"Ab Chhor Na Jana, Moray Sayyan, Keh Tumharay Bina Mar Jaun Gi..",Pakeeza,1968,Saleem Iqbal,Tanvir Naqvi,Farida Khanum,
"Ab Dar Kahay Ka, Ghooghat Kay Patt Khol Day..",Darvaza,1962,Saleem Iqbal,Saifuddin Saif,Naseem Begum,
"Ab Dikhaye Gi Kya Zindagi, Yeh Bata, Teray Pyar Mein Mujh Ko..",3 Phool,1961,Akhtar Hussain Akhian,Ghulam Rabbani,Naseem Begum,
"Ab Har Khata Muaf Ho, Akhir Main Tera Banda Hun..",Andhi Mohabbat,1964,Manzoor Ashraf,Tanvir Naqvi,Saleem Raza,
"Ab Kis Ka Rasta Dekhay Dil, Duntay Hayn Keh Tu Harjai Hay..",Rusvai,1966,Saleem Iqbal,Shehzad Ahmad,Naseem Begum,
"Ab Mano Na Mano, Tumhari Marzi..",Yeh Dunya,1960,Deebo,Wajid Chughtai,Iqbal Bano,
"Ab Na Aana Meri Galiyon Mein, Daghabaz, Kabhi Na Aana..",Insan,1966,Rasheed Attray,Sufi Tabassum,Naseem Begum,
"Ab Nigahen Chura Kar Kidhar Jao Gay, Sath Dun Gi Tumhara..",Bhai Jan,1966,Tasadduq Hussain,Mushir Kazmi,Mala,
Ab Raat Hay Aur Tootay Huway Dil Ki Sada Hay..,Pyar Ki Saza,1964,Manzoor Ashraf,Khaleeq Ahmad Khaleeq,S.B. John,
"Ab Teri Marzi, Tu Aye Ya Na Aye, Main Nay To Tera Intezar Kiya..",Asmat,1968,Masoom Rahim,Kaleem Usmani,Naseem Begum,
"Ab Thandi Ahen Bhar Pagli, Ja Aur Mohabbat Kar Pagli..",Naela,1965,Master Inayat Hussain,Qateel Shafai,Mala,
"Ab To Bujha Do Shama, Ab Kon Aye Ga, Bujhnay Lagay Hayn Taray..",Bahana,1965,Khan Ataur Rahman,Suroor Barabankvi,Irene Parveen,
"Ab To Socha Hay, Keh Pathar Kay Sanam Poojen Gay..",Misaal,1966,Azam Baig,Rehan,Saleem Raza,
"Ab Woh Baharen Kahan, A Dil, Parh Geye Pheekay Geet Khushi Kay..",Geet Kahin Sangeet Kahin,1969,Master Tufail,Tanvir Naqvi,Noorjahan,
"Ab Yahan Koi Nain, Koi Nahin Aye Ga, Dil Tanha, Gham-e-Tanhai..",Baji,1963,Saleem Iqbal,Ahmad Rahi,Noorjahan,
"Abhi Abhi Aye Ho, Abhi Abhiy Jayo Gay, Jhuki Jhuki Nazron Say..",Bhayya,1966,Robin Ghosh,Khawaja Riaz,Irene Parveen,
"Abhi Aya Hay Un Ka Pyam, Sakhi Ri Meray Naam..",Izzat,1960,Nazir Ajmeri,Nazim Panipati,Kousar Parveen,
"Abhi Kamsini Hay, Abhi NaSamjh Ho..",Naheed,1968,Nashad,Taslim Fazli,Naseem Begum,
"Abhi Na Nao, Jan-e-Mann, Na Jao, Nahin Hay Qabu Mein Dil..",Lala Rukh,1968,Saleem Iqbal,Mushir Kazmi,Noorjahan,
"Abhi To Aye Ho, Janay Ka Zikar Janay Do..",Sanam,1965,A. Hameed,Fyaz Hashmi,Saleem Raza,
"Abhi To Dil Meyn, Halki Si, Khalish Mehsoos Hoti Hay..",Badnam,1966,Deebo,Masroor Anwar,Masood Rana,
"Abhi Yun Na Jaiye, Yeh Sitam Na Dhahiye..",Chhotay Sahib,1967,Ali Hossain,Akhtar Yousuf,Ahmad Rushdi,
"Achha Kiya, Dil Na Diya, Ham Jaisay Deevanay Ko..",Pyasa,1969,Subal Das,Akhtar Yousuf,Ahmad Rushdi,
"Achhi Soorat Bhi Kya Buri Shay Hay, Jis Nay Dali, Buri Nazar Dali..",Ghazala,1963,Rehman Verma,Mushir Kazmi,Irene Parveen,
"Ada Ada Mein Saroor Lay Kar, Shabab Aya..",Hukumat,1967,Manzoor Ashraf,Tanvir Naqvi,Mala & Co.,
"Ada Teri Banki Hay, Roop Suhana, Us Peh Ghazab Hay Tera..",Chhotay Sahib,1967,Ali Hossain,Akhtar Yousuf,Ahmad Rushdi,
"Agar Tera Jahan Yeh Hay, Yahi Teri Khudai Hay..",Rivaj,1965,Master Inayat Hussain,Khawaja Parvez,Saleem Raza,
"Agar Tum Hasseen Na Hotay, Aur Main Jawan Na Hota..",Gehra Dagh,1964,Rasheed Attray,Fyaz Hashmi,Mehdi Hassan,
"Agar Tum Pyar Say Dekho, To Apni Jan Fida Kar Dun..",Fasana-e-Dil,1969,M. Ashraf,Khawaja Parvez,Mala,
"Agar Tum Pyar Say Dekho, To Apni Jan Fida Kar Dun..",Fasana-e-Dil,1969,M. Ashraf,Khawaja Parvez,Ahmad Rushdi,
"Ahon Kay Naghmay, Ashkon Kay Taray, Kitnay Haseen Hayn..",Ek Manzil 2 Rahen,1962,Rasheed Attray,Sufi Ghulam Mustafa Tabassum,Naseem Begum,
"Aisa Kaisay Chalay Ga, Aisa Kaisay Chalay Ga..",Shehbaz,1960,Khadim Hussain,Tanvir Naqvi,Irene Parveen,
Aisa Mehboob Jo Mil Jaye To Main Pyar Karun..,Sanam,1965,A. Hameed,Fyaz Hashmi,Munir Hussain,
"Aisay Bhi Hayn Mehrban, Zindagi Ki Rah Mein..",Jaisay Jantay Nahin,1969,Nisar Bazmi,Masroor Anwar,Ahmad Rushdi,
"Aisay Bhi Masoom Hayn, Is Dunya Mein Janay Kitnay..",Beti,1964,Deebo,Fyaz Hashmi,Masood Rana,
"Aisay Kab Tak Neer Bahaun Gi, Tu Na Aya To Main Mar Jaun Gi..",Maa Ka Pyar,1964,Rafiq Ali,Rasheed Sajid,Naseem Begum,
Aisay Mein Sanam Ho Sath Aur Chheray Pyar Ki Baat..,Dara,1968,Master Rafiq Ali,Mushir Kazmi,Irene Parveen,
"Aisay Mein Tum Kahan, Dil Hay Jawan..",Jan Nisar,1961,G.H. Qadri,S.H. Qadri,Madhu Almas,
"Aisay Na Dekhay Koi Keh Do Balam Say, Gora Badan Mora..",Sartaj,1965,Safdar Hussain,Fyaz Hashmi,Mala,
Aisay Zalim Say Bhala Kis Nay Mohabbat Ki Hay..,Shabistan,1969,Tasadduq Hussain,Fyaz Hashmi,Mala,
Aisay Zamanay Mein Deevanay Lot Kay Phir Nahin Aatay..,Nadir Khan,1968,Tasadduq Hussain,Atish Ludhyanvi,Naseem Begum,
"Aish Kar Lay, Aaj Kar Lay Aur Abhi Kar Lay, Deir Kaisi..",Zamin Ka Chand,1961,Tasadduq Hussain,I.K. Durrani,Mala,
"Aisi Baharen Kahan, A Dil (bol)..",Geet Kahin Sangeet Kahin,1969,Master Tufail,Tanvir Naqvi,Mehdi Hassan,
"Aisi Bin Baat Ka Rooth Jana, Heye Yeh Din Raat Ka Rooth Jana..",Parvana,1966,Ali Sahili,Akhtar Yousuf,Ahmad Rushdi,
"Aisi Dunya Ka Kya Eitbar, Shah Say Keh Dena, Rehna Hushiar..",Ustadon Ka Ustad,1967,Ghulam Ali,Aajiz Faridi,Runa Laila,
Aisi Dunya Mein Jeenay Say Marna Bhala..,Mamta,1964,Tufail Farooqi,Mushir Kazmi,Nazir Begum,
Aisi Pyar Bhari Nazron Say Dikha Kisi Nay..,20 Din,1964,Sohail Rana,Masroor Anwar,Naheed Niazi,
"Ajab Garbar, Gutala Hay, Hamen To Zindagi Day Kay Khuda Nay..",Elaan,1967,Master Inayat Hussain,Tanvir Naqvi,Fazal Hussain,
"Ajeeb Hay Yey Zindagi, Kabhi Hayn Gham, Kabhi Khushi..",Shola Aur Shabnam,1967,Manzoor Ashraf,Tanvir Naqvi,Masood Rana,
"Aji Banda Parwar, Yeh Kya Dillagi Hay, Nigahen Jhuki Hayn..",Elaan,1967,Master Inayat Hussain,Tanvir Naqvi,Saleem Raza,
"Aji Dekho Jee Mur Kay, Zara Dil Nazrana hay..",Mr. X,1963,Lal Mohammad Iqbal,Masroor Anwar,Waseem Farooqi,
"Aji Ho, Aaj Tumharay Qadmon Mein Khudbakhud Manzil Chal Kar Ayi..",Ek Hi Rasta,1968,Deebo,Masroor Anwar,Mala,
"Aji Kuchh To Kaho, Phir Baat Chhiri Hay..",Gori,1968,Karim Shahabuddin,Akhtar Yousuf,Sabina Yasmin & Co.,
"Ajj Na Jao, Sayyan Kal Ko Chalay Jana..",Asslam-o-Alaikum,1969,Nazar,Shuail Iqbal,Ishrat Jahan,
"Ajji Janab, Chhoriye Bhi Baat Khawab Ki..",Karvan,1964,Robin Ghosh,Shair Siddiqi,Firdousi Begum,
"Ajji Utho Na Hazoor, Tumhen Ab Ham Say Door..",Yateem,1967,Saleem Iqbal,Fyaz Hashmi,Irene Parveen & Co.,
"Ajji, Moray Tap Tap Tapkay Raal, Badami Halwa Leyo..",Aisa Bhi Hota Hay,1965,Nisar Bazmi,Fazal Karim Fazli,Ahmad Rushdi,
"Ajji, Tum Sun Lo, Dil Ki Baat, Haym Baray Kaam Ki Baat..",Izzat,1960,Nazir Ajmeri,Nazim Panipati,?,
"Ajnabi Rastay, Ajnabi Hamsafar..",Bhayya,1966,Robin Ghosh,Shahir Siddiqi,Najma Niazi,
"Ajnabi Rastay, Ajnabi Hamsafar, Shoq-e-Awargi, Lay Chala Hay Kidhar..",Ek Dil 2 Divanay,1964,Tasadduq Hussain,Mushir Kazmi,Irene Parveen,
"Ajnabi, Zara Souch Lo, Aisa Na Ho, Kal Tanhaiyon Mein..",Doraha,1967,Sohail Rana,Masroor Anwar,Ahmad Rushdi,
Akelay Na Jana Keh Tanhaiyon Mein Na Ham Jee Saken Gay..,Akelay Na Jana,1966,Suhail Rana,Sehba Akhtar,Naseema Shaheen,
"Akelay Na Jana, Hamen Chhor Kar Tum, Tumharay Bina Ham..",Armaan,1966,Sohail Rana,Masroor Anwar,Mala,
"Akelay Na Jana, Hamen Chhor Kar Tum, Tumharay Bina Ham..",Armaan,1966,Sohail Rana,Masroor Anwar,Ahmad Rushdi,
"Akelay Na Jana, Hamen Chhor Kar Tum, Tumharay Bina Ham (sad)..",Armaan,1966,Sohail Rana,Masroor Anwar,Mala,
"Akhian Jhalken, Mera Dil Dharkay, Jhoomay Jhoomay, Mast Ghata..",Hamsafar,1960,Muslehuddin,Shair Siddiqi,Sandhya Mukherjee (Indian singer),
"Akhian Mila Kay, Batein Bana Kay, Mujh Ko Sikhaya Pyar..",Nachay Nagin Bajay Been,1965,Talib Hussain Jafri,Basheer Manzar,Nazir Begum,
"Akhian Milana Bura, Dil Ka Lagana Bura, Bura Hay Zamana Bura..",Aavaz Day Kahan Hay,1962,Khursheed Qais,Ashiq Bhatti,Zubaida Khanum,
"Akhian Milay Na, Dekho Mora Sanwariya..",Bhabhi,1960,Tasadduq Hussain,Tufail Hoshiarpuri,Naseem Begum,
"Akhian Tori Rah Niharen, O Pardesia, Aa Ja..",Chanda,1962,Robin Ghosh,Suroor Barabankvi,Firdousi Begum,
"Akhion Say War Kiya Ray, Mohay Julmi Nay Loot Liya Ray..",Pyar Ki Jeet,1969,Zafar Qureshi,Inayat Batalvi,Rehana Yasmin,
"Al-Amman, 16van Hay Saal Mera, Kehta Hay Jahan Sara..",Koh-e-Noor,1966,Manzoor Ashraf,Fyaz Hashmi,Mala,
"Al-Amman, Marhaba, Hay Neya Bankpan Aur Touba Shikkan Har Ada..",Shehanshah-e-Jahangir,1968,Kemal Ahmad,Mushir Kazmi,Mala,
"Al-Madad, Fitna-e-Namrood Ko Matanay Walay..",Sher-e-Islam,1961,Azam Baig,Qateel Shafai,Naheed Niazi,
"Al-Maddad, Al-Maddad, Parwardigar-e-2 Jahan..",Touba,1964,A. Hameed,Fyaz Hashmi,Naseem Begum,
"Al-Shamso, Al-Qamro....",Ek Musafir Ek Haseena,1968,Khalil Ahmad,,Runa Laila,
"Alif Say Abbu, Alif Say Ammi, Ik Pyara, Ik Pyari..",Buzdil,1969,Khalil Ahmad,Fyaz Hashmi,Ahmad Rushdi,
"Alif Say Allah, Bay Bismillah, Pay Say Pakistan..",Ustadon Ka Ustad,1967,Ghulam Ali,Aajiz Faridi,Ahmad Rushdi,
"Alif Say Apna, Bay Say Behtar, Pay Say Pakistan..",Asslam-o-Alaikum,1969,Nazar,Masroor Zaidi,Ahmad Rushdi & Co.,
"Alif Zabra, Aa Mim.. Salgira Peh Tujh Ko Dua Dun..",Doosri Maa,1968,Lal Mohammad Iqbal,Masroor Anwar,Ahmad Rushdi & Co.,
"Alif Zabra, Aa Mim.. Salgira Peh Tujh Ko Dua Dun..",Doosri Maa,1968,Lal Mohammad Iqbal,Masroor Anwar,Mala & Co.,
"Allah Allah, Ham Kahan Aur Aap Ki Mehfil Kahan..",1000 Dastan,1000,Rasheed Attray,Fyaz Hashmi,Mala,
"Allah Bakhshay, Moula Bakhshay, Waldian Ko, Khoob Dua Kartay Thay..",Teray Shehar Mein,1965,Hassan Latif,Habib Jalib,Ahmad Rushdi,
"Allah Beli Mera Moula Ho, Raat Ka Sapna Toota, Tor Kay Rahi..",Aavaz Day Kahan Hay,1962,Khursheed Qais,Hazin Qadri,Zubaida Khanum,
"Allah Karay, Dil Kahin Aye Na, Touba Touba..",Shahi Mahal,1968,Tasadduq Hussain,Nazim Panipati,Naheed Niazi,
"Allah Meharban, Sari Dunya Meharban, Moula Teri Shan Nirali..",Ham Dono,1966,Nashad,Kaleem Usmani,Ahmad Rushdi,
"Allah Mian, Ham Ko Hamari Ammi Say Mila Day..",Buzdil,1969,Khalil Ahmad,Fyaz Hashmi,Irene Parveen,
"Allah Mian, Neechay Aa, Dunya To Deti Nahin, Tuhi Roti Deta Ja..",Kala Pani,1963,Rehman Verma,Mushir Kazmi,Batish,
"Allah, Allah, Allah, Soja Meri Ankhon Kay Taray..",Tasvir,1966,Khalil Ahmad,Himayat Ali Shair,Nighat Seema,
"Allah, Jhat Patt Say Hero Bana Day Mujhay..",Aina,1966,Manzoor Ashraf,Shabab Keranvi,Ahmad Rushdi,
"Amar Raya Yeh Preet Kahani, Amar Rahay Sangeet Hamara..",Ponam Ki Raat,1966,Tony Chitergi,Abid Jonpuri,Firdousi Begum,
"Ammi Ki Bahon Main Pyara, Jaisay Chanda Ki God Mein Tara..",Khilona,1968,Khalil Ahmad,Himayat Ali Shair,Runa Laila,
"Anari, Tujhay Jan Geyi Ray, Anari, Tujhay Maan Geyi Ray..",Anari,1969,Ali Hossain,Akhtar Yousuf,Sabina Yasmin,
"Anchal Sanbhalun To Payel Sataye, Payel Ko Rokun To Kangna Sataye..",Shehnai,1968,Sohail Rana,Masroor Anwar,Mala,
"Andhay Woh Hayn, Jo Na Samjhen Ham Ko Banday..",Andhi Mohabbat,1964,Manzoor Ashraf,Tanvir Naqvi,Ahmad Rushdi,
"Andhiyon Mein Bhi, Charagh Apna Jalana Ho Ga..",Yeh Jahan Valay,1965,Tasadduq Hussain,Khan Eisa Ghaznavi,Irene Parveen,
"Angay Mayian, Angay Nanha, Chijji Mangay..",Khan Bahadur,1960,G.A. Chishti,Ahmad Rahi,Iqbal Bano,
"Angrai Hay, Tanhai Hay, Zulf Kisi Ki Lehrai Hay..",Subah Kahin Sham Kahin,1961,Nazir Jafri,Zahoor Nazar,Naseem Begum,
"Anjam Na Janay Kya Ho Ga, Ham Ehd-e-Wafa Kar Baithay..",Misaal,1966,Azam Baig,Mushir Kazmi,Nazir Begum,
"Ankh Lari Tum Say, Dil Begana Hua Ham Say..",Shadi,1964,Nazir Sheeley,Saleem Nagar,Nighat Seema,
"Ankh Milana Bura Hay, Dil Ka Milana Bura Hay, Hey Zamana Bura Hay..",Pyar Ki Saza,1964,Manzoor Ashraf,Nazim Panipati,S.B. John,
Ankh Sharmaye Gi.. Sathi Meray Bachpan Ka Jab Mil Jaye Ga..,Aavara,1968,Muslehuddin,Mushir Kazmi,Naheed Niazi,
"Ankh Sitamgar, Fitna Mohshar, Husn-e-Nazar, Ma-Sha-Allah..",Shahi Mahal,1968,Manzoor Ashraf,Nazim Panipati,Irene Parveen,
"Ankhen Bari Nemat Hayn, Kuchh Ham Ko Dila, Baba..",Aurat,1965,Rasheed Attray,Qateel Shafai,Munir Hussain,
Ankhon Ankhon Mein Tu Dil Ko Churaye Ray Sanam..,Ek Manzil 2 Rahen,1962,Rasheed Attray,Qateel Shafai,Naseem Begum,
"Ankhon Ka Ek Jaam, Nazar Say Pila Mujhay..",Mehkhana,1964,Nashad,Nakhshab,Saleem Raza,
"Ankhon Kay Gulabi Doray, Zulfon Ka Mehkta Saya..",Chhotay Sahib,1967,Ali Hossain,Akhtar Yousuf,Ahmad Rushdi,
"Ankhon Kay Jam Hayn, Zulfon Kay Dam Hayn..",Zarina,1962,G.A. Chishti,Tanvir Naqvi,Naseem Begum,
Ankhon Mein Aansuon Ki Rawani Liye Huway..,Ik Tera Sahara,1963,Master Inayat Hussain,Qateel Shafai,Saleem Raza,
"Ankhon Mein Ankhen Daal Kay, Dekha Na Kijiye..",Gulfam,1961,Rasheed Attray,Tanvir Naqvi,Naseem Begum,
"Ankhon Mein Ashk, Dard Hay Dil Mein Basa Hua..",Commander,1968,Master Abdullah,Saleem Kashar,Masood Rana,
"Ankhon Mein Kajal, Hathon Mein Mehndi, Mehndi Mein Rang Hay..",Jaag Utha Insan,1966,Lal Mohammad Iqbal,Dukhi Premnagri,Ishrat Jahan,
"Ankhon Say Ankhen Mila, Ishq Ki Chot Khay Kay..",Ham Ek Hayn,1961,?,Fyaz Hashmi,Kousar Parveen & Co.,
"Ankhon Say Lagi Ashkon Ki Jhari, Ya Shah-e-Arab (saw), Mushkil Hay Bari..",Alf Leila,1968,Tasadduq Hussain,Mushir Kazmi,Mala,
"Ankhon Say Mili Ankhen, Dil Dil Say Jo Takraya, Wallah..",1000 Dastan,1000,Rasheed Attray,Fyaz Hashmi,Mehdi Hassan,
Ankhon Say Piyo Gay Ya Peimana Chahiye..,Shadi,1964,Nazir Sheeley,Saleem Nagar,Madhu Almas,
Antar Na Toray Balay Ham Jamaima..,Nateeja,1963,A. Hameed,Mushir Kazmi,Irene Parveen & Co.,
Apnay Daaman Ko Ham Ashkon Say Bhago Letay Hayn..,Ghazala,1963,Rehman Verma,Mushir Kazmi,Ishrat Jahan,
Apnay Dil Ki Dunya Basa Kay.. Sakhion Ka Dil Tor Chali..,Shehnai,1968,Sohail Rana,Masroor Anwar,Mala & Co.,
"Apnay Ho Geye Hayn Paraye, Jo Kal Tak Thay Apnay..",Paisay,1964,Robin Ghosh,Fyaz Hashmi,Irene Parveen,
"Apnay Paraye Chhor Chalay Ham, Sakhion Say Monh Mor Chalay..",Diya Aur Toofan,1969,Kemal Ahmad,Fyaz Hashmi,Runa Laila & Co.,
"Apnay Parcham Talay, Har Sipahi Chalay..",Ik Tera Sahara,1963,Master Inayat Hussain,Himayat Ali Shair,Irene Parveen & Co.,
Apnay Pehlu Mein Meray Dil Ko Machal Janay Do..,Tum Milay Pyar Mila,1969,Nashad,Taslim Fazli,Noorjahan,
"Apnay Sath Liye Jatay Ho Ik Bhari Ka Pyar, Lori Day Jana Ik Bar..",Main Zinda Hun,1968,Hassan Latif,Riaz Shahed,Mala,
"Apnay Waadon Ko Bhula Do, Kahin Aisa To Nahin..",Faishon,1965,Bakhshi Wazir,Qateel Shafai,Ahmad Rushdi,
Apni Bikhri Hoi Zulfon Kay Ghanay Saye Mein..,Naaz,1969,Nisar Bazmi,Qateel Shafai,Mujeeb Alam,
"Apni Ho Geyi Shadi, Mili Phoolon Ki Shehzadi..",Watan Ka Sipahi,1966,Manzoor Ashraf,Mushir Kazmi,Ahmad Rushdi,
Apni Jan Day Kay Jo Ban Geye Doosron Ki Zindagi..,Zindagi,1968,Master Abdullah,Saleem Kashar,Mehdi Hassan,
"Apno Nay Woh Ranj Diye Hayn, Beganay Yaad Aa Geye Hayn..",Misaal,1966,Azam Baig,Habib Jalib,Saleem Raza,
"Apno Say Shikayet Hay, Na Apno Say Gila Hay..",Zamin Ka Chand,1961,Tasadduq Hussain,I.K. Durrani,Nazir Begum,
"Arj To Sun Mori, Binti Karun Main Tori, Bahniya Pharrun Tori..",Divana,1964,Muslehuddin,Fyaz Hashmi,Naseem Begum,
Armaan Har Ek Dil Mein Neyi Zindagi Kay Hayn ..,Al-Hilal,1966,Rasheed Attray,Qateel Shafai,Naseem Begum,
"Armaan HaynYeh Dil Kay, Bichhren Na Kabhi Mil Keh..",Baap ka Baap,1964,Tasadduq Hussain,?,Irene Parveen,
"Armaan Lutay, Dil Ki Murjhai Kali Khil Kay..",Chori Chhuppay,1965,Hasnain,?,Shabana Majeed,
"Arman To Buhat Hayn Dil Mein, Par Arz Kaisay Ho..",Jang-e-Azadi,1968,M. Ilyas,Tanvir Naqvi,Noorjahan,
"Armano Kay Saaz Peh Nachun, Dharkan Ki Awaz Peh Nachun..",Khyber Mail,1960,G.A. Chishti,Masoom Ludhyanvi,Naheed Niazi,
"Array Array, Meray Dil Ko Janay Kya Ho Geya..",Tamasha,1965,Azam Baig,Aftab Ali Khan,Saleem Raza,
"Array Heye Ray, Paray Dil Peh Dhamak, Jab Lachkay Badan..",Vah Bei Vah,1964,Master Abdullah,Tanvir Naqvi,Irene Parveen,
"Array Kaisa Julmi Hay Dekho Zamana, Koi Chher Karay..",Shaam Savera,1967,Master Ashiq Hussain,Mushir Kazmi,Irene Parveen,
"Array Main Hun Table Wala, Kaam Hay Mera Khidmat Karna..",Ustadon Ka Ustad,1967,Maqsood Ahmad,Aajiz Faridi,Muzaffar,
"Array O BeMurawat, Array O BeWafa, Bata Day, Kya Yahi Hay..",Savaal,1966,Rasheed Attray,Fyaz Hashmi,Noorjahan,
"Array O Haseena, Kafir Haseena, Saj Kay Chali..",Insan Badalta Hay,1961,Zafar Khursheed,Izhar Malihabadi,Ahmad Rushdi,
"Array O, Samnay Aa Kar Nigahein To Mila Ham Say..",Qatal Kay Baad,1963,Deebo,?,Irene Parveen,
Array Suno Ray Nagar Kay Logo.. Keh Gori Abhi Janay Na..,Shikva,1963,Deebo,Munir Niazi,Irene Parveen,
"Array Zalim, Array Dil Lainay Waly, Mujhay Tu Aazma Lay..",Aanch,1969,Khalil Ahmad,Qateel Shafai,Naseem Begum,
"Array, Array, Kya Karti Ho, A Bye A Bye..",C.I.D.,1969,Bakhshi Wazir,Muzaffar Warsi,Batish,
"Array, Dehati Gentleman, Teray Kya Phoot Geye Hayn Nain..",Bombay Vala,1961,Rehman Verma,Mushir Kazmi,Robina Yasmin,
"Array, Mujh Say Tumhen Roothnay Ka Ikhtiar Hay..",Maa Beta,1969,Master Inayat Hussain,Masroor Anwar,Ahmad Rushdi,
"Array, Pee Kay Botal May Ki, Dunya Sari Behki ..",Khamosh Raho,1964,Khalil Ahmad,Himayat Ali Shair,Najma Niazi,
"Arri O Laila Ki Khala, Mera Nikal Geya Deevala..",Nadira,1967,Kemal Ahmad,Mushir Kazmi,Masood Rana,
"Arz Hay Yeh Gila Nahin, Samjha Hay Jitna Aap Nay..",Sanam,1965,A. Hameed,Fyaz Hashmi,Munir Hussain,
"Ashkon Kay Diye, Sadqay Tujh Peh A Chand..",Chhoti Behan,1964,Lal Mohammad Iqbal,Sehba Akhtar,Nighat Seema,
"Asslam-o-Elaikum, Janab-e-Aali, Wa-Elaikum-Asslam, Huzoor-e-Wala..",Shadi,1964,Nazir Sheeley,Saleem Nagar,Nighat Seema,
"Awaz Do, Awaz Do, Insaf Ko Awaz Do..",Aurat Aur Zamana,1968,Ghulam Nabi,Tanvir Naqvi,Runa Laila,
"Awaz Jab Bhi Den Ham, Pehchan Jayie Ga..",Mahal,1968,Rasheed Attray,Fyaz Hashmi,Mehdi Hassan,
"Aya Hay Koi, Ankhon Mein Liye Afsanay Pyar Kay..",Aakhri Station,1965,Khan Ataur Rahman,Suroor Barabankvi,Firdousi Begum,
"Aya Khushion Ka Rangeen Zamana, Zindagi Ban Geyi Ik Tarana..",Taj Mahal,1968,Nisar Bazmi,Kaleem Usmani,Ahmad Rushdi,
"Aya Mangol Aya, Isabgol, Kuch Na Phol, Sab Kuchh Gol..",Saltanat,1960,G.A. Chishti,Ahmad Rahi,Batish,
"Aye Dilruba, Tujh Par Fida Sub Kuchh Mera..",Paristan,1968,Rasheed Attray,Tanvir Naqvi,Mala,
"Aye Ga Sajjan, Jab Aye Ga, Chhup Chhup Kay Khari Kya Soch Rahi Hay..",Suhag,1963,Akhtar Hussain Akhian,Sahil Farani,Mala,
"Aye Ga Sanam, Jab Nazren Milen Gi, Tab Kya Kahun Gi..",Susral,1962,Hassan Latif,Tanvir Naqvi,Naseem Begum,
"Aye Ga To Poochun Gi, Aya Hay Kyun Der Say..",Dost Dushman,1967,Rehman Verma,Tanvir Naqvi,Naseem Begum,
"Aye Gi khabar, Meray Ghar Mein Sahar, Kab Gham Ka Andhera Jaye Ga..",Teray Shehar Mein,1965,Hassan Latif,Habib Jalib,Batish & Co.,
"Aye Hayn Meray Sarkar Yahan, Chamkay Ga Dilon Ka Beupar..",Shaheed Titumir,1969,Mansoor Ahmad,Shair Siddiq,Shehnaz Begum,
"Aye Sajjan, Mori Payel Bajay, Chham Chham Chham Chhanan..",Dhoop Chhaun,1963,Ghulam Nabi,Kaleem Usmani,Naseem Begum,
"Aye, Aye, Aye, Bahar Kay Din Aye, Nikhar Kay Din Aye..",Aisa Bhi Hota Hay,1965,Nisar Bazmi,Fazal Karim Fazli,Noorjahan & Co.,
"Ayi Ayi Ho Rut Sawan Ki, Sudh Lai Pyar Kay Awan Ki..",Preet Na Janay Reet,1963,Subal Das,Suroor Barabankvi,Firdousi Begum & Co.,
"Ayi Berva Mein Soye Geyon Meray, Dorwan Say Chalay Geye..",Preet Na Janay Reet,1963,Subal Das,Suroor Barabankvi,Firdousi Begum,
"Ayi Ho Rut, Ayi Rangeeli, Jaisay Dulhan Ho Nit Naveli..",Sagar,1965,Khan Ataur Rahman,Suroor Barabankvi,Irene Parveen,
"Ayi Ho, Ayi Sawan Rut Ayi, Kajil Jaisi Kali Badli..",Parosi,1968,Wazir Afzal,Zahoor Nazar,Noorjahan & Co.,
Ayi Jo Un Ki Yaad To Aati Chali Geyi..,Charagh Jalta Raha,1962,Nihal Abdullah,Jigar Muradabadi,M. Kaleem,
"Ayi Milan Ki Raat Ri, Chali Piya Kay Tu Sath Ray..",Hamen Bhi Jeenay Do,1963,C. Faiz,Asadi,Irene Parveen,
"Ayi Ray, Ayi Ray, Kaisi Rut..",Nadir Khan,1968,Tasadduq Hussain,Atish Ludhyanvi,Nazir Begum,
"Ayi Ray, Millan Rutt Ayi, Aa Jao Ray, Bajnay Lagi Hay Shehnai..",Darvaza,1962,Saleem Iqbal,Saifuddin Saif,Naseem Begum,
"Ayi Shaam, Piya Nahin Aye Ray, Dil Gham Mein Dooba Jaye..",14 Saal,1968,Mohammad Ali Munnu,Shorsh Dehlvi,Irene Parveen,
"Ayi Yeh Kaisi Umariya, Bajay Mann Mein Jagariya..",Parosi,1968,Wazir Afzal,Zahoor Nazar,Noorjahan,
"Ayo Aaj, Chalo Ri Sakhi, Aaj Mangal Manayen..",Mala,1965,Khan Ataur Rahman,Suroor Barabankvi,Irene Parveen,
Azadi Ki Roshani Lo..,Zarqa,1969,?,?,Munir Hussain,
"Baat Banti Nahin Bananay Say, Yaad Aatay Hayn..",Shehzadi,1960,Tasadduq Hussain,Nusrat Mansoori,?,
"Baat Chhoti Si Hay, Mano Ya Na Mano, Ham Hayn Tumharay..",Raat Kay Rahi,1960,A. Hameed,Fyaz Hashmi,Ahmad Rushdi,
"Baat Ek Raat Ki, Raat, Barsat Ki..",Dr. Sheitan,1969,Rabbani,Shujaa Aqeel,Nasrin Jeelani,
Baat Karni Mujhay Mushkil Kabhi Aisi To Na Thi..,Sharik-e-Hayyat,1968,A. Hameed,Bahadur Shah Zafar,Mehdi Hassan,
"Babu, Budha Ban Kar Aye.. Budha Phir Bhi Achha Lagay..",Shehnai,1968,Sohail Rana,Masroor Anwar,Runa Laila,
"Babul Ray Babul, Mayya Ri Mayya, Doli Mein Kar Day Sawar..",Jang-e-Azadi,1968,M. Ilyas,Tanvir Naqvi,Mala & Co.,
"Bach Kay Zara, Bach Kay Rehna, Meri Mast Nazar Kay Teer Say..",Bulbul-e-Baghdad,1962,Mohammad Ali Munnu,Tufail Hoshiarpuri,Irene Parveen,
"Bach Na Sako Gay Meri Jan, Banki Adaon Kay War Say..",Aadil,1966,Nisar Bazmi,Mushir Kazmi,Mala,
"Bacha Lay Aabroo Meri, Sitam Dhanay Laga Hay Syad..",Ayaz,1960,Khawaja Khursheed Anwar,Qateel Shafai,Zubaida Khanum,
"Bacha Lo, Bacha Lo, Apnay Dil, Dil Walo, Khel Hay Dil Churanay Ka..",Andhi Mohabbat,1964,Manzoor Ashraf,Mushir Kazmi,Mala,
"Bachna Jee, Zara Hat Kay, Zara Bach Kay, O Babu Jee..",Tamasha,1965,Azam Baig,Fyaz Hashmi,Naheed Niazi,
"Bachpan Beeta Ayi Jawani, Bolo Jee, Iqrar Karo..",Surayya,1961,Akhtar Hussain Akhian,Shabab Keranvi,Irene Parveen,
"Bachpan Ka Hay Apna Pyar, Yun Gayen Gay Ham..",Naghma-e-Sehra,1966,Safdar Hussain,Qateel Shafai,Nazir Begum,
Bachpan Ki Tarah Sath Nibhaye Ki Jawani..,Pak Daaman,1969,Master Inayat Hussain,Qateel Shafai,Ahmad Rushdi,
Badalti Rahen Kahan Lay Jayen..,Veer Pyara,1969,Tufail Niazi,Sultan Mehmood Ashufta,?,
"Badlon Mein Chandni Hans Rahi Hay, Thandi Thandi Aag Dil Mein..",Ek Manzil 2 Rahen,1962,Rasheed Attray,Qateel Shafai,Naseem Begum,
"Badlon Mein Chhup Raha Hay Chand Kyun, Apni Hi Kis Ada Say..",Ik Tera Sahara,1963,Master Inayat Hussain,Qateel Shafai,Saleem Raza,
Badnam Kar Diya Hay Wafa Nay Kahan Kahan..,Shake Hand,1962,Bakhshi Wazir,Tajammul Hussain,Saleem Raza & Co.,
Badsha-e-Ishq Hayn Ham Aur Husn Kay Sail Hayn Ham..,Sangdil,1968,M. Ashraf,Khawaja Parvez,Masood Rana,
"Bagh Ujar Geya Mera, Ayi Khazan Bahar Mein..",Chhoti Ammi,1964,Tasadduq Hussain,Mushir Kazmi,Naseem Begum,
Bagwa Ko Chal Ray (Competition In Classical Music)..,Mousiqar,1962,Rasheed Attray,Tanvir Naqvi,Naseem Begum,
"Bahar Ki Rut Ayi, Ayi Ray Ayi Ray, Bhar Ki Rut Ayi..",Jaisay Jantay Nahin,1969,Nisar Bazmi,Masroor Anwar,Runal Laila,
Baharon Mein Bulbul Ko Hansana Manaa Hay..,Raqqasa,1965,Master Rafiq Ali,Mushir Kazmi,Naseem Begum,
"Bahu Rani Kay Lalana Aye Ray, Aaj Allah Nay Yeh Din Dikhaye Ray..",Chhoti Behan,1964,Lal Mohammad Iqbal,Wajid Chughtai,Nighat Seema,
"Bairan Ho Geyi Dunya Sari, Jaye Kahan Dukhyari..",Manzil,1960,Feroz Nizami,Tanvir Naqvi,Noorjahan,
"Bairan Raat Sataye, O Sathi Tujh Bin..",Manzil Door Nahin,1968,Lal Mohammad Iqabl,Ejaz Kashmiri,Nighat Seema,
"Bairi Akhiyon Ki Nindia Ur Geyi, Churaya Tu Nay Dil Sajna..",Main Zinda Hun,1968,Hassan Latif,Khawaja Parvez,Mala,
"Bairi Balma Ka Dil BeIman Ho Geya, Kisi Bairan Peh Dil..",Pakeeza,1968,Saleem Iqbal,Nazim Panipati,Naseem Begum,
"Bairi, Akhian Na Kehna Mora Manay, Dekho, Qsmen Lagin Hayn..",Devdas,1965,Akhtar Hussain Akhian,Roop Baivt,Naseem Begum,
Baithay Hayn Roop Badal Kay Kaisay Kaisay Chehray..,Mehman,1969,Master Inayat Hussain,Qateel Shafai,Mala,
"Bajaa Keh Ham Thay Saza Kay Qabil, Na Thay Tumhari Ada Kay Qabil..",Begana,1966,Robin Ghosh,Saghar Siddiqi,Firdousi Begum,
"Bajai, Aaj Yeh Kisi Been, Chheen Liya Sukh Chain, Saperay..",Gulbadan,1960,Akhtar Hussain Akhian,Rehman Pyami,Zubaida Khanum,
"Bajay Jab Koi Shehnai, Kyun Ankh Bhar Aye Birha Ki..",Ek Musafir Ek Haseena,1968,Khalil Ahmad,Kaleem Usmani,Runa Laila,
"Bajay, Jhan Jhan Jhan Payel, Jagay Mori Saas, Nandya..",Gulfam,1961,Rasheed Attray,Tanvir Naqvi,Naseem Begum,
"Bajnay Lagay Woh Saaz, Jo Khamosh Thay Kabhi..",Jahan Bajay Shehnai,1968,Basheer Ahmad,Basheer Ahmad,Basheer Ahmad,
"Balam Harjai, Sajjan Harjai, Mosay Jhooti Preet Lagai..",Mahal,1968,Rasheed Attray,Fyaz Hashmi,Naseem Begum,
"Balam, Albelay Sanam, Jawani Beetay Na Akelay Akelay..",Zarina,1962,G.A. Chishti,Ahmad Rahi,Mubarak Begum,
"Balamva Bolay, Sajan Moh Say Bolay, Ghoonghat Pat Khol..",Shehanshah-e-Jahangir,1968,Kemal Ahmad,Mushir Kazmi,Naseem Begum & Co.,
"Ball Day Kay Na Yun Zulfon Ko Jhatak, Yeh Bheegay Huway..",Aadil,1966,Nisar Bazmi,Himayat Ali Shair,Ahmad Rushdi,
"Balma Anari Ho, Balma Anari, Na Janay Preet, Preet Ki Reet..",Tasvir,1966,Khalil Ahmad,Himayat Ali Shair,Balqees Khanum,
"Balma Na Sata, Ab To Maan Ja, Hey, Tu Nay..",Sham Dhalay,1960,Rasheed Attray,Tanvir Naqvi,Naseem Begum,
"Balma Ray, Mori Baat Maan Lay, Main Teray Haath Na Aun Gi..",Teer Andaz,1963,Safdar Hussain,Qateel Shafai,Iqbal Bano,
"Balma, Aya Moray Dawaray, Jhalak Dikhla O Balma..",Aag Ka Darya,1966,Ghulam Nabi,Josh Malihabadi,Mala,
"Balma, Ja Ray Ja, Neend Chura Kay Loot Liya..",Josh,1966,Muslehuddin,Fyaz Hashmi,Naheed Niazi,
"Balma, Jiya Aahen Veeran, Zamana Mera Dard Na Janay..",12 Bajay,1961,Lal Mohammad Iqbal,Yazdani Jalandhry,Nishi Kumari (Indian singer),
"Bam Chhak, Bam Chhak Tana, Main Rahi Hun Anjana..",Fantoosh,1967,A. Rasheed,Hamdam Jamal,A. Rasheed,
"Ban Geye Dard To Dawa Kyun Ho, Tum Meray Ho To Doosra Kyun Ho..",Inqilab,1962,N.K. Rathoor,?,Masood Rana,
"Ban Kay Hawa, Kali Ghata, Urti Phirun Main..",Ek Thi Maa,1960,Rehman Verma,Atish Ludhyanvi,Zubaida Khanum,
"Ban Kay Mera Parwana, Aye Ga Akbar Khana.. Pa Khair Raghlay..",Farangi,1964,Rasheed Attray,Qateel Shafai,Mala,
"Bana Kay Mera Nasheman, Jala Diya Tu Nay..",2 Rastay,1961,Master Inayat Hussain,Habib Jalib,Saleem Raza,
Band Honton Say Jo Ik Baat Kahi Thi Main Nay..,Dil-e-Betab,1969,Master Inayat Hussain,Qateel Shafai,Noorjahan,
"Band Kijiye Kitaben, Khuda Kay Liye, Reham Kijiye..",Bahana,1965,Khan Ataur Rahman,Suroor Barabankvi,Irene Parveen,
"Band Na Kar Abhi Nain Dawaray, Chand Kahay Tujhay Kar Kay Isharay..",Geet Kahin Sangeet Kahin,1969,Master Tufail,Tanvir Naqvi,Mujeeb Alam,
"Banhon Ka Haar Lay Kay, Dil Ka Qarar Lay Kay..",Jungli Phool,1968,Karim Shahabuddin,Akhtar Lakhnavi,Najma Niazi,
"Banhon Mein Aa Kay Heye, Sapnay Saja Kay..",Parvana,1966,Ali Sahili,Akhtar Yousuf,Ahmad Rushdi,
"Bankay Sanwaria Nay Jadu Dala, Chhin Geya Ray Mera Matwala..",Insaf,1960,Nathu Khan,Baqar Rizvi,Nazir Begum,
"Bankay Sipahi Meray, Sadqay Main Jaun Teray..",Watan Ka Sipahi,1966,Manzoor Ashraf,Mushir Kazmi,Naseem Begum,
"Bansi Bajai Tu Nay, Nindia Urai Tu Nay, Teri Qasm Sanwaray..",Katari,1968,M. Ashraf,Tanvir Naqvi,Noorjahan,
"Bansi Bajaye Koi, Nadia Kay Par Ray, Holay Holay Jhoomay..",Jaag Utha Insan,1966,Lal Mohammad Iqbal,Dukhi Premnagri,Mala,
"Bara Dukh Paya, Main Nay Bara Dukh Paya..",Gulfarosh,1961,Safdar Hussain,Zahoor Raja,Naseem Begum,
"Bara Sangdil Zamana, Kisi Say Dil Na Lagana..",Paharan,1962,M. Javed,Maya Devi,Naheed Niazi,
Bara Sukh Chain Meray Chhotey Say Gaun Mein..,Pardah,1966,Safdar Hussain,Fyaz Hashmi,Irene Parveen,
"Baray Mian To Baray Mian, Chhotay Mian, Subhan Allah..",Maa Beta,1969,Master Inayat Hussain,Masroor Anwar,Mala,
"Baray Sangdil Ho, Baray Na-Samajh Ho, Tumhen Pyar Karna..",Aashiana,1964,A. Hameed,Fyaz Hashmi,Ahmad Rushdi,
"Bari Door Thay Woh, Bari Door Thay Ham, Lo Khatam Yeh Fasla Ho Geya..",Azad,1964,Muslehuddin,Fyaz Hashmi,Musleuddin,
"Bari Haseen Hay Zindagi, Khushi Say Gar Sanwariye..",Qanoon,1963,Khalil Ahmad,Tanvir Naqvi,Naheed Niazi,
"Bari Haseen Hay Zindagi, Qareeb Aa Kay Dekhiye..",Maa Ka Pyar,1964,Rafiq Ali,Rasheed Sajid,Nazir Begum,
"Bari Inayat Keh Aap Aye, Chamak Utha Hay Gharibkhana..",Khandan,1964,Rehman Verma,Habib Jalib,Naseem Begum,
"Bari Meharbani, Bari Hi Inayat, Agar Tun Na Aatay To Hoti Shikayet..",Rishta Hay Pyar Ka,1967,Nashad,Fyaz Hashmi,Masood Rana,
Bari Mushkil Say Hua Tera Mera Sath Piya..,Lakhon Mein Ek,1967,Nisar Bazmi,Tanvir Naqvi,Noorjahan,
Bari Mushkil Say Nigahen Uthi Hayn..,Dulhan,1963,Rasheed Attray,Fyaz Hashmi,Noorjahan,
"Barray BeMurawwat Hayn, Yeh Husn Walay, Kahin Dil Laganay Ki
..",Badnam,1966,Deebo,Masroor Anwar,Surayya Multanikar,
"Bars, A Abr-e-Karm, Josh Mein Aa, Josh Mein Aa..",Zamin Ka Chand,1961,Tasadduq Hussain,I.K. Durrani,Munir Hussain & Co.,
"Barsan Lagay, Ab To Naino Say Taray, Ho..",Kajal,1965,Subal Das,M.D. Ahsan,Firdousi Begum,
"Barson Ki Yeh Judai Kaisay, Abhi Abhi Ki Baat Hay..",Beti,1964,Deebo,Fyaz Hashmi,Noorjahan,
Bas Eik Jhalak Dhikla Kay Hamen Woh Chand Nazar Say Door Hua..,Jan-e-Arzoo,1968,Master Inayat Hussain,Qateel Shafai,Saleem Raza,
Bas Ham To Ho Geye Hayn Khadam Janab Kay..,Teer Andaz,1963,G.A. Chishti,Wali Sahib,Ahmad Rushdi,
"Bas Itna Karam Kar, Hamen Insan Bana Day..",Ham Ek Hayn,1961,?,Fyaz Hashmi,Saleem Raza,
"Basant Rut Ayi, Aa Ja, Jiya Na Lagay Mora..",2 Bhai,1968,Wazir Afzal,Sorash Dehlvi,Noorjahan,
"Bata, Tu Kis Jahan Mein Abad Hay, Meray Dil Mein Ab Tak Teri Yaad Hay..",Saltanat,1960,G.A. Chishti,Qateel Shafai,Zubaida Khanum,
"Baten Falik Ki, Qissay Zamin Kay, Jhootay Kahin Kay..",Meray Laal,1967,Lal Mohammad Iqbal,Sehba Akhtar,Nighat Seema,
"BatHa Kay Janay Walo, Aqaye 2 Jahan (saw) Say, Mera Salam Kehna..",Mera Salaam,1966,Mohammad Ali Munnu,Muzaffar Warsi,Batish,
"Bawri Main Bawri, Tu Chanda Teray Pyar Mein Lut Geyi..",Ek Musafir Ek Haseena,1968,Khalil Ahmad,Kaleem Usmani,Runa Laila,
"Be-Dardi, Dil Mein Teray Pyar Nahin..",Navab Siraj-ud-Daulah,1967,Khan Ataur Rahman,Suroor Barabankvi,Shehnaz Begum,
"Be-Kason Ko Tu, Ya-Rabb, Be-Khata Na Maray Ga..",Adalat,1968,Tasadduq Hussain,Muzaffar Warsi,Noorjahan,
"Be-Qarar Kar Kay Hamen Chal Diye, Hazoor..",Meri Dosti Mera Pyar,1968,Tasadduq Hussain,Riazur Rehman Saghar,Ahmad Rushdi,
"Be-Saharon Kay Saharay, Ya Mohammad (Saw) Aap Hayn..",1000 Dastan,1000,Rasheed Attray,Fyaz Hashmi,Naseem Begum,
BeChain Kar Geyi Hay Kisi Ki Nazar Mujhay..,Aneela,1969,Nisar Bazmi,Masroor Anwar,Mala,
"Bechain Tanhayian, Leti Hayn Angrayian, Seenay Mein Halchal..",Ham Matvalay Nojavan,1965,Saleem Iqbal,Masroor Anwar,Naheed Niazi,
"Bechara, Kaisay Baitha Hay, Chup Chup Chup, Kuchh Janay Na..",Shikva,1963,Deebo,Masroor Anwar,Najma Niazi,
"Bedardi, Matt Jao, Sar Ko Jhukao, Akhian Bichhao..",Bandhan,1964,Robin Ghosh,Suroor Barabankvi,Anjuman Ara,
"Been Baja Jogi, Yehan Chhupa Hay Ik Naag..",Neelam,1963,Manzoor Ashraf,Mushir Kazmi,Mala,
"Been Bajanay Walay, Matwalay, Teri Been Ka Jadu Maar Gya..",Saperan,1961,Manzoor Ashraf,Shabab Keranvi,Mala,
"Beena Bajay Na Taar Bina, Jeena Mushkil Hay Pyar Bina..",Taqdeer,1966,Deebo,Fyaz Hashmi,Mala,
"Beetay Dino Ki Yaadon Ko, Kaisay Main Bhulaun..",Aag,1967,Nisar Bazmi,Masroor Anwar,Noorjahan,
"Beetay Huway Din Kyun Yaad Aye, Dil Ki Dharkan Barhti Barhti Jaye..",Jahan Bajay Shehnai,1968,Basheer Ahmad,Basheer Ahmad,Mala,
"Beetay Huway Kuch Din Aisay Hayn, Tanhai Jhinen Dohrati Hay..",Tumhi Ho Mehboob Meray,1969,M. Ashraf,Ehsan Danish,Mehdi Hassan,
Behan Ki Maang Mein Bhar Di Hay..,2 Bhai,1968,Wazir Afzal,Tajammul Hussain,Sain Akhtar,
"Behki Behki Hawa, Ja Ri Ja, Choomti Hay Kyun Aaj Anchal..",Saltanat,1960,G.A. Chishti,Ahmad Rahi,Naheed Niazi,
"Behna, Meri Pyari Hay, Bachi Hay, Raj Dulari Hay..",Bhayya,1966,Robin Ghosh,Ishrat Lakhnavi,Ahmad Rushdi,
"Behtay Aansoo, Ab To Bujha Do Dil, Jalta Hay Aag Lagay..",Bhayya,1966,Robin Ghosh,Khawaja Riaz,Naheed Niazi,
"BeiKal Raat Bitai, BeiChain Din Guzara, Kis Aas Peh Janay Ham Nay..",Eindhan,1966,Subal Das,Akhtar Yousuf,Ahmad Rushdi,
"BeIman Rasiya, Kahay Churai Mori Ankhon Ki Nindiya..",Jalva,1966,Nashad,Kaleem Usmani,Noorjahan,
"Bekasi Ki Hay Nao Bhanwar Mein, Moula Paar Lagana..",Baghawat,1963,G.A. Chishti,G.A. Chishti,Noorjahan,
BeKhudi Say Ashna Itnay Huway Jatay Hayn Ham..,Papi,1968,Jameel Khusro,A.M. Saqi,Nighat Seema,
"BeKhudi Si Tamannaon Peh Chha Geyi, Zindagi Ik Neye Mor Par Aa Geyi..",Faishon,1965,Bakhshi Wazir,Qateel Shafai,Naseem Begum,
"Betab Ho Udhar Tum, BeChain Hayn Idhar Ham..",Armaan,1966,Sohail Rana,Masroor Anwar,Ahmad Rushdi,
"Betab Nigahon Say Parda Na Karo, Mar Jayen Gay Ham, Aisa Na Karo..",Damaad,1963,Tasadduq Hussain,Fyaz Hashmi,Saleem Raza,
"Bewafa Hayn Sanam Aaj Kal Kay, Chhor Detay Hayn Do Gaam Chal Kay..",Aurat Ek Kahani,1963,Masoom Rahim,Habib Jalib,Naseem Begum,
"BeWafa Sy Dil Laga Baithay, Baray Nadan Thay..",Naheed,1968,Nashad,Taslim Fazli,Noorjahan,
"Bewafa, Yeh Bata, Tu Nay Yeh Kya Kiya, Dil Jala Kay Mera Kya Kiya..",Suhag,1963,Akhtar Hussain Akhian,Sahil Farani,Kousar Parveen,
"Bhag Na Jana Ray Kahin, Qasm Teri Nahin Chhorun Ga Kabhi..",Saaz aur Aavaz,1965,Hassan Latif,Habib Jalib,Mala,
"Bhago Gay Aggar Ham Say, Tum Ko Yeh Saza Den Gay..",Baghi Sardar,1966,Muslehuddin,Professor Najmi,Ahmad Rushdi,
"Bhala Jee, Tum Dekho Ray Logo, Bhala Jee, Tum Dekho Ray..",Shehbaz,1960,Khadim Hussain,Tanvir Naqvi,Irene Parveen,
"Bhall Khati Hui, Lehrati Hui, Chali Ray, Chali Ray, Dil Chheen Kay..",Joker,1966,Muslehuddin,Tishna Meeruti,Masood Rana,
"Bhanwen Tanni Hayn, Khanjar Hath Mein Hay, Tann Kay Baithay Hayn..",Jaag Utha Insan,1966,Lal Mohammad Iqbal,Daagh Dehlvi,Noorjahan,
"Bhar Bhar Kay Nazar Na Tak Sajna, Kahin Dunya Ko Na Ho Jaye..",Chattan,1967,Rasheed Attray,Qateel Shafai,Irene Parveen,
"Bhari Bhari Wadi Mein, Ayi Hay Bahar.. Tu Aa Ja..",Darvaza,1962,Saleem Iqbal,Saifuddin Saif,Saleem Raza,
"Bhari Bhari Wadi Mein, Ayi Hay Bahar.. Tu Aa Ja..",Darvaza,1962,Saleem Iqbal,Saifuddin Saif,Naseem Begum,
"Bhatak Rahay Hayn Ham Jahan, Qadam Qadam Hayn Gham..",Clerk,1960,Safdar Hussain,Ahmad Rahi,Saleem Raza,
"Bhatka Hua Ik Rahi, Chipta Meray Daaman Say..",Aulad,1962,A. Hameed,Fyaz Hashmi,Naseem Begum,
"Bhatka Hua Ik Rahi, Lipta Meray Daaman Say..",Neelam,1963,Manzoor Ashraf,Mushir Kazmi,Nazir Begum,
"Bhayya Ki Ladli Ho, Bhabhi Ki Pyari, Ban Kay Dulhanya Chali..",Surayya,1961,Akhtar Hussain Akhian,Shabab Keranvi,Kousar Parveen,
"Bheega Bheega Mousam Hay, Thandi Thandi Raat Hay..",Teray Shehar Mein,1965,Hassan Latif,Tanvir Naqvi,Naseem Begum,
Bheegay Bheegay Badlon ki Thandi Chhaun Mein..,Bahu Begum,1965,Tasadduq Hussain,Mushir Kazmi,Mala,
"Bheegi Bheegi Hay Sham, Main Hun Rangeen Jam..",Saltanat,1960,G.A. Chishti,Qateel Shafai,Zubaida Khanum,
"Bheegi Bheegi Raat Hay, O Ho, Kya Baat Hay..",Habu,1961,Azam Baig,Tufail Hoshiarpuri,Naheed Niazi,
"Bheegi Hui Is Raat Mein, Halchal Machay Jazbat Mein..",Ham Matvalay Nojavan,1965,Saleem Iqbal,Masroor Anwar,Naheed Niazi,
Bheegi Zulfein Zara Shano Peh Bikhranay Do..,Qatal Kay Baad,1963,Deebo,Masroor Anwar,Ahmad Rushdi,
Bheek Pyar Ki Mang Rahay Hayn Mazloom..,Suhagan,1967,A. Hameed,Fyaz Hashmi,Mala,
"Bhola Sa Balma Ray, Nahin Samjhay, Hamaray Isharay..",Haveli,1964,Khawaja Khursheed Anwar,Tanvir Naqvi,Mala,
"Bholi Dulhaniya Ka Jiya Lehray, Motin Wali Ko Piya Man Bhaye..",Anchal,1962,Khalil Ahmad,Himayat Ali Shair,Nasima Shaheen,
"Bhool Bhi Ja Dil Pyar Puranay, Koi Kisi Ka Dard Na Janay..",Laggan,1960,Azam Baig,Munir Niazi,Saleem Raza,
"Bhool Jao Gay Tum, Kar Kay Waada, Sanam..",Seema,1963,Master Inayat Hussain,Habib Jalib,Saleem Raza,
"Bhoolay Say Bhi Koi Yahan Keh do, Keh Na Lagaye Dil..",20 Din,1964,Sohail Rana,Masroor Anwar,Surayya Multanikar,
"Bhooli Hui Hun Dastan, Guzra Hua Khayyal Hun..",Doraha,1967,Sohail Rana,Masroor Anwar,Ahmad Rushdi,
"Bhooli Hui Hun Dastan, Guzra Hua Khayyal Hun (2)..",Doraha,1967,Sohail Rana,Masroor Anwar,Mala,
"Bhooli Hui Sada Hun, Mujhay Yaad Kijiye, Muddat Hui Juda Hun..",Rivaj,1965,Master Inayat Hussain,Khawaja Parvez,Mala,
Bhula Bhi Day Usay Jo Baat Ho Gei Pyaray..,Mera Ghar Meri Jannat,1968,Saleem Iqbal,Habib Jalib,Noorjahan,
"Bhut Yaad Ayen Gay Woh Din, Mujhay Tarpayen Gay Woh Din..",Aneela,1969,Nisar Bazmi,Masroor Anwar,Mehdi Hassan,
"Bhut Yaad Ayen Gay Woh Din, Teri Qasm..",Aneela,1969,Nisar Bazmi,Masroor Anwar,Mala,
Bichha Din Agar Ham Na Rahon Mein Ankhen To Sarkar Khud Hi..,Nadira,1967,Kemal Ahmad,Muzaffar Warsi,Mala,
"Bigri Bana, Meray Khuda, Day Sadqa Kamli Walay (saw) Ka..",Sartaj,1965,Safdar Hussain,Fyaz Hashmi,Noorjahan,
"Biijli Si Chamki, Saray Badan Mein, Kisi Mehrban Nay Kiya Hay..",Unchay Mahal,1962,Tufail Farooqi,Munir Niazi,Zubaida Khanum,
"Billo Jee, Goray Hathon Par Rangeeli Mehndi Aur Log Kahen..",Khan Bahadur,1960,G.A. Chishti,Ahmad Rahi,?,
"Bin Dekhay, Bin Janay Sakhi Ri, Uljhay Moray Kin Sang Nain..",Roopmatti Baaz Bahadur,1960,Tasadduq Hussain,Tufail Hoshiarpuri,Kousar Parveen,
"Bin Piye Behkay Hayn Qadam, Kya Hua Tum Ko Sanam..",Ham Matvalay Nojavan,1965,Saleem Iqbal,Masroor Anwar,Ahmad Rushdi,
"Bina Dekhay, Bina Janay, Dil Lay Geya, Jee Mera..",Gulfarosh,1961,Safdar Hussain,Zahoor Raja,Zubaida Khanum,
"Bol Hamrahi, Tujh Ko Bhulaon Kaisay, Tarpun Main Tujhay..",Pyar Ki Jeet,1969,Deebo,Masroor Anwar,Rehana Yasmin,
"Bol Kateelay Mar Geyi, Nagin Jaisi Bairi..",Pyar Ki Saza,1964,Manzoor Ashraf,Khaleeq Ahmad Khaleeq,Naseem Begum,
"Bol Sharabi Naino Walay, Bholi Bhali Soorat Walay..",Mehboob,1962,Rasheed Attray,Qateel Shafai,Mala,
"Boliye Na Boliye, Ham Tumharay Hayn..",Izzat,1960,Nazir Ajmeri,Tufail Hoshiarpuri,Naheed Niazi,
"Bolo Ya Na Bolo, Ham Tumharay Ho Chukay..",Bhabhi,1960,Tasadduq Hussain,Mushir Kazmi,Kousar Parveen,
"Buhat BeAabroo Ho Kar, Teray Koochay Say Ham Niklay..",Badnam,1966,Deebo,Tanvir Naqvi,Masood Rana,
"Buhat Pachhtaye, Dil Ko Laga Kay, Buhat Pachhtaye..",20 Din,1964,Sohail Rana,Masroor Anwar,Naseem Begum,
"Bujh Geya Deep, Jal Geya Teil, Ab Khatam Hua Kheil..",Katari,1968,M. Ashraf,Tanvir Naqvi,Mala,
"Bujh Geye 2 Naino Kay Taray, Toot Geye Mann Kay Taray..",Is Dharti Par,1967,Khondkar N. Alam,M.Y. Sagar,?,
"Bujh Geye Meri Umeedon Kay Diye, Phir Bhi Zinda Hun..",Geet Kahin Sangeet Kahin,1969,Master Tufail,Tanvir Naqvi,Masood Rana,
"Bujhey Na Dil, Raat Ka Safar Hay..",Ghar Pyara Ghar,1968,Nisar Bazmi,Habib Jalib,Mujeeb Alam,
"Bulbul-e-Baghdad, Mera Naam Hay, Mera Dil Chhalakta Hay..",Bulbul-e-Baghdad,1962,Mohammad Ali Munnu,M.A. Yousuf,Zubaida Khanum & Co.,
"Bura Maan Kar, Kahan Chal Diye.. Adab Arz Hay..",Shararat,1963,Deebo,Masroor Anwar,Masood Rana,
Bura Na Maan Meri Jan.. Ho Jaye Gi Gar 2 Pyar Ki Baten..,Rishta Hay Pyar Ka,1967,Nashad,Fyaz Hashmi,Ahmad Rushdi,
"Car Bhi Mili Aur Pyar Bhi Mila, Pyar Bhi Mila, Dildar Bhi Mila..",Bahu Begum,1965,Tasadduq Hussain,Mushir Kazmi,Mala & Co.,
"Chahay Achhon Ko Jitna Chahay, Yeh Agar Chahen To Phir Kya Chahiye..",Charagh Jalta Raha,1962,Nahal Abdullah,Mirza Ghalib,Iqbal Bano,
"Chahay Bolo, Chahay Na Bolo, Main To Piya Tahari Hun..",Ghoonghat,1962,Khawaja Khursheed Anwar,Tanvir Naqvi,Naheed Niazi,
"Chahay Karay Dunya Lakh Jafa, Zinda Rahay Ga Naam-e-Wafa..",Ajnabi,1962,Asghar Ali,Tanvir Naqvi,Noorjahan,
"Chahay Tu Nazren Chura Lay, Chahay Daaman Chhura Lay..",Dil Divana,1967,M. Ashraf,Shabab Keranvi,Ahmad Rushdi,
"Chain Say So Ja, Raj Dularay, Jagay Maa Ka Pyar..",1000 Dastan,1000,Rasheed Attray,Fyaz Hashmi,Naseem Begum,
"Chal Diye Ham Say Bigar Kar, Khair To Hay, Banda Parwar..",Ashiq,1968,Nashad,Taslim Fazli,Ahmad Rushdi,
"Chal Diye Tum Jo Dil Tor Kar, Yun Akela Mujhay Chhor Kar..",Darshan,1967,Basheer Ahmad,Basheer Ahmad,Basheer Ahmad,
"Chal Hat Ri Hawa, Ghoonghat Na Utha, Mera Mukhra Baalam Dekhay Ga..",Madr-e-Watan,1966,Saleem Iqbal,Saifuddin Saif,Noorjahan,
"Chala Hay Dil.. Batayen Kya, Zaban Bhi Chup, Wafa Bhi Chup..",Paisay,1964,Robin Ghosh,Fyaz Hashmi,Firdousi Begum,
"Chalay Jayo Ray, Bedarda, Main Roye Mari Hun..",Charagh Jalta Raha,1962,Nahal Abdullah,Fazal Ahmad Karim Fazli,Iqbal Bano,
"Chalay Mor Ki Chaal, Karay Sab Dunya Ko Pamaal, Jawani Deevani..",Gul Bakavli,1961,Safdar Hussain,Qateel Shafai,Naseem Begum & Co.,
"Chali Hay Kahan, Yeh Teri Zamin, Yeh Tera Aasman..",Bandhan,1964,Robin Ghosh,Suroor Barabankvi,Firdousi Begum,
"Chali Ho, Chali Ho, Tum Kahan Dilruba, Chhor Kay Chal Di..",Ham Dono,1966,Nashad,Kaleem Usmani,Ahmad Rushdi,
"Chali Ray Chali Dulhaniya, Saajan Ki Galian Ray, Mang Mein Bhar Kay..",Zamin,1965,Wazir Afzal,Mushir Kazmi,Naseem Begum & Co.,
"Chali Ray, Chali Ray, Dekho Chali Ray, Uthlati Hui, Ball Khati Hui..",Sangam,1964,Khan Ataur Rahman,Zainul Abidiin,Firdousi Begum,
"Chall Door Kahin Rahi, Yeh Jag Tera, Na Mera..",Bhabhi,1960,Tasadduq Hussain,Mohayuddin Nasak,Inayat Hussain Bhatti,
"Challo Achha Hua Tum Bhool Geye, Ik Bhool Hi Tha Mera Pyar..",Lakhon Mein Ek,1967,Nisar Bazmi,Fyaz Hashmi,Noorjahan,
"Chalo Ayo Meray Pyaray Sanam, Masta Samaa, Raat Jawan..",Ponam Ki Raat,1966,Tony Chitergi,Abid Jonpuri,Firdousi Begum,
"Chalo Chaltay Hay Wahan, Apni Ammi Hay Jahan..",Shola Aur Shabnam,1967,Manzoor Ashraf,Tanvir Naqvi,Irene Parveen,
"Chalt Pag Marg, Neini Sundri Ek Jhajhakt..",Neela Parbat,1969,Piyarang Qadir,Piyarang Qadir,Roshan Ara Begum,
"Chalti Ka Naam Gari, Waqt Ki Tez Sawari, Phir Gul Mehkay..",Sazish,1963,Akhtar Hussain Akhian,Hakeem Ahmad Shujaa,Mala,
"Chalu Dhoom Muchaien Ray, Jhoom Jayen..",Main Kahan Manzil Kahan,1968,Ghulam Nabi,Qateel Shafai,Ahmad Rushdi & Co.,
"Chamman Roshan Hua Hamaray Samnay, Uthhay Thay Sholay..",Darvaza,1962,Rasheed Attray,Saifuddin Saif,Naheed Niazi,
"Chand Awara, Sitaray Beqarar, Zindagi Bas Dekh Li, Teri Bahar..",Pyar Ki Saza,1964,Manzoor Ashraf,Khaleeq Ahmad Khaleeq,Irene Parveen,
Chand Bhi Samnay Aatay Huay Sharmata Hay..,Pyar Ki Jeet,1969,Deebo,Wajid Chughtai,Irene Parveen,
"Chand Chamka, Mujhay Chandni Mil Geyi, Jis Ka Arman Tha..",Josh-e-Inteqam,1968,Tasadduq Hussain,Kaleem Usmani,Irene Parveen,
"Chand Dooba, Meri Qismat Kay Sitaray Doobay..",Insan,1966,Rasheed Attray,?,Mehdi Hassan,
"Chand Joban, Baal Sunehri, Ankh Chhalkata Jam..",Maa Ka Pyar,1964,Rafiq Ali,Rasheed Sajid,Nazir Begum,
"Chand Ka Deedar Hua, Pyar Hua, Pyar Hua..",Inqilab,1962,N.K. Rathoor,Tajammul Hussain,Shehar Bano & Co.,
Chand Nikla Hay Teray Husn Ki Tasvir Liye..,Josh-e-Inteqam,1968,Tasadduq Hussain,Kaleem Usmani,Irene Parveen,
"Chand Sa Mukhra, Gora Badan, Jall Mein Aag Lagaye Gori Aggan..",Saperan,1961,Manzoor Ashraf,Shabab Keranvi,Ahmad Rushdi,
Chand Say Chandni Juda Ho Sakti Hay..,Khilona,1968,Khalil Ahmad,Himayat Ali Shair,Ahmad Rushdi,
"Chand Say Goray Goray Gaal, Suhani Meri Chaal..",Husn-o-Ishq,1962,Safdar Hussain,Qateel Shafai,Naheed Niazi,
"Chand, Sitaray, Yeh Rangeen Nazaray, Kar Kay Isharay..",Bandhan,1964,Robin Ghosh,Suroor Barabankvi,Firdousi Begum,
"Chand, Tu Jab Bhi Muskarata Hay, Dil Mera Doob Doob Jata Hay..",Sarhad,1966,Khawaja Khursheed Anwar,Tanvir Naqvi,Noorjahan,
"Chanda Kay Patolay Mein, Uran Khatolay Mein, Ammi Ka Dulara..",Lori,1966,Khalil Ahmad,Himayat Ali Shair,Surayya Hyedrabadi,
"Chanda Kay Patolay Mein, Uran Khatolay Mein, Ammi Ka Dulara (2)..",Lori,1966,Khalil Ahmad,Himayat Ali Shair,Noorjahan,
"Chanda Mamu Aye Ga, Jhoolna Jhulaye Ga..",Bhabhi,1960,Tasadduq Hussain,Tufail Hoshiarpuri,Noorjahan,
"Chanda Mamu Door Kay, Baray Pakaye Boor Kay..",Noukari,1960,Mohammad Ali Munnu,Nazim Panipati,Kousar Parveen,
Chanda Muskaye Door Say Aur Chakori Roye..,Neela Parbat,1969,Piyarang Qadir,Piyarang Qadir,Aniqa Bano,
"Chanda Say Chori Chori, Ghunghat Nikalay Gori..",Naela,1965,Master Inayat Hussain,Tufail Hoshiarpuri,Mala & Co.,
"Chanda Say Milnay, Chali Hay Chakori, Ghoonghat Mein Pall Pall..",Jab Say Dekha Hay Tumhen,1963,Sohail Rana,Himayat Ali Shair,Naseema Shaheen,
"Chanda Say Pyara, Chand Hamara, Mamta Ki Mari Ko..",Sanam,1965,A. Hameed,Fyaz Hashmi,Noorjahan,
"Chanda Tori Chandni Mein, Jiya Jala Jaye Ray..",Baji,1963,Saleem Iqbal,Ahmad Rahi,Naseem Begum,
"Chandaniya, Ja Sajjan Ko La, Chanda Tori Banwri Tujh Ko Bulaye..",Chhoti Si Dunya,1965,Khalil Ahmad,Ahmad Rahi,Noorjahan,
"Chandi Ki Pehan Kar Payel, Jo Karay Dilon Ko Ghayel..",Shabab,1964,Rasheed Attray,Qateel Shafai,Naseem Begum,
"Chandi Say Barh Kar Gori Mori Gori Ray, Chanda Say Pyara Mora Balma..",Fanoos,1963,Saif Chughtai,Nakhshab,Mala,
"Chandni Raat Ja, Ab Na Tu Muskara, Chand Mera, Khafa Ho Geya..",Subah Kahin Sham Kahin,1961,Nazir Jafri,Zahoor Nazar,Naheed Niazi,
"Chandni, Bheegi Bheegi Hawa, Na Janay, Dil Kahan Kho Geya..",Chanda,1962,Robin Ghosh,Suroor Barabankvi,Anjuman Ara,
"Channa Jor, Garm Babu, Main Laya Garma Garm..",Jeena Bhi Mushkil,1969,Jalal Ahmad,N/A,Najmul Huda,
"Chashm-e-Karam Say Door, Ab Ham Say Raha Na Jaye Ga..",Shararat,1963,Deebo,Masroor Anwar,Irene Parveen,
"Chaye Garm Garm, Sigret, Paan, Beeri Bhi Lay Lo..",Aakhri Station,1965,Khan Ataur Rahman,Suroor Barabankvi,Ahmad Rushdi,
"Chehray Peh Gira Aanchal Ho Ga, Yeh Aaj Nahin To Kal Hoga..",Maa Bahu Aur Beta,1966,Hassan Latif,Habib Jalib,Masood Rana,
"Chhail Chhabeelay, Bankay, Raseelay, Tu Hay Bara Chit Chor..",Saperan,1961,Manzoor Ashraf,Shabab Keranvi,Irene Parveen,
"Chhakkam Chhakkam Chalo, Khaye Na Thokar..",Yahudi Ki Larki,1963,Muslehuddin,Nazim Panipati,Naheed Niazi,
"Chhaliya, Main Nay Tujh Ko Jan Liya, Heye, Main Nay Pehchan Liya..",Bandhan,1964,Robin Ghosh,Suroor Barabankvi,Firdousi Begum,
"Chhalkay Gagria, Bheegay Chunaria, Aisay Na Dekho, Sanwaria..",Chanda,1962,Robin Ghosh,Suroor Barabankvi,Firdsousi Begum,
"Chhalkay Jawani Ka Jaam, Piye Ja, Piye Ja..",Baap ka Baap,1964,Tasadduq Hussain,Dukhi Premnagri,Irene Parveen,
"Chham Say Jo Aa Jaye Mera Sanam, Bara Maza Aye..",Baap ka Baap,1964,Tasadduq Hussain,Dukhi Premnagri,Irene Parveen,
ChhamChham Bajay Payeliya Mori Ray..,Hamen Bhi Jeenay Do,1963,C. Faiz,Asadi,Irene Parveen,
"ChhamChham Bolay Pailiya, Nazren Mila Kay Armaan Jaga Kay..",Saaz aur Aavaz,1965,Zafar Khursheed,Masroor Anwar,Mala,
"ChhamChham Milay Hayn Sanam, Lut Geye Ham, Allah Qasm..",Anchal,1962,Khalil Ahmad,Himayat Ali Shair,Naheed Niazi,
"Chhamchham Nachay Gurya Rani, Chun Chun Chirya Gaye..",Ghar Ka Ujala,1966,Manzoor Ashraf,Mushir Kazmi,Naseem Begum,
"ChhamChhamaChham, Nachay Jiya, Gaye Teray Gun..",Nadir Khan,1968,Tasadduq Hussain,Atish Ludhyanvi,Naseem Begum,
"Chhan Chhan Bajay Ri Payel, Man Mora Ghayel, Pyar Ki Dhun..",Fareb,1965,Jami,Mushir Kazmi,Irene Parveen,
"Chhan Chhan Chhankay Payelia Ray, Dil Mera Aaj Dharkay..",Andhi Mohabbat,1964,Manzoor Ashraf,Mushir Kazmi,Mala,
"Chhan Chhan Kya Gaye Ray Sayyan, Mori Payel..",Lakhon Fasanay,1961,Deebo,Akhtar Sikandari,Zubaida Khanum,
"Chhan Chhanna Chhan, Bichhwa Bolay, Kangna Dolay..",Beti,1964,Deebo,Fyaz Hashmi,Naseem Begum,
Chhanak Chhanak Chhankay Payel Mori..,Papi,1968,Jameel Khusro,Ahmad Ali Aseer,Runa Laila,
"ChhanChhan, ChhanChhan Karti, Meri Bhabhi Aye Gi..",Main Chup Rahun Gi,1966,Tasadduq Hussain,Muzaffar Warsi,Irene Parveen,
"Chhanchhanchhan Nachun, Gaun Taranay Pyar Kay..",Ulfat,1967,Jami,Izhar Jami,Irene Parveen,
"Chhankay Hay Mori Jhanjhan, Hansti Baharen, Tujh Ko Pukaren..",Sunehray Sapnay,1961,Hassan Latif,Tanvir Naqvi,?,
"Chhannak Chhannak, Meri Jhanjhar Chhankay, Sajna Tujhay Pukaray..",Dulhan,1963,Rasheed Attray,Fyaz Hashmi,Saleem Raza,
"Chhannan Chhannan Ghunghroo Bajay, Gaye Jawani..",Parvana,1966,Ali Sahili,Sajjad Nasir,Anjuman Ara,
"Chhannan Chhannan Kanta Laga, Bali Umariya Mein Heye..",Karvan,1964,Robin Ghosh,Shair Siddiqi,Firdousi Begum,
"Chhannan Chhannan Nachay, Madhur Madhur Gaye..",Behan Bhai,1968,A. Hameed,Tanvir Naqvi,Masood Rana,
Chhannan Chhannan Payeliya Aaj Geet Sunaye..,Jhalak,1964,Khalil Ahmad,Himayat Ali Shair,Mehdi Hassan,
"Chhannan Chhannan Payeliya Bajay, Dil Mein Chhupaye..",Habu,1961,Azam Baig,Tufail Hoshiarpuri,Naseem Begum,
"Chhawara, Chhawara, Sun Dhobia Ki Chhori Ray..",Shabab,1964,Rasheed Attray,Qateel Shafai,Ahmad Rushdi,
"Chher Rahi Pagli Hawa, Aaja Piya, Naino Mein Hay Rang Neya..",Josh,1966,Muslehuddin,Fyaz Hashmi,Naheed Niazi,
"Chher Sakhi Ri Tu, Suhag Raat Ki Sapno Bhari Kahani..",Watan Ka Sipahi,1966,Manzoor Ashraf,Mushir Kazmi,Naseem Begum,
"Chhero Madhur Beena, Geet Sunaun, Chhero, Pa-Ni-Sa-Ni-Ray-Sa-Ray-Ga..",Geet Kahin Sangeet Kahin,1969,Master Tufail,Tanvir Naqvi,Mehdi Hassan,
"Chhero Na Aaj Mujhay, Din Hay Jumerat Ka, Bura Na Manana..",Ghaddar,1964,Rehman Verma,Habib Jalib,Mala,
"Chhero Na Hamaray Gham Ko, Reyna Do Nashay Mein Ham Ko..",Chhoti Ammi,1964,Tasadduq Hussain,Mushir Kazmi,Ahmad Rushdi,
"Chhi Chhi, Chhor Kalai, Harjai, Zalma, Mohay Sharm Aye..",Yeh Dunya,1960,Deebo,Tajammul,Iqbal Bano,
"Chhir Geye Taar Dilon Kay, Mehfil Mein Kon Kon Aya Hay..",Ayaz,1960,Khawaja Khursheed Anwar,Qateel Shafai,Zubaida Khanum,
"Chhoom Chhana Chhann, Nach Raha Hay Mann..",Manzil,1960,Feroz Nizami,Tanvir Naqvi,Noorjahan,
"Chhor Chali Ghar Tera Ray Babu, Jana Des Paraye..",Chhotay Sarkar,1961,Inayat Hazravi,Qateel Shafai,?,
"Chhor Chali Hay Sakhi, Babul Ka Ghar, Tor Chali Ray..",Dard-e-Dil,1966,Khalil Ahmad,Himayat Ali Shair,Irene Parveen,
"Chhor Day Haath Mera, Kya Eitbar Tera, Sajna..",Raqqasa,1965,Master Rafiq Ali,Mushir Kazmi,Tahira Naseer,
"Chhor Do Aanchal Hamara, Tum Nashay Mein ho..",Khoon Ki Pyas,1963,Safdar Hussain,Mushir Kazmi,Naheed Niazi,
"Chhor Kar Na Jana, Sayyan, Mar Jaun Gi..",Sahil,1960,Rasheed Attray,Tanvir Naqvi,Zubaida Khanum,
"Chhor Kay Janay Walay, Lori Day Jana Ik Baar..",Main Zinda Hun,1968,Hassan Latif,Riaz Shahed,Mala,
"Chhor Na Dena Sath, O Kali Kali Raat, Andhera, Dar Lagay..",Mehkhana,1964,Nashad,Nakhshab,Naseem Begum,
"Chhor Na Gori Haath Mera, Array Ja..",Ujala,1966,Dheer Ali,Suroor Barabankvi,Basheer Ahmad,
"Chhoro Bhi, Kya Dil Ko Jalana, Pyar Ki 2 Baten Kar Leinay Do..",Wali Ehad,1968,Khalil Ahmad,Kaleem Usmani,Runa Laila,
"Chhoro Hath, Baat Karo Hat Kay, O Boorhay Matkay..",Mera Kya Qasoor,1962,Tasadduq Hussain,Mushir Kazmi,Irene Parveen,
"Chhun Chhun Chhun, Meri Payal Ki Dhun, Gaye Tera Hi Tarana..",Ghoonghat,1962,Khawaja Khursheed Anwar,Tanvir Naqvi,Naseem Begum,
"Chhunan Chhaunan Mori Bajay Payelia, Heye Main To Mar Geyi..",2 Bhai,1968,Wazir Afzal,Sorash Dehlvi,Noorjahan,
Chhup Chhup Kay Zamanay Say Kyun Pyar Kiya Jaye..,Aanch,1969,Khalil Ahmad,Qateel Shafai,Naseem Begum,
"Chhup Geya Chanda, Doobay Taray, Aye Na Baalam Hamaray..",Gharib,1960,Nazir Sheeley,Rais Khumar,Kousar Parveen,
"Chhup Geye Ho Kahan, Mujh Ko Awaz Do, Phir Mera Naam Lo..",Aavaz Day Kahan Hay,1962,Khursheed Qais,Habib Jalib,Zubaida Khanum,
"Chhup Geye Ho Tum Kahan, Aa Geyi Lab Peh Jan..",Baap ka Baap,1964,Tasadduq Hussain,?,Irene Parveen,
"Chhup Geye Sitaray, Nadiya Kinaray, Tum Na Hi Aye, Piya..",Darvaza,1962,Saleem Iqbal,Saifuddin Saif,Naseem Begum,
"Chhurrian Chaqu Tez Kara Lo, Gir Gir Chalay Tez..",Sazish,1963,Akhtar Hussain Akhian,Hakeem Ahmad Shujaa,Kousar Parveen,
"Chog Chugna Jee Panchhi, Khayal Say, Bach Kay Rehna..",Ghazi Bin Abbas,1961,Safdar Hussain,Qateel Shafai,Kousar Parveen,
Chor Kalai Moray Sanwaria..,Farangi,1964,Rasheed Attray,Qateel Shafai,Naseem Begum,
"Chor Ki Chaap Suno, Suno, Chup Chap, Suno..",Kala Pani,1963,Rehman Verma,Mushir Kazmi,Irene Parveen,
"Chori Chori Dekh Kay Sharmana, Uff Touba..",NaKhuda,1968,Manzoor Ashraf,Tanvir Naqvi,Mala,
Chori Chori Ratian Mein Ankhian Lara Diye..,Qanoon,1963,Khalil Ahmad,Tanvir Naqvi,Irene Parveen,
"Chori Kiya, Tu Nay Chori Kiya, Nanha Sa Mora Jiya Ray..",Gharib,1960,Nazir Sheeley,Rais Khumar,Aniqa Bano,
"Chori Say Mout Achhi, Sab Ka Elan Hay, Bheek Buri, Bhook Achhi..",Mamta,1964,Tufail Farooqi,Mushir Kazmi,Nazir Begum & Co.,
"Chout Ham Nay Woh Dil Peh Khai Hay, Sab Jahan Nay Hansi Urai Hay..",Chheen Lay Azadi,1968,Safdar Hussain,Qateel Shafai,Naseem Begum,
Chukkak Chukkak Chao Chao Chhoo..,Dard-e-Dil,1966,Khalil Ahmad,Himayat Ali Shair,Ahmad Rushdi,
"Chun Liya Ik Phool Ko, Jo Tha Anokha, Sab Say Nirala..",Darshan,1967,Basheer Ahmad,Basheer Ahmad,Noorjahan,
"Chunkeh AnParh Rehna Bura Hay, Is Liye Thora Likh Parh Lay..",Beti Beta,1968,Manzoor Ashraf,Qateel Shafai,Mujeeb Alam,
"Chunkeh Hamen Hay Pyar, Chunacheh Yun Samjho Sarkar..",Shabab,1964,Rasheed Attray,Qateel Shafai,Ahmad Rushdi,
"Chunn Liya Main Nay Tumhen, Sara Jahan Rehnay Diya..",Shabnam,1965,A. Hameed,Fyaz Hashmi,Noorjahan,
"Chunnu Dekho, Munnu Dekho, Diya Jalay Ek..",Gori,1968,Karim Shahabuddin,Akhtar Yousuf,Basheer Ahmad,
"Chup Rahun Ya Keh Dun, Rahon Meyn Aatay Jatay, Rotay..",Eindhan,1966,Subal Das,Akhtar Yousuf,Ahmad Rushdi,
"Chupkay Chupkay Koi, Taron Say Saza Deta Hay..",Daku Ki Larki,1960,Rasheed Attray,Kaleem Usmani,Naseem Begum,
"Chupkay Chupkay, Sab Say Chhup Kay, Mujhay Aan Milo..",Shikari,1964,Muslehuddin,Qateel Shafai,Noorjahan,
"Chupkay Say Agar Woh Shoukh, Idhar Aa Jaye Bhala To Kya Ho Ga..",Ajab Khan,1961,G.A. Chishti,Ahmad Rahi,Naheed Niazi,
Chupkay Say Man Ki Nagar Mein Aya Hay Albela Rahi..,Watan,1960,Master Inayat Hussain,Qateel Shafai,Zubaida Khanum,
"Chupkay Say Pyar Kara Lay, Aa Naina 4 Kar Lay..",Ek Manzil 2 Rahen,1962,Rasheed Attray,Qateel Shafai,Irene Parveen,
"Chupkay Say War Kiya.. Allah, Kaisay Zalim Say Pala Para..",Kon Kisi Ka,1966,Manzoor Ashraf,Habib Jalib,Mala & Co.,
"Chust Ho Shalwar, Kurta Tang Ho, Ho Na Aisa, Tum Say Meri Jang Ho..",Aurat Ka Pyar,1964,Manzoor Ashraf,Mushir Kazmi,Ahmad Rushdi,
Classical Tones..,Mousiqar,1962,Rasheed Attray,?,Salamat Ali,
"Daal Mein Kala Zaroor, Tum Na Mano, Huzoor..",Beta,1962,Akhtar Hussain,Tanvir Naqvi,Naheed Niazi,
"Daamay, Dil Tujhay Day Kay Chalay, Keh Kay Sanam..",Aulad,1962,A. Hameed,Fyaz Hashmi,Naseem Begum & Co.,
"Daata Meray, Jholi Bhar Day, Main Sawali, Teray Dar Ka..",Moajza,1966,Akhtar Hussain Akhian,Sahil Farani,Saleem Raza,
"Daata, Tera Darbar Hay, Rehmat Ka Khazana..",14 Saal,1968,Saif Chughtai,Shorsh Dehlvi,Shoukat Ali,
"Daata, Teri Nagri Mein Payar Milay, Dildar Milay..",Dhoop Chhaun,1963,Ghulam Nabi,Kaleem Usmani,Saleem Raza & Co.,
"Dagh-e-Faraq-Yaar, Mataya Na Jaye Ga, Ham Say To Yeh Charagh..",Koh-e-Qaaf,1965,Tasadduq Hussain,Nusrat Mansoori,Saleem Raza,
"Dagha Day Geyi Suratiya Tahari, Main Dil Day Kay Hari..",Mehboob,1962,Rasheed Attray,Qateel Shafai,Naseem Begum,
"Dagha Weyi Weyi, Dagha Nahin Dena..",Shadi,1964,Nazir Sheeley,?,Firdousi Begum,
"Dam Mast Qalandar, Ali Ali, Liya Naam Tera, Har Bala Talli..",Jalva,1966,Nashad,Kaleem Usmani,Munir Hussain,
"Dam Mast Qalandar, Dhar Ragra, Mast Qalandar, Moula Teri Duhai..",Baghawat,1963,G.A. Chishti,A.K. Musarrat,Ustad Amanat Ali Khan,
"Dama Dam Bajay Ray Mann Ka Damru, Ho Teri Jeet Hui..",NaKhuda,1968,Manzoor Ashraf,Tanvir Naqvi,Mala,
"Dang Mar Geya, Mar Geya, Vairi Bichhwa..",Katari,1968,M. Ashraf,Tanvir Naqvi,Irene Parveen,
"Dar Giray Byan, Main Nachun Sari Raat, Sayyan..",Khan Bahadur,1960,G.A. Chishti,Tufail Hoshiarpuri,Iqbal Bano,
Dar Kay Dunya Say Kiya Pyar To Kuchh Baat Nahin..,Teer Andaz,1963,G.A. Chishti,Zahoor Nazim,Naseem Begum,
Dard Jab Dil Mein Utha To Ro Diye..,Fasana-e-Dil,1969,M. Ashraf,Shabab Keranvi,Mala,
"Dard Ki Tasvir Ban Kar Reh Geyi, Zindagi, Zanjeer Ban Kar Geyi..",Khoon-e-Nahaq,1969,Bakhshi Wazir,Zaheer Kashmiri,Masood Rana,
"Dard Na Janay Mora, Bedardi Sayyan..",Jan Nisar,1961,G.H. Qadri,S.H. Qadri,Madhu Almas,
"Dard Yun Dil Say Laga Ho Jaisay, Teri Chahat Ka Sila Ho Jaisay..",Zindagi Kitni Haseen Hay,1969,Nisar Bazmi,Khawaja Parvez,Mehdi Hassan,
"Darling, Hamen Satao Nahin, Chupkay Say Ab So Jao Yahin..",Nehlay Peh Dehla,1964,Muslehuddin,Fyaz Hashmi,Ahmad Rushdi,
"Dass Lun Gi.. Matt Chhoona Mujhay, Main Dass Lun Gi..",Chattan,1967,Rasheed Attray,Qateel Shafai,Mala,
"Day Ga Na Koi Sahara, In BeDard Fazaon Mein..",Kon Kisi Ka,1966,Manzoor Ashraf,Habib Jalib,Naseem Begum,
"Day Ga Na Koi Sahara, In BeDard Fazaon Mein..",Kon Kisi Ka,1966,Manzoor Ashraf,Habib Jalib,Masood Rana,
"Day Kay Khushian, Gham Mila, Dil Lagaya Hay Kahan..",Dost Dushman,1967,Rehman Verma,Tanvir Naqvi,Irene Parveen,
"Dayya Ray Dayya, Mohay Kanta Chubha Paun Mein..",Phir Subah Ho Gi,1967,Nashad,Fyaz Hashmi,Runa Laila,
"Deejiye, Abbu Tofee, Deejiye, Abhi Deejiye..",Jan Pehchan,1967,Muslehuddin,Nasir Kasganjvi,Mahrukh Niazi,
"Deevana Ban Jaye Zamana Kisi Ka, Kabhi Jo Uth Jayen..",Vah Bei Vah,1964,Master Abdullah,Munir Niazi,Irene Parveen,
"Deevana Dil To Hay, Yeh Deevana, Apna Hay Na Begana..",Kajal,1965,Subal Das,M.D. Ahsan,Irene Parveen,
"Deevana Hun, Albela Sa Parwana Hun, Main Teray Pyar Ka..",Dil Divana,1967,M. Ashraf,Nazim Panipati,Ahmad Rushdi,
"Deevana, Ham Sa Nahin, Saray Jahan Mein Koi..",Tumhi Ho Mehboob Meray,1969,M. Ashraf,Khawaja Parvez,Masood Rana,
"Deevanay Ho Kay, Mastanay Ho Kay, Ayo Manaen Picnic..",Heera Aur Pathar,1964,Sohail Rana,Mouj Lakhnavi,Waseem Farooqi,
"Deevanay O Deevanay, Hosh Mein Aa, Deevanay..",Zanjeer,1960,Feroz Nizami,Arsh Lakhnavi,Zubaida Khanum,
"Deevanay Pee Lay, Jeenay Kay Din Hayn, Jee Lay..",Preet Na Janay Reet,1963,Subal Das,Suroor Barabankvi,Anjuman Ara,
"Deevanay, Mohabbat Ki Ada Jan Geye Hayn..",Salgira,1969,Nashad,Shevan Rizvi,Naseem Begum,
"Dekh A BeReham Aasman, Kitna BeDard Hay Yeh Jahan..",Kaneez,1965,Khalil Ahmad,Himayat Ali Shair,Mala,
"Dekh Chandni Chhaye Ray, Mast Jawani Lehrai Ray..",2 Ustad,1960,Ghulam Nabi,Fyaz Hashmi,Zubaida Khanum,
"Dekh Dekh Dekh, Teri Gali Mein Aya Hay Kon, Bhes Badal Kay..",Sarhad,1966,Khawaja Khursheed Anwar,Tanvir Naqvi,Irene Parveen,
"Dekh Dekh Kay Tasvir Piya Ki, Dil Machalta Jaye..",Shikari,1964,Muslehuddin,Qateel Shafai,Naseem Begum,
"Dekh Kar Chehra Tera, Dil Yeh Kehta Hay Mera..",Ghar Damaad,1969,Javed Sarwar,Masroor Anwar,Ahmad Rushdi,
"Dekh Kay Chalna, Rastay Mein Dil Hay Kisi Deevanay Ka..",Aladdin Ka Beta,1960,G.A. Chishti,Ahmad Rahi,Munir Hussain,
"Dekh Mein Kitni Aas Lagaye, Aya Teray Pas..",Daagh,1969,Ali Hossain,Akhtar Yousuf,Ahmad Rushdi,
"Dekh Mein Kitni Aas Lagaye, Ayi Teray Pas..",Daagh,1969,Ali Hossain,Akhtar Yousuf,Sabina Yasmin,
"Dekha Jo Mukhra Aap Ka, Aaha Kehna Chand Ka..",Hamdam,1967,Zia-ud-din,Wajad Chughtai,Ahmad Rushdi,
"Dekha Jo Nazara Ankhon Nay, To Dil Nay Pukara..",Barat,1963,Azam Baig,Mushir Kazmi,Nazir Begum,
Dekha Tumhen Jab Say A Jan-e-Ghazal Ham Nay..,Maa Baap,1967,Tasadduq Hussain,Qateel Shafai,Ahmad Rushdi,
"Dekhay Jo Teray Is Mukhray Ko To Chand Kahay, Allah-o-Ghani..",Shatranj,1964,Tasadduq Hussain,Mushir Kazmi,Munir Hussain,
"Dekhiye, Beebio, Yeh Haseen Aur Hayn Aur Woh Dilruba..",Neyi Laila Neya Majnu,1969,Tasadduq Hussain,Mouj Lakhnavi,Ahmad Rushdi,
"Dekhiye, Idhar Bhi Dekhiye, Phool Sa Labb, Chandan Sa Badan..",Azra,1962,Master Inayat Hussain,Tufail Hoshiarpuri,Naseem Begum,
"Dekhiye, Thukraye Na, Dil Kisi Ka Hay..",Kangan,1969,Basheer Ahmad,Basheer Ahmad (B.A. Deep),Irene Parveen,
"Dekho Chanchal, Yun Mann Ko Bhaye, Mera Ang Ang..",Chori Chhuppay,1965,Hasnain,?,Shabana Majeed,
"Dekho Dekho Jee, Dil Churaye Lay Jaye Ray..",Hamsafar,1960,Muslehuddin,Shoukat Hashmi,Zubaida Khanum,
"Dekho Dekho Ray Julm, Nahin Aye Sanwaria..",Jalva,1966,Nashad,Kaleem Usmani,Noorjahan,
"Dekho Dekho Ray Julm, Nahin Aye Sanwaria (2)..",Jalva,1966,Nashad,Kaleem Usmani,Noorjahan,
Dekho Dekho Yahan..,Mehboob,1962,Rasheed Attray,Qateel Shafai,Mala,
"Dekho Dekho, Albeli Chhori Ayi, Chandan Badan, Lachkay Kamar..",Katari,1968,M. Ashraf,Tanvir Naqvi,Irene Parveen,
"Dekho Dekho, Hey Lut Geya Pyar, Kaisi Ayi Bahar..",Dara,1968,Master Rafiq Ali,Mushir Kazmi,Irene Parveen & Co.,
"Dekho Janab, Tum Ho Kharab, Hamen Yun Na Sataiye..",Nateeja,1963,A. Hameed,Fyaz Hashmi,Zubaida Khanum,
Dekho Jee Koi Dil Mein Sama Kay Chala Geya..,2 Rastay,1961,Master Inayat Hussain,Tufail Hoshiarpuri,Naseem Begum,
"Dekho Jee Moh Say Balma Najaria Churaye, O Kahay Main Nay Julmi Say..",Yaar Dost,1968,Saleem Iqbal,Khawaja Parvez,Naseem Begum,
"Dekho Jee, Dekho, Mera 16va Saal Hay, Jee Kya Hay Tera Khayal..",2 Ustad,1960,Ghulam Nabi,Fyaz Hashmi,Zubaida Khanum,
"Dekho Jee, Dil Ko Bachan, Masti Mein Aa Kay Nazron Kay Teer..",Baghi Sipahi,1964,Tasadduq Hussain,Mushir Kazmi,Mala,
"Dekho Jee, Lagan Mori Janay Na Sanwariya..",Mangti,1961,Saif Chughtai,Waris Ludhyanvi,Kousar Parveen,
"Dekho Jee, Samaa Yeh Suhana Hay, Honton Peh Tarana Hay..",Pyar Ki Jeet,1969,Zafar Qureshi,Inayat Batalvi,Runa Laila,
"Dekho Ji Pehli Baar, Karay Ga Koi Pyar, Kahin Sharmana Na..",Dulhan,1963,Rasheed Attray,Aziz Kashmiri,Naseem Begum,
"Dekho Na Door Say, Itnay Gharoor Say, Dil Geya Tham..",Hatim Tai,1967,Nisar Bazmi,Tanvir Naqvi,Mala,
"Dekho Ray Dekho, Haye Piya Yunhi Sataye..",Yateem,1967,Saleem Iqbal,Tanvir Naqvi,Noorjahan,
"Dekho, Ankhon Mein Ankhen Piya Daal Kay..",Ek Thi Maa,1960,Rehman Verma,Atish Ludhyanvi,Zubaida Khanum,
"Dekho, Dekho, Jeenay Ka Hay Yeh Bahana, Pait Bhi Khali, Jaib Bhi Khali..",Phir Milen Gay Ham Dono,1966,Satya Shaha,Shair Siddiqi,?,
"Dekho, Dekho, Neya Tamasha Jaal Mein..",Khoon Ki Pyas,1963,Safdar Hussain,Mushir Kazmi,Mala,
"Dekho, Dil Lay Kay Satana Chhor Do, Pyar Ki Qasm Hay..",Shabistan,1969,Tasadduq Hussain,Fyaz Hashmi,Irene Parveen,
"Dekho, O BeNawa Log Hayn BeWafa..",Meray Laal,1967,Lal Mohammad Iqbal,Sehba Akhtar,Ishrat Jahan,
"Dekho, Shab Nay Geisu Kholay, Chandni Nay Li Hay Angrai..",Daku Ki Larki,1960,Rasheed Attray,Kaleem Usmani,Naseem Begum,
"Deta Hay Yeh Waqt Sada, Jama Lo Rang Mehfil Ka..",Lala Rukh,1968,Saleem Iqbal,Tanvir Naqvi,Naseem Begum,
"Dhak Dhak Jaye, Dil Hi Pharak..",Safaid Khoon,1964,Akhtar Hussain Akhian,Tanvir Naqvi,Mala,
Dhaka Dekha.. Aisi Karachi Say To Ham Baaz Aye..,Bahana,1965,Khan Ataur Rahman,Suroor Barabankvi,Munir Hussain,
"Dhal Geya Chand, Geyi Raat, Chalo So Jayen..",Kala Aadmi,1963,Safdar Hussain,Qateel Shafai,Naheed Niazi,
"Dhalnay Lagi Hay Raat, Koi Baat Kijiye, Barhnay Lagi Hay Baat..",Mousiqar,1962,Rasheed Attray,Tanvir Naqvi,Mala,
"Dhamma Dham, Dhoom Machana, Keh Aya Waqt Suhana..",Barsat Mein,1962,Hassan Latif,Tanvir Naqvi,Ahmad Rushdi,
"Dharkano Ki Lay Peh, Geet Gaun Pyar Kay..",Main Chup Rahun Gi,1966,Tasadduq Hussain,Muzaffar Warsi,Irene Parveen,
Dharkano Mein Hay Chhupi Yeh Qyamat Hay Chhupi..,Daastan,1969,Khalil Ahmad,Fyaz Hashmi,Irene Parveen,
"Dharti Ka Seena Cheer Kay, Badlen Gay Din Taqdeer Kay..",Ek Thi Maa,1960,Rehman Verma,Mushir Kazmi,Saleem Raza,
"Dheeray Dheeray Lehrao, Sagar Ki Lehro, Moray Sayyan Nay..",Sahil,1960,Rasheed Attray,Tanvir Naqvi,Zubaida Khanum,
"Dhina Dhina Dhin Dhina, Dil Ko Aaj Dildar Mila..",Nadira,1967,Rehman Verma,Muzaffar Warsi,Mala,
Dil Achanak Dharknay Laga Hay..,Jahan Tum Vahan Ham,1968,Robin Ghosh,Masroor Anwar,Mala & Co.,
"Dil Bhi Dharkay, Ankh Bhi Pharkay, Wah Ri Jawani..",Saltanat,1960,G.A. Chishti,Qateel Shafai,Zubaida Khanum & Co.,
"Dil Buhat Udas Hay, Ghubar Guzre..",Paristan,1968,Rasheed Attray,Tanvir Naqvi,Mehdi Hassan,
"Dil Chahay Tujhay Apna Bana Lun, Tujhay Apnay Jigar Mein Basa Lun..",Tum Na Mano,1961,Fateh Ali Khan,Muzaffar Orkzei,Irene Parveen,
"Dil Chura Kar Dil Jalana, Husn Walon Ki Ada Hay..",Pyar Ki Saza,1964,Manzoor Ashraf,Khaleeq Ahmad Khaleeq,Ahmad Rushdi,
"Dil Day Diya Hay Tum Ko, Dekhen To Kya Karo Gay..",Azmat-e-Islam,1965,Master Ashiq Hussain,Naeem Hashmi,Irene Parveen,
Dil Day Kay Dard-e-Dil Say Na Ghabrana Chahiye..,Pak Daaman,1969,Master Inayat Hussain,Qateel Shafai,Ahmad Rushdi,
"Dil Deevana, Lay Aya Hay Dunya Kay Bazar Mein..",Dil Divana,1967,Sohail Rana,Mushir Kazmi,Mala,
Dil Denay Ka Abhi To Iradah Nahin Hay..,Meri Dosti Mera Pyar,1968,Tasadduq Hussain,Riazur Rehman Saghar,Mala,
"Dil Deta Hay Ro Ro Duhai, Kisi Say Koi Pyar Na Karay..",Ishq Par Zor Nahin,1963,Master Inayat Hussain,Qateel Shafai,Mala,
"Dil Dharka, Kon Aya, Koi Nahin..",Jang-e-Azadi,1968,M. Ilyas,Tanvir Naqvi,Mala,
"Dil Dharka, Kon Aya, Koi Nahin, Koi Nahin, Koi Nahin..",Mujahid,1965,Khalil Ahmad,Tanvir Naqvi,Mala,
"Dil Dil Say Milay, Phool Khilay, Pyar Mila Hay..",Neyi Laila Neya Majnu,1969,Tasadduq Hussain,Mouj Lakhnavi,Mala,
"Dil Dil Say Takra Gaya, Aji Bara Maza Aa Geya..",Kon Kisi Ka,1966,Manzoor Ashraf,Habib Jalib,Naseem Begum,
"Dil Diya Dard Liya, Ankh Mein Aansoo Aye..",Lakhon Mein Ek,1967,Nisar Bazmi,Masroor Anwar,Mehdi Hassan,
"Dil Gaye Geet, Mila Mann Ka Meet, Geya Jeet Pyar Mera..",Adalat,1968,Tasadduq Hussain,Muzaffar Warsi,Mala,
"Dil Geya, Tum Nay Liya.. Janay Wali Cheez Ka Gham Kya Karen..",Vah Bei Vah,1964,Master Abdullah,Tanvir Naqvi (Dagh Dehlvi),Noorjahan,
"Dil Haath Say Nikla Jaye, Thamo Ray, Thamo Ray..",Gunahgar,1967,Rasheed Attray,Riaz Shahed,Noorjahan,
"Dil Hay Be-sahara, Aa Ja Meray, Mahiya..",Rahguzar,1960,Muslehuddin,Tanvir Naqvi,Zubaida Khanum,
"Dil Hay Kahan, Uff Yeh Samaa..",7 Rang,1965,Subal Das,Suroor Barabankvi,Abdul Jabbar,
"Dil Hay To Dunya Mein Sab Kuchh Hay, Pyar Jawan..",Phir Subah Ho Gi,1967,Nashad,Fyaz Hashmi,Runa Laila,
"Dil Hay Tumhara Deevana, Naino Mein Kajra Laganay Wali..",Vah Bei Vah,1964,Master Abdullah,Tanvir Naqvi,Noorjahan,
Dil Hi Dil Mein Koi Haseen Qarar Ho Jaye..,Chheen Lay Azadi,1968,Safdar Hussain,Qateel Shafai,Mala,
Dil Hi To Hay Na Sang-e-Khasht Dard Say Bhara..,Ghalib,1961,Tasadduq Hussain,Mirza Ghalib,Noorjahan,
"Dil Jhoomta Hay, Aa Ha, Nachun Gi, Gaun Gi Main..",Gulfarosh,1961,Safdar Hussain,Zahoor Raja,Zubaida Khanum,
"Dil Ka Kehna Maan, Wei Wei Jan, Dena Na Dhoka..",Bahadur,1967,Deebo,Fyaz Hashmi,Irene Parveen,
"Dil Kahan Lay Kar Chalen, Itna To Bata Do Na..",2 Rastay,1961,Master Inayat Hussain,Qateel Shafai,Saleem Raza,
"Dil Karay Dhak Dhak, Mujhay Ho Geya Hay Shak..",Khyber Mail,1960,G.A. Chishti,Arsh Lakhnavi,Naseem Begum,
"Dil Kay Afsanay, Nigahon Ki Zuban Tak Pohnchay..",Baji,1963,Saleem Iqbal,Ahmad Rahi,Noorjahan,
Dil Kay Behlanay Ki Deevano Ko Koi Tadbeer Ho..,Landa Bazar,1964,Tasadduq Hussain,Muzaffar Warsi,Ahmad Rushdi,
"Dil Kay Chamman Mein Phool, Tum Sa Mujhay Mehboob Mila..",Maa Beta,1969,Master Inayat Hussain,Masroor Anwar,Ahmad Rushdi,
"Dil Kay Hathon Deevana Hun, Tum Shama Ho, Main Parwana Hun..",Ujala,1966,Dheer Ali,Suroor Barabankvi,Hafeez,
"Dil Kay Hathon, Dard Ka Nazrana Mila..",Safaid Khoon,1964,Master Inayat Hussain,Qateel Shafai,Naheed Niazi,
"Dil Kay Veeranay Mein, Ik Shama Hay Ab Tak Roshan..",Naela,1965,Master Inayat Hussain,Qateel Shafai,Mala,
"Dil Ki Baat Bataen Kis Ko, Ham Dukh Dard Kay Maray Log..",Chingari,1964,Khawaja Khursheed Anwar,Tanvir Naqvi,Noorjahan,
"Dil Ki Batian Janay Na, Balam Bhola..",Baalam,1968,Khalil Ahmad,Himayat Ali Shair,Naseem Begum,
"Dil Ki Dharkan, Teri Awaz Hui Jati Hay..",Farishta,1961,Rasheed Attray,Muzaffar Warsi,Noorjahan,
Dil Ki Dunya Kay Haseen Khawabon Ki Tabeer Ho Tum..,Beta,1962,Rehman Verma,Mushir Kazmi,Irene Parveen,
Dil Ki Dunya Kay Haseen Khawabon Ki Tabeer Ho Tum..,Beta,1962,Rehman Verma,Mushir Kazmi,Batish,
Dil Ki Dunya Kay Haseen Khawabon Ki Tabeer Ho Tum..,Beta,1962,Rehman Verma,Mushir Kazmi,Irene Parveen,
"Dil Ki Dunya Loot Kay, Kahan Chalay Sarkar..",Ghazi Bin Abbas,1961,Safdar Hussain,G.A. Chishti,Irene Parveen,
"Dil Ki Gawahi Lay Lay, Jawani Teray Naam Likh Di..",Damaad,1963,Tasadduq Hussain,G.A. Chishti,Mala,
"Dil Ki Moujon Ka Tum Sahil Ho, Tum Hi Meri Zindagi Ka Hasil Ho..",Meray Armaan Meray Sapnay,1969,Satya Shaha,Ibn-e-Hassan,Shehnaz Begum,
"Dil Ki Qasm, Nazar Ki Qasm, Teri Mefil Mein Aa Kay Sanam..",2 Ustad,1960,Ghulam Nabi,Fyaz Hashmi,Zubaida Khanum,
"Dil Ki Qeemat, Dil Hay Pyaray..",3 & 3,1963,Rehman Verma,Mushir Kazmi,?,
"Dil Ki Rahi Yeh Tamanna, Dil Mein Ek Hasrat ..",Jahan Bajay Shehnai,1968,Basheer Ahmad,Basheer Ahmad,Basheer Ahmad,
"Dil Ki Tamanna Hay Yeh, Khudara, Tham Lay Koi Hath Hamara..",Salgira,1969,Nashad,Taslim Fazli,Ahmad Rushdi,
"Dil Ko Bachana Ray Babu, Meray Jani, Meri Ankhon Mein..",Jadugar,1961,Saleem Iqbal,Sahil Farani,Naheed Niazi,
"Dil Ko Jalaye Tera Pyar Ho, Dar Mohay Lagay Piya..",Sangdil,1968,M. Ashraf,Khawaja Parvez,Mala,
"Dil Ko Kya Hua, Tujh Say Pyar Hua, Kaisi Bhool Hui Yeh..",Gulbadan,1960,M. Ashraf,Shabab Keranvi,Zubaida Khanum,
"Dil Ko Na Yun Azmao, Jeevan Say Pyara, Sahara Tumhara..",Mala,1965,Khan Ataur Rahman,Suroor Barabankvi,Ahmad Rushdi,
"Dil Ko Sanbhal Zara, Mast Banaye Meri Chal..",Jadugar,1961,Saleem Iqbal,Sahil Farani,Naheed Niazi,
"Dil Kyun Dharak Raha Hay, Nazar Kyun Sharma Rahi Hay..",Ehsan,1967,Sohail Rana,Masroor Anwar,Mala,
"Dil Lay Kay Ab Jee, Kidhar Chalay Ho, Hamen Sang Lay Lo..",Pyar Ki Saza,1964,Manzoor Ashraf,Nazim Panipati,S.B. John,
"Dil Lay Kay Chalay Ho Kahan, Ham To Kharay Hayn Yahan..",Insan Badalta Hay,1961,Zafar Khursheed,Izhar Malihabadi,Ahmad Rushdi,
"Dil Lay Kay Na Tarpana, Chalay Na Kahin Jana..",Khandan,1964,Rehman Verma,Habib Jalib,Mala,
"Dil Maa Baap Ka Tornay Wali, Dekh Apna Anjam..",Asmat,1968,Masoom Rahim,Kaleem Usmani,Mujeeb Alam,
"Dil Mein Basaya Pyar Say Ham Nay, Tum Ko Apnay Jan Kay..",Jaag Utha Insan,1966,Lal Mohammad Iqbal,Dukhi Premnagri,Mala,
Dil Mein Hay Wohi Gham To Labbon Par Hay Wohi Baat..,Taj Aur Talvar,1961,Safdar Hussain,Qateel Shafai,Naheed Niazi,
"Dil Mein Ik Baat Hay, Poochho To Bata Dun Tum Ko..",Dard-e-Dil,1966,Khalil Ahmad,Himayat Ali Shair,Ahmad Rushdi,
"Dil Mein Koi Aas Nahin, Itnay Aanshoo Ham Nay Piye Hayn..",Devdas,1965,Akhtar Hussain Akhian,Roop Baivt,Saleem Raza,
"Dil Mein Koi Bhar Jata Hay, Jab Hota Hay Pyar Kisi Say..",Parosi,1968,Wazir Afzal,Zahoor Nazar,Noorjahan,
"Dil Mein Preet Basai Main Nay, Jab Say Kisi Harjai..",Phool Aur Kantay,1964,Mohammad Ali Munnu,Tufail Hoshiarpuri,Mala,
"Dil Mein Sama Kay, Koi Ankhon Mein Kho Geya Shayed..",Shadi,1964,Nazir Sheeley,Saleem Nagar,?,
"Dil Mera Aa Geya, Aa Geya, O Bewafa, Mujh Ko Kis Jurm Ki..",Rahguzar,1960,Muslehuddin,Tanvir Naqvi,Munir Hussain,
Dil Mera Lay Kay Aap Kahan Chal Diye Hazoor..,Sangam,1964,Khan Ataur Rahman,Shair Siddiqi,Akhtar Shadmani,
"Dil Na Janay Kab Aye Ga Hazoor Ka, Allah Jee, Ab Raha Jaye Na..",Zamana Kya Kahay Ga,1961,Muslehuddin,Fyaz Hashmi,Naseem Begum,
"Dil Na Lagana Ja Kay Des Paraye, Meray Hamrahi Chahay..",Insaniyat,1967,Manzoor Ashraf,Khawaja Parvez,Irene Parveen,
"Dil Naach Raha Hay, Jhan Jhanna Jhan, Gulzar Khila Meri Khushion Ka..",Aurat,1965,Rasheed Attray,Qateel Shafai,Naseem Begum,
"Dil Nahin To Koi Sheesha, Koi Pathar Hi Milay..",Ik Nageena,1969,Amjad Bobby,Taslim Fazli,Ahmad Rushdi,
"Dil Peh Teer Chalaye, Hamen Tarpaye..",20 Din,1964,Sohail Rana,Masroor Anwar,Waseem Farooqi,
"Dil Rota Hay, Chahay Tera Hans Hans Laaj Nibhana..",Laggan,1960,Tufail Farooqi,Munir Niazi,Saleem Raza,
Dil Say Chahat Ka Bhula Dena Koi Asan Nahin..,Saltanat,1960,G.A. Chishti,Qateel Shafai,Naheed Niazi,
"Dil Say Dil Mila Day, Dil Ko Ab Doorian Mita Day..",Majboor,1966,Tasadduq Hussain,Qateel Shafai,Mala,
"Dil Say Dil Mila Lo, Pehlu Mein Batha Lo, Hay Ishq Yahi..",Azmat-e-Islam,1965,Master Ashiq Hussain,Tanvir Naqvi,Saleem Raza,
Dil Say Hui Khata Jo Tumhen Apna Keh Diya..,Zindagi Kitni Haseen Hay,1969,Nisar Bazmi,Khawaja Parvez,Runa Laila,
"Dil Say Tera Khayal Na Jaye, To Kya Karun..",Aur Bhi Gham Hayn,1960,Nathu Khan,Qamar Shervani,Nazir Begum,
"Dil Si Shay Husn Peh Fida Karun, BeWaqufi Ki Inteha Kar Di..",Ehsan,1967,Sohail Rana,Masroor Anwar,Saleem Shehzad & Co.,
"Dil Tham Lo Apna, Dunya Walo, Ab Jalwa Dikhaya Jata Hay..",Shadi,1964,Nazir Sheeley,Saleem Nagar,Nighat Seema,
"Dil Tornay Walay, Mujhay Tum Say Gila Nahin..",Fareb,1965,Jami,Izhar Jami,Noorjahan,
"Dil Viran Hay, Teri Yaad Hay, Tanhai Hay..",Aina,1966,Manzoor Ashraf,Khawaja Parvez,Mehdi Hassan,
"Dil Walay Bhala Kab Dartay Hayn, Chahay Kisi Mehfil Mein Ho..",Mahal,1968,Rasheed Attray,Fyaz Hashmi,Mala,
"Dil Walay Nazar Say Nazar Na Mila, Keh Meethi Meethi Ankhon Mein..",Josh-e-Inteqam,1968,Tasadduq Hussain,Mushir Kazmi,Irene Parveen,
"Dil Walay, Ankh Say Ankh Mila Lay, O Matwalay..",Insaf,1960,Nathu Khan,Baqar Rizvi,Zubaida Khanum,
"Dil Yahan, Nazar Wahah, Khayal Hay Kahan, Array Subhan Allah..",Mujahid,1965,Khalil Ahmad,Hamayet Ali Shair,Ahmad Rushdi,
"Dil Yeh Kahay, Tu Paas Rahay Har Dam, Dil Lainay Ka, Denay Ka..",Aladdin Ka Beta,1960,G.A. Chishti,Ahmad Rahi,Naheed Niazi,
"Dil Yun Yun Yun Yun Hota Hay, Dil Yun Yun Yun..",Azra,1962,Master Inayat Hussain,Munshi Zahir,Ahmad Rushdi,
"Dil, Hatheli Peh Liye Phirtay Hayn, Sarkar Suno..",Bulbul-e-Baghdad,1962,Mohammad Ali Munnu,Ashraf Sandhu,Zubaida Khanum,
"Dil-e-Barbad Na Ro, Kis Say Karta Hay Gila, Koi Apna Bhi To Ho..",Jan-e-Arzoo,1968,Master Inayat Hussain,Qateel Shafai,Mala,
"Dil-e-Majboor Nay Tujh Ko Pukara Hay, Ab To Aa Ja..",Tum Na Mano,1961,Fateh Ali Khan,Muzaffar Orkzei,Irene Parveen,
Dil-e-Majboor Nay Tukh Ko Pukara Hay..,Shararat,1963,Deebo,Masroor Anwar,Irene Parveen,
"Dil-e-Nadan, Tujhay Hua Kya Hay, Akhir Is Dard Ki Dawa Kya Hay..",Ghalib,1961,Tasadduq Hussain,Mirza Ghalib,Noorjahan,
Dilbar Kahen Tumhen Keh Dil Ara Kahen Tumhen..,Yahudi Ki Larki,1963,Muslehuddin,?,Saleem Raza,
"Dilruba Hay Meri Har Ada, Dekho Dekho,  Dilruba Hay..",Paristan,1968,Rasheed Attray,Tanvir Naqvi,Mala,
"Dilruba, Dilruba, Dil Say Dil Ko Milanay Kay Din Aa Geye..",2 Ustad,1960,Ghulam Nabi,Fyaz Hashmi,Zubaida Khanum,
"Din Bhar Ki Thakkan Ko Door Karna Hay, Pee Lay..",Chori Chhuppay,1965,Hasnain,?,Shirafat,
"Din Bhi Hay Raat Kay Bad, A Dil, Soch Mein Tu..",Saltanat,1960,G.A. Chishti,Qateel Shafai,Naheed Niazi,
"Din Dhallay, Jee Jalay, Jaisay Diya Tum Na Hi Aye..",Barat,1963,Azam Baig,Mushir Kazmi,Mala,
"Din Dhaltay Dhaltay Sham Hui, Tum Nahin Aye..",Manzil,1960,Feroz Nizami,Tanvir Naqvi,Noorjahan,
"Din Guzartay Rahy, Raat Dhalti Rahi, Tum Na Aye Magar Rutt Badalti Rahi..",Kala Pani,1963,Rehman Verma,Mushir Kazmi,Irene Parveen,
"Din Hayn Bahar Kay, 16 Singhar KAy, Sayyan..",C.I.D.,1969,Bakhshi Wazir,Tajammul Hussain,?,
"Din Raat Khayyalon Mein, Tujhay Pyar Karun Ga..",Darshan,1967,Basheer Ahmad,Basheer Ahmad,Basheer Ahmad,
Diya Hay Saray Zamanay Ko Ik Sabaq Tum Nay (bol)..,Asslam-o-Alaikum,1969,Nazar,?,Saleem Shehzad,
"Do You Remember, O Ray Sitamgar, Tu Nay Jo Waada Kiya Tha..",Aurat,1965,Rasheed Attray,Qateel Shafai,Mala,
"Dolay Dolay Mann Ki Nayya, Kiasay Lagay Par..",BeKhabar,1961,Bakhshi Wazir,Sehrai Gurdaspuri,Kousar Parveen,
Dolen Meray Paun.. Unchi Neechi Rahon Mein Payel Mori Chhamkay..,Salma,1960,Rasheed Attray,Zahoor Nazar,Naseem Begum,
"Doli Ka Haar Liye, Banno, Banna, Tera Aya Ga..",Asmat,1968,Masoom Rahim,Kaleem Usmani,Mala & Co.,
"Dono Tarf Hay Aaj Barabar Thanni Hui, Aur Mujh Gharib Jan Kay..",Kaneez,1965,Khalil Ahmad,Himayat Ali Shair,Ahmad Rushdi,
"Doob Geya Umeed Ka Suraj, A Dil Teri Sham Hui..",BeKhabar,1961,Bakhshi Wazir,Hazin Qadri,Saleem Raza,
"Door Door Reh Kar, Guzara Nahin Hoga, Hamara Nahin Ho Ga..",Rivaj,1965,Master Inayat Hussain,Khawaja Parvez,Mala,
"Door Hayn Kitnay, Aa Qareeb Aa, Pyar Say Hath Mein Mera Hath Lay..",Jadugar,1961,Saleem Iqbal,Sahil Farani,Naseem Begum,
Door Jahan Kay Jhamelon Say Matt Darr..,Ujala,1966,Dheer Ali,Akhtar Yousuf,Basheer Ahmad,
"Door Veeranay Mein, Ik Shama Hay Roshan Kab Say..",Naela,1965,Master Inayat Hussain,Himayat Ali Shair,Mala,
"Doulat Kay Gun Ganay Walo, Dil Jo Nahin To Kuchh Bhi Nahin..",Dil-e-Nadan,1960,G.A. Chishti,Ahmad Rahi,Saleem Raza,
"Dubla Mahin Sa, Londa Haseen Sa, Main Hun Allah Din Sa..",Shahi Mahal,1968,Tasadduq Hussain,Mushir Kazmi,Irene Parveen,
"Dukh Diye Ja Sanam, Hamen Kuchh Nahin Gham..",Yahudi Ki Larki,1963,Muslehuddin,Habib Jalib,Ahmad Rushdi,
"Dukhaye Dil Jo Kisi Ka, Woh Aadmi Kya Hay..",Adalat,1968,Tasadduq Hussain,Muzaffar Warsi,Noorjahan,
"Dunak Dunak Jaun Gi, Thumak Thumak Aun Gi, Palki Mein Pyar Ki..",Daagh,1969,Ali Hossain,Ali Hassan,Nabita,
"Duniya Kay Ghamon Say Ghabra Kar, Teray Dar Peh Sawali Aaye Hayn..",Dard,1969,M. Ashraf,Khawaja Parvez,Mujeeb Alam,
"Dunya Chala Chali Ka Mela, Ik Aata, Ik Jata Hay..",Shaam Savera,1967,Master Ashiq Hussain,Tanvir Naqvi,Inayat Hussain Bhatti,
"Dunya Deevani, Roz Hamen Samjhanay Aye, Roz Karay Nadani..",Payel Ki Jhankar,1966,Rasheed Attray,Qateel Shafai,Naseem Begum & Co.,
"Dunya Ka Yeh Dastoor Hay, Dunya Say Gila Kya..",Tasvir,1966,Khalil Ahmad,Himayat Ali Shair,Masood Rana,
"Dunya Kay Bazar Mein Tu Nay, Kahay Ko Tann Mann Beich Diya..",Kala Aadmi,1963,Safdar Hussain,Qateel Shafai,Nazir Begum,
"Dunya Kay Ghamon Ko Thukra Do, Har Dard Ko Tum Sehna Seekho..",Doosri Maa,1968,Lal Mohammad Iqbal,Masroor Anwar,Ahmad Rushdi,
"Dunya Kay Nigehban, Barbad Hua Meri Umeedon Ka Gulistan..",Shaam Savera,1967,Master Ashiq Hussain,Tanvir Naqvi,Irene Parveen,
"Dunya Kisi Kay Pyar Mein, Jannat Say Kam Nahin..",Jaag Utha Insan,1966,Lal Mohammad Iqbal,Dukhi Premnagri,Mehdi Hassan,
"Dunya Mein Koi Nahin Apna, Ab Gham Ki Kahani, Kon Sunay Ga..",Jan Nisar,1961,G.H. Qadri,S.H. Qadri,Khursheed Begum,
"Dunya Mein Lakhon Fasanay, Kya Dil Peh Guzri..",Lakhon Fasanay,1961,Deebo,Akhtar Bekaniri,S.B. John,
Dunya Mein Tum Ko Jeena Hay Agar.. Isi Ka Naam Hay Zindagi..,Shehnai,1968,Sohail Rana,Masroor Anwar,Ahmad Rushdi,
Dunya Mein Tumharay Jalwon Ki Dhoom Hay..,Dhoop Chhaun,1963,Ghulam Nabi,Kaleem Usmani,Naseem Begum,
"Dunya Rail Gari, Hay Sanp Ki Sawari, Jo Samjhay Woh Khilari..",Beti,1964,Deebo,Fyaz Hashmi,Masood Rana,
"Dunya Say Chori Chori, Mulaqaten Na Karo..",Suraj Mukhi,1962,Master Abdullah,Basheer Manzar,Naheed Niazi,
"Dunya Say Door, Gham Ki Sham Karo, Ray..",Hamdam,1967,Zia-ud-din,Younis Hamdam,Mohammad Ifrahim,
Dunya To Jhukki Aaj Meray Yaar Kay Aagay..,Lala Rukh,1968,Saleem Iqbal,Riazur Rehman Saghar,Masood Rana,
"Dunya Walay, Dekh Zara, Is Dunya Ki Tasvir, Bhai Chalaye..",Faishon,1965,Bakhshi Wazir,Qateel Shafai,Masood Rana,
"Dunya Walay, Dekh Zara, Is Dunya Ki Tasvir, Kitni Ulti Hay (2)..",Faishon,1965,Bakhshi Wazir,Qateel Shafai,Masood Rana,
"Dunya Walo, Nanhay Rahi, Gana Gatey Jayen Gay..",Sangdil,1968,M. Ashraf,Khawaja Parvez,Mala,
Ek Albela Sajjan Tu Nay Griftar Kiya..,Saza,1969,Nashad,Qateel Shafai,Mala,
"Ek Albela Sajjan Tu Nay Griftar Kiya, Aa Meri Zulf Ki Zanjeer..",Naaz,1969,Nisar Bazmi,Qateel Shafai,Mala,
"Ek Bar, 2 Bar, 3 Bar, 4 Bar, Kya 1000 Bar..",Aneela,1969,Nisar Bazmi,Masroor Anwar,Runa Laila,
"Ek Chalakata, Jaam Khankata, Lay Saqi Kay Naam Ka..",Khoon-e-Nahaq,1969,Bakhshi Wazir,Tanvir Naqvi,Irene Parveen,
Ek Daghabaz Say Aaj Baray Naz Say Naina Laray Jee..,Josh-e-Inteqam,1968,Tasadduq Hussain,Mushir Kazmi,Irene Parveen,
"Ek Dil Hay Magar Dekhiye, Dildar Kei Hayn..",Shahi Mahal,1968,Manzoor Ashraf,Nazim Panipati,Mala,
"Ek Dil Tha, Hazaron Gham PAye, Sochtay Hayn..",Pakeeza,1968,Saleem Iqbal,Ahmad Rahi,Naseem Begum,
"Ek Din Dil Do Gay, Tum Kahin Na Kahin, Lao Ham Ko Hi Day Do..",Ajab Khan,1961,G.A. Chishti,Tufail Hoshiarpuri,Zubaida Khanum,
"Ek Hamen Awara Kehna, Koi Bara Ilzam Nahin..",Qabeela,1966,Rehman Verma,Habib Jalib,Mala,
"Ek Hamen Awara Kehna, Koi Bara Ilzam Nahin..",Insan,1966,Rasheed Attray,Habib Jalib,Saleem Raza,
"Ek Lutera, Ban Kay Sapera, Lootnay Aya, Tann Mann Mera..",Saperan,1961,Manzoor Ashraf,Shabab Keranvi,Irene Parveen,
"Ek Nazar Dekh Idhar, O Bekhabar, Pyar Ka Samaa..",2 Ustad,1960,Ghulam Nabi,Fyaz Hashmi,Zubaida Khanum,
"Ek Sathi Mila, Do Ghari Kay Liye, Udas Zindagi Haseen Ho Geyi..",Dil day Kay Dekho,1969,Sohail Rana,Fyaz Hashmi,Ahmad Rushdi,
"Ek Sunheray Gaon Main, Chand Ki Thandi Chhaon Mein..",Majboor,1966,Tasadduq Hussain,Qateel Shafai,Naseem Begum,
"Ek Tara Guggoo Tara, 2 Tara Guggoo Tara, Jiye Mera Munna..",Kaneez,1965,Khalil Ahmad,Himayat Ali Shair,Mala & Co.,
"Ek Tum Ho, Ek Main Hun (Urdu/Bengali)..",Qasm Us Waqt Ki,1969,Khan Ataur Rahman,Fyaz Hashmi,Runa Laila,
"Excuse Me, Teri Ankhon Mein Hay Bijli..",Bahu Rani,1969,Nisar Bazmi,Riazur Rehman Saghar,Ahmad Rushdi,
"Falak Chal Geya Phir Neyi Chaal, So Ja, Meray Lal, So Ja..",Aurat,1965,Rasheed Attray,Qateel Shafai,Naseem Begum,
"Faryad Hay, Faryad Hay, Ya Rabb, Teray Hotay Huway..",Noukari,1960,Mohammad Ali Munnu,Tanvir Naqvi,Kousar Parveen,
"Fasana-e-Dil Hay Mukhtasir Sa, Keh Aag Dil Mein Bharak Uthi Hay..",Tumhi Ho Mehboob Meray,1969,M. Ashraf,Khawaja Parvez,Mala,
"Fasana-e-Dil Hay Mukhtasir Sa, Keh Aag Dil Mein Bharak Uthi Hay..",Tumhi Ho Mehboob Meray,1969,M. Ashraf,Khawaja Parvez,Masood Rana,
"Ga Meray Manwa, Gata Ja Ray, Jana Hay Ham Ka Door..",Diya Aur Toofan,1969,Kemal Ahmad,Rangeela,Rangeela,
"Gaggan Mein Jhoomta Baadal, Badan Ko Choomta Anchal..",Maa Beti,1963,Safdar Hussain,Qateel Shafai,Naheed Niazi,
Gaisuon Kay Anchal Mein Kya Rang Hay Sunehra..,Andaleeb,1969,Nisar Bazmi,Kaleem Usmani,Ahmad Rushdi,
"Gali Gali Main Dil Bechun, Hay Naam Mera Dildar..",Shararat,1963,Deebo,Masroor Anwar,Masood Rana,
"Gali Gali Mein Charchay Hon, Gali Gali Mein Afsanay..",Jalva,1966,Nashad,Kaleem Usmani,Mehdi Hassan,
"Gar Qatl Hua Koi, Kiya Is Mein Khata Meri..",Waqt Ki Pukar,1967,Nisar Bazmi,Fazal Karim Fazli,Mala,
"Gata Jaye Banjara, Gata Jaye Banjara..",Dr. Sheitan,1969,Rabbani,Shujaa Aqeel,Ahmad Rushdi,
"Gaun Soona, Galian Sooni, Soona Hay Bazar..",Bombay Vala,1961,Rehman Verma,Mushir Kazmi,Zubaida Khanum,
"Gaye Gi Dunya Geet Meray, Sureelay Ang Mein, Niralay Rang Mein..",Mousiqar,1962,Rasheed Attray,Tanvir Naqvi,Noorjahan,
"Gayen Hawaen, Jhoomen Fazaen, Machlay Jawani Lay Kay Angraian..",Elaan,1967,Master Inayat Hussain,Tanvir Naqvi,Noorjahan,
"Geet Chher Pyar Ka, Dharkatay Dil Kay Saz Par..",BeReham,1967,Kemal Ahmad,Muzaffar Warsi,Mala,
"Geet Gati Hayn Khawabon Ki Parchhaian, Pyar Lenay Lag Phir Say..",Chhoti Behan,1964,Lal Mohammad Iqbal,Masroor Anwar,Nighat Seema,
"Geet Preet Hay, Geet Meet Hay, Geet Guru Say Seekh..",Daal Mein Kala,1962,Muslehuddin,Fyaz Hashmi,Ahmad Rushdi,
"Geo Geo Ray, A Pyar Kay Parwanao, Ulfat Kay Deevano..",Khyber Mail,1960,G.A. Chishti,G.A. Chishti,Zubaida Khanum,
"Geye Dino Ki Yaad Dilaye, Yeh Landa Bazar..",Landa Bazar,1964,Tasadduq Hussain,Habib Jalib,Masood Rana,
"Ghail Ghail Mera Dil, Piya Jee Say Kaisay Kahun..",Street 77,1960,Akhtar Hussain Akhian,Hazin Qadri,Zubaida Khanum,
"Ghair Ban Kay Na Milen, Ham Tumhen Apna Kar Len..",Buzdil,1969,Khalil Ahmad,Fyaz Hashmi,Mehdi Hassan,
"Ghair Ki Baton Ka Aakhir, Eitbar Aa Hi Geya..",Kaneez,1965,Khalil Ahmad,Agha Hashr Kaashmiri,Naseem Begum,
Ghairon Say Pyar Nay Mujhay BeQarar Kiya..,Baharen Phir Bhi Ayen Gi,1969,Shamim Nazli,Khawaja Parvez,Mala,
"Ghaltfehmi Hui Ho Gi, Ghalatfehmi Nahin Achhi..",Pyasa,1969,Subal Das,Akhtar Yousuf,Ahmad Rushdi,
"Gham Diye Tu Nay, Inayat Teri, Main Nay To Pyar Kiya Hay..",Tamasha,1965,Azam Baig,Tufail Hoshiarpuri,Naseem Begum,
"Gham Hay Anjam-e-Wafa, Yuhni Pyar Bharay Dil..",Sunehray Sapnay,1961,Hassan Latif,Tanvir Naqvi,?,
"Gham Kay Fasanay, Koi Na Janay (bol)..",Ghoonghat,1962,Khawaja Khursheed Anwar,Tanvir Naqvi,Munir Hussain,
"Gham Lay Liye Hayn Day Kar, Is Dil Ka Pyar Ham Nay..",Adalat,1968,Tasadduq Hussain,Muzaffar Warsi,Noorjahan,
"Gham-e-Dil Ko, In Ankhon Say, Chhalak Jana Bhi Aata Hay..",Naela,1965,Master Inayat Hussain,Qateel Shafai,Mala,
"Ghanghor Andhera Hay, Khamoshi Ka Samaa Hay, Ho Awaz Day..",Aag Ka Darya,1966,Ghulam Nabi,Josh Malihabadi,Noorjahan,
"Ghanghor Ghat Dil Ka Aalam, Har Lehza Badalti Jati Hay..",Lahu Pukaray Ga,1967,Ilyas,Habib Jalib,Noorjahan,
"Ghanghor Ghata Lehrai Hay, Phir Yaad Kisi Ki Aai Hay..",Ik Tera Sahara,1963,Master Inayat Hussain,Qateel Shafai,Naseem Begum,
Ghar Ko Jannat Bana Kar Dikhayen Gay Ham..,Meri Bhabhi,1969,Amjad Bobby,Taslim Fazli,Runa Laila,
"Ghar Say Chithi Ayi, Bemar Hay Chhota Bhai.. Baqi Sab Khariyat Hay..",Clerk,1960,Safdar Hussain,Qateel Shafai,Saleem Raza,
"Ghari Ghari, Yun Khari Khari, Kya Soach Rahi Hay Door ..",Salma,1960,Rasheed Attray,Tanvir Naqvi,Saleem Raza,
"Gharian Ayin Meet Milan Ki, Beet Gein Tanhayian..",Neela Parbat,1969,Akhtar Hussain,Zahoor Nazar,Noorjahan,
"Ghata Ban Jaun, Hawa Mein Lehraun, Ada Mastani..",Lakhon Fasanay,1961,Deebo,Akhtar Bekaniri,Zubaida Khanum,
"Ghir Ghir Ayi Badariya, Chalay Hawa Mastani, Jhoomay Jawani..",Aavaz Day Kahan Hay,1962,Khursheed Qais,Shahid Yazdani,Zubaida Khanum,
Ghonghat Utha Kay Jab Woh Daikhain Gay Muskara Ke..,Zalim,1968,Rasheed Attray,Fyaz Hashmi,Naseem Begum,
"Ghoonghat Kay Patt Khol Kay, Koi Yeh Keh Day Aaj..",Tanha,1964,Altaf Mehmood,Suroor Barabankvi,?,
Gir Gei Moray Mathay Ki Bindia..,Ek Hi Rasta,1968,Deebo,Masroor Anwar,Noorjahan,
"Gir Na Jayen Ham, Tham Lay Sanam, Kisi Say Kuchh Na Keh Sakay..",Main Kahan Manzil Kahan,1968,Ghulam Nabi,Qateel Shafai,Naseem Begum,
"Giren Gi Bijlian Kab Tak, Jalen Gay Ashian Kab Tak..",Jang-e-Azadi,1968,M. Ilyas,Tanvir Naqvi,Saleem Raza,
"Girtay Ko Banhon Mein, Bhatkay Ko Rahon Mein..",Mr. X,1963,Lal Mohammad Iqbal,Mouj Lakhnavi,Naseema Shaheen & Co.,
"Gol Gappay Wala Aya, Gol Gappay Laya, Gali Gali Gata Phiray..",Mehtab,1962,Manzoor Ashraf,Hazin Qadri,Ahmad Rushdi,
"Gol Gappay Wala Aya, Gol Gappay Laya, Gali Gali Gata Phiray (sad)..",Mehtab,1962,Manzoor Ashraf,Hazin Qadri,Ahmad Rushdi,
"Good Morning Sir, In Lambi Sarkon Peh Paidal Chalna Dushwar Hay..",Main Chup Rahun Gi,1966,Tasadduq Hussain,Muzaffar Warsi,Ahmad Rushdi,
"Gora Mukhra, Chand Ka Tukra, Anchal Mein Sharmaye..",Khaibar Pass,1964,Safdar Hussain,Mushir Kazmi,Irene Parveen,
"Gora Mukhra, Sharbati Akhian, Chaal Mastani Ray..",Bhabhi,1960,Tasadduq Hussain,Tufail Hoshiarpuri,Inayat Hussain Bhatti,
"Goray Goray Raja, Nazar Sharmai Ray..",Suraj Mukhi,1962,Master Abdullah,Basheer Manzar,Irene Parveen,
"Gori Ho Ya Kali Ho, Akela Hun, Tanhai Hay..",Suhag,1963,Akhtar Hussain Akhian,Sahil Farani,Fazal Hussain,
Gori Kar Kay Har Singhar.. Sajjan/Balam Tujhay Leinay Aye..,Chattan,1967,Rasheed Attray,Qateel Shafai,Mala,
"Gori Kay Sar Peh Sajj Kay, Sehray Kay Phool Kahen Gay'..",Tum Milay Pyar Mila,1969,Nashad,Taslim Fazli,Ahmad Rushdi,
"Gori Simti Jaye Sharm Say, Dil Ka Bhaid Chhupaye Ham Say..",Heera Aur Pathar,1964,Sohail Rana,Masroor Anwar,Ahmad Rushdi,
"Gori, Bari Yun, Baat Kaisay Main Kahun, Bin Kahay Bhi To Samjha Karo..",Daal Mein Kala,1962,Muslehuddin,Fyaz Hashmi,Ahmad Rushdi,
"Gori, Jao Na Daaman Jhatak Kar..",Mr. X,1963,Lal Mohammad Iqbal,S.A. Ghaffar,Masood Rana,
"Gudgudati Hay Kyun Bahar Tumhen, Ho Geya Hay Kisi Say Pyar Tumhen..",Baghi Sardar,1966,Tasadduq Hussain,Qateel Shafai,Naseem Begum,
"Gul Kahun, Khushboo Kahun, Saghar Kahun, Sehba Kahun..",Khilona,1968,Khalil Ahmad,Himayat Ali Shair,Ahmad Rushdi,
"Gulab Ki Si Patti, Pishor Ka Makhana..",Pak Daaman,1969,Master Inayat Hussain,Qateel Shafai,Mala,
"Gullon Mein Rang Bharay, Bad-e-Nobahar Chalay..",Farangi,1964,Rasheed Attray,Faiz Ahmad Faiz,Mehdi Hassan,
Gulshan Jawani Mein Jan-Subah-Bahar Hun..,Sitamgar,1967,Tasadduq Hussain,Fyaz Hashmi,Mala & Co.,
"Gum Hoye Rastay, Kho Geyin Manzalen, Zindagi Ka Haseen..",Azra,1962,Master Inayat Hussain,Tanvir Naqvi,Saleem Raza,
"Gum Sum Hay Sara Jahan, Jadu Bhara Hay Samaa..",Shaam Savera,1967,Master Ashiq Hussain,Tanvir Naqvi,Mala,
"Gun Gun Ganay Lagi Thandi Hawa, Main Kho Geyi, Dil Kho Geya..",3 Phool,1961,Akhtar Hussain Akhian,Ghulam Rabbani,Kousar Parveen,
"Gungunaye Gi Faza, Muskaraye Gi Hawa, Jhaoom A Bad-e-Saba..",Al-Hilal,1966,Rasheed Attray,Qateel Shafai,Noorjahan,
"Guri Si, Nanhi Munhi, Meray Bhayya Ki Pyari..",Jugnu,1968,Manzoor,Tishna Meeruti,Runa Laila,
"Gurya Lay Lo Babu, Gar Himmat Ho, Mardana Gurya Hay..",Insan Badalta Hay,1961,Zafar Khursheed,Izhar Malihabadi,Ahmad Rushdi & Co.,
"Guzarti Ja Rahi Hay Raat, Kya Mujh Say Na Bolo Gay..",Ghazi Bin Abbas,1961,Safdar Hussain,Qateel Shafai,Naheed Niazi,
"Guzray Na Sham Akeli, O Albeli, Bulaye Tujhay Pyar Mera..",Dil Mera Dharkan Teri,1968,Master Inayat Hussain,Qateel Shafai,Ahmad Rushdi,
"Haal Kaisa Hay Janab Ka, Jawab Dijiye, Sawal Ka..",Khandan,1964,Rehman Verma,Mushir Kazmi,Mala,
"Haal-e-Dil Ham Nay Sunaya, To Bura Mano Gay..",Aurat Ka Pyar,1964,Manzoor Ashraf,Mushir Kazmi,Ahmad Rushdi,
Haal-e-Dil Ham Unhen Suna Na Sakay..,Bahu Rani,1969,A. Hameed,Qateel Shafai,Noorjahan,
"Haan Isi Mor Par, Is Jagga Baith Kar, Tum Nay Waada Kiya Tha..",Doraha,1967,Sohail Rana,Masroor Anwar,Ahmad Rushdi,
"Haar Dena Na Himmat Kahin, Eik Sa Waqt Rehta Nahin..",Pak Daaman,1969,Master Inayat Hussain,Qateel Shafai,Masood Rana,
"Haar Geye Ham Kyun Kar Un Say, Har Larka Yeh Sochay..",Bhabhi,1960,Tasadduq Hussain,Tufail Hoshiarpuri,Munir Hussain,
"Haar Geyi, Haar Gei, To Say Dil Laga Kay..",12 Bajay,1961,Lal Mohammad Iqbal,Yazdani Jalandhry,Nishi Kumari (Indian singer),
"Haath Dikha Do, Haath Dekh Kar Jo Puchhun Batla Do..",Ik Nageena,1969,Amjad Bobby,Taslim Fazli,Ahmad Rushdi,
"Habibi Hayya Hayya.. Naqab Jab Uthaya, Shabab Rang Laya..",Shaheed,1962,Rasheed Attray,Tanvir Naqvi,Naseem Begum,
"Halaat Badal Nahin Saktay, In Rahon Mein Bhi Jeevan Bhar..",Lakhon Mein Ek,1967,Nisar Bazmi,Masroor Anwar,Noorjahan,
"Ham Aa Geye, Mujhay Paas Bhula Lay, Meray Piya..",Mehman,1969,Master Inayat Hussain,Qateel Shafai,Mala,
Ham Aagaye Hain Kisi Meharban Kay Dhokay Main..,Zalim,1968,Rasheed Attray,Fyaz Hashmi,Noorjahan,
"Ham Ajnabi Musafir, Tum Ajnabi Haseena, Anjan Ban Kay Dil Ko..",Touba,1964,A. Hameed,Fyaz Hashmi,Ahmad Rushdi,
"Ham Albelay, Ban Ban Ghoomen, Dharti, Akash Ko Ghoomen..",Habu,1961,Azam Baig,Azam Ludhyanvi,Saleem Raza,
Ham Apna Haal Kisi Ko Suna Nahin Saktay..,Dard,1969,M. Ashraf,Khawaja Parvez,Mala,
"Ham Ban Geye Aaj Sawali, Apna Koi Nahin..",Noukari,1960,Mohammad Ali Munnu,Nazim Panipati,Kousar Parveen,
"Ham Banjaray Bawray, Ham Nachein Din Raat Ray..",Raqqasa,1965,Master Rafiq Ali,Mushir Kazmi,Irene Parveen & Co.,
"Ham Bhi Hayn Pyar Kay Qabil, Kabhi Socha Na Tha..",Kaneez,1965,Khalil Ahmad,Himayat Ali Shair,Mala,
"Ham Bhi Musafir, Tum Bhi Musafir, Kon Kisi Ka Howay..",Badnam,1966,Deebo,Himayat Ali Shair,Masood Rana,
"Ham Bhi Sharabi, Tum Bhi Sharabi, Bhar Lo Jam-e-Shababi..",Daaman,1963,Khalil Ahmad,Himayat Ali Shair,Munir Hussain,
"Ham Bhi, Tum Bhi, Woh Bhi Dao Laganay Aye..",Gunahgar,1967,Rasheed Attray,Tanvir Naqvi,Noorjahan,
"Ham Bhool Geye Har Baat, Magar Tera Pyar Nahin Bholay..",Saheli,1960,A. Hameed,Fyaz Hashmi,Naseem Begum,
"Ham Dukhiray, Dard Kay Maray, Andhiaron Mein Jeetay Hayn..",Aur Bhi Gham Hayn,1960,Nathu Khan,Tajammul Hussain,Ahmad Rushdi & Co.,
"Ham Hayn Majboor Aur Tu Jabbar, Ham Hayn Mohtaj Aur Tu Mukhtar..",Ishq-e-Habib,1965,Zafar Khursheed,Masroor Anwar,Umrao Bandu Khan,
"Ham Jan Day Chalay Hayn, Nazrana Dosti Ka..",Meri Dosti Mera Pyar,1968,Tasadduq Hussain,?,Ahmad Rushdi,
"Ham Jis Par Mar Mittay Hayn, Woh Qatil Tum Hi To Ho..",Shabnam,1965,A. Hameed,Fyaz Hashmi,Munir Hussain,
Ham Jo Tareek Rahon Mein Maray Geye..,Farangi,1964,Rasheed Attray,Faiz Ahmad Faiz,Mala & Co.,
"Ham Kisi Qabil Na Thay, Un Ki Nazar Mein Aa Geye..",Yeh Jahan Valay,1965,Tasadduq Hussain,Mushir Kazmi,Naseem Begum,
"Ham Ko Chhup Chhup Kay Bulatay Ho, Ghazab..",Doctor,1965,Azam Baig,Fyaz Hashmi,Saleem Raza,
"Ham Ko Duaen Do, Tumhen Qatil Bana Diya..",Eid Mubarak,1965,A. Hameed,Fyaz Hashmi,Munir Hussain,
"Ham Ko Sazayen Day Lo, Dil Ki Duaen Lay Lo..",7 Rang,1965,Subal Das,Suroor Barabankvi,Firdousi Begum,
"Ham Ko To Ishq Nay Budhu Bana Diya, Apni Hui Hay Woh..",Aisa Bhi Hota Hay,1965,Nisar Bazmi,Fazal Karim Fazli,Ahmad Rushdi,
"Ham Kya Samjhayen, Kon Sunay Ab, Kyun Gabhraye Phirtay Hayn..",Qanoon,1963,Khalil Ahmad,Saifuddin Saif,Najma Niazi,
"Ham Lutay Apnay Pyar Kay Hathon, Bagh Ujra Bahar Kay Hathon..",Husn-o-Ishq,1962,Safdar Hussain,Qateel Shafai,Zubaida Khanum,
"Ham Matwalay NoJawan, Lay Kar Jayen Dil Kahan..",Ham Matvalay Nojavan,1965,Saleem Iqbal,Masroor Anwar,Ahmad Rushdi,
"Ham Matwalay, Himmat Walay, Albelay Rahi..",Husn Ka Chor,1966,Khalil Ahmad,Himayat Ali Shair,Shoukat Ali,
"Ham Na Rahay Jo Socho, Tora Manwa Ho Janu..",Kajal,1965,Subal Das,M.D. Ahsan,Firdousi Begum,
Ham Nay Jo Mohabbat Ka Afsana Banaya Hay..,Ulfat,1967,Jami,F.D. Gohar,Irene Parveen,
"Ham Nay Jo Phool Chunay, Dil Mein Chubay Jatay Hayn..",Saheli,1960,A. Hameed,Fyaz Hashmi,Naseem Begum,
"Ham Nay Kiya Jab Pyar, Aisi Pyar Mein Khai Mar Keh Manka Toot Geya..",Sajda,1967,Manzoor Ashraf,Qateel Shafai,Ahmad Rushdi,
"Ham Nay Nazar Uthai, Gardish Mein Jam Aye..",Ulfat,1967,Jami,F.D. Gohar,Naseem Begum,
Ham Nay Socha Tha Jannat Banayen Gay Ham..,Meri Bhabhi,1969,Amjad Bobby,Taslim Fazli,Runa Laila,
"Ham Nay To Pyar Kiya Hay, Ik Dilraba Say, Ik BeWafa Say..",Gunahgar,1967,Rasheed Attray,Riaz Shahed,Munir Hussain,
"Ham Nay To Tumhen Dil Day Hi Diya, Ab Tum Yeh Batao, Kya Do Gay..",Payel Ki Jhankar,1966,Rasheed Attray,Himayat Ali Shair,Naseem Begum,
"Ham Nay Tum Ko Dil Diya, Tum Nay Ham Ko Dil Diya..",Zarina,1962,G.A. Chishti,Munshi Zahir,Naseem Begum,
"Ham Ne To Mohabbat Mein, Tum Ko Bhi Khuda Jana..",Anchal,1962,Khalil Ahmad,Himayat Ali Shair,Naheed Niazi,
"Ham Ne To Pyar Kiya Hay, Ik Dilruba Say, Ik BeWafa Say..",Gunahgar,1967,Rasheed Attray,Tanvir Naqvi,Mala,
"Ham Safar Lay Chal Wahan, Jhoomtay Hayn Dil Jahan..",Main Kahan Manzil Kahan,1968,Ghulam Nabi,Qateel Shafai,Mala,
"Ham Say Baat Karo jee, Sanwariya, Tum Say Pyar Karun Gi..",Neela Parbat,1969,Piyarang Qadir,Ibn-e-Insha,Asmara Ahmad,
Ham Say Badal Gaya Who Nigahen To Kya Hua..,Dil-e-Betab,1969,Master Inayat Hussain,Qateel Shafai,Noorjahan,
Ham Say Badal Gaya Who Nigahen To Kya Hua..,Dil-e-Betab,1969,Master Inayat Hussain,Qateel Shafai,Mehdi Hassan,
Ham Say Door Door Kis Liye Ho Pyaray..,Kalay Log,1965,Akhtar Hussain Akhian,Tanvir Naqvi,?,
"Ham Say Khata Yeh Hoi, Dil Jo Lagaya Ray..",Josh,1966,Muslehuddin,Mouj Lakhnavi,Naheed Niazi,
"Ham Say Lay Lo Qasm, Tum Par Martay Hayn..",Insaf,1960,Nathu Khan,Wajid Chughtai,Nazir Begum,
Ham Say Wafa Karo Tum Chahay Karo Jafaen..,Uljhan,1967,Noor Alam Khandkar,Yaqoob Saghar,Firdousi Begum,
"Ham Shehr-e-Wafa Kay Logon Ko, Taqdeer Nay Aksar Loota Hay..",Taqdeer,1966,Deebo,Fyaz Hashmi,Masood Rana,
"Ham Tangay Walay Ho, Bhayya, Dekhn Baray Nazaray..",Dil Kay Tukray,1965,Safdar Hussain,Fyaz Hashmi,Ahmad Rushdi,
"Ham Tera Shehar Chhor Jayen Gay, Phir Kabhi Lot Kar Na Ayen Gay..",Beti,1964,Deebo,Habib Jalib,Noorjahan,
"Ham Teray Pas Aye, Saray Bharm Mita Kar..",Sukh Ka Sapna,1962,Manzoor Ashraf,Faiz Ahmad Faiz,Noorjahan,
"Ham To Marnay Ko Hayn Tayyar Sitamgar, Teray Liye..",Gehra Dagh,1964,Rasheed Attray,Fyaz Hashmi,Munir Hussain,
Ham Tujhay Pyar Ka Afsana Sunanay Aye..,Alf Leila,1968,Tasadduq Hussain,Shabab Keranvi,Ahmad Rushdi,
"Ham Tum Aur Yeh Khoi Khoi Raat, Chand Aur Taron Ki Barat..",Insan Badalta Hay,1961,Zafar Khursheed,Izhar Malihabadi,Zubaida Khanum,
"Ham Yahan, Haan, Dil Wahan, Dil Kay Bina, Suna Suna Lagay Jahan..",12 Bajay,1961,Lal Mohammad Iqbal,Yazdani Jalandhry,Naheed Niazi,
"Ham Yateemo Ka Koi Hota Aasra, Ham Bhi Bantay Sitaray..",Mamta,1964,Tufail Farooqi,Mushir Kazmi,Nazir Begum & Co.,
"Hamara Hath Thaam Lay, Lay Himmat Say Kaam..",Rivaj,1965,Master Inayat Hussain,Khawaja Parvez,Mala,
Hamaray Dam Say Ronaq Jahan Mein Hay..,Doosri Shadi,1968,M. Ashraf,Saifuddin Saif,Mala,
Hamaray Dilon Ki Anokhi Khushi Ko Nazar Na Lagay..,Samundar,1968,Deebo,Sehba Akhtar,Irene Parveen,
Hamaray Pyar Ko Thukra Kay Jao Gay Kahan..,Shola Aur Shabnam,1967,Manzoor Ashraf,Tanvir Naqvi,Mala,
"Hamari Hasrat, Baray Dino Say, Hamaray Seenay Mein Pal Rahi Hay..",Mera Salaam,1966,Mohammad Ali Munnu,Muzaffar Warsi,Nazir Begum,
"Hambola.. Kehti Hay Meri Ada, Sharma Nahin, Jam Utha..",Aladdin Ka Beta,1960,G.A. Chishti,Ahmad Rahi,Naheed Niazi & Co.,
"Hamen Koi Gham Nahin Tha, Gham-e-Ashqi Say Pehlay..",Shab Bakhair,1967,Safdar Hussain,Fyaz Hashmi,Mehdi Hassan,
"Hamen Kya Mila, Pyar Ka Sila, Aa Hi Geyi Andhi..",Taqdeer,1966,Deebo,Wajad Ghughtai,Noorjahan,
"Hamen Tum Pyar Karnay Do, Mohabbat Kay Siwa Har Cheez Say Inkar Karnay Do..",Maa Baap,1967,Tasadduq Hussain,Qateel Shafai,Mala,
"Hamen Tum Say, Tumhen Ham Say, Ajji Pyar Hua Hay..",Gehra Dagh,1964,Rasheed Attray,Fyaz Hashmi,Munir Hussain,
"Hamen Yaqeen Hay, Dhalay Gi Ik Din.. A Falastine..",Zarqa,1969,Wajahat Attray,Habib Jalib,Munir Hussain,
"Hamsafar, Aaj Ki Yeh Raat Nahin Bhoolay Gi..",Voh Kon Thi,1966,Nazir Jafri,Rashid Kamil,Masood Rana,
"Hamsafar, Aaj Ki Yeh Raat Nahin Bhoolay Gi (Slow)..",Voh Kon Thi,1966,Nazir Jafri,Rashid Kamil,Masood Rana,
"Hans Lay, Ga Lay, Mouj Mana Lay, Kahay Phiray Akela..",Subah Kahin Sham Kahin,1961,Nazir Jafri,Zahoor Nazar,Zubaida Khanum,
"Haq Ka Parcham Lay Kar Utho, Batil Say Takrao..",Kafir,1967,Ilyas,Tanvir Naqvi,Naseem Begum,
"Har Aurat Agar Chalti Hui Talwar Ho Jaye, To In Mardon Ka..",Ishrat,1964,Safdar Hussain,Qateel Shafai,Iqbal Bano,
"Har Dil Ki Laggan Tum Ho, Khushion Ka Chamman Tum Ho..",Joker,1966,Muslehuddin,Masroor Anwar,Ahmad Rushdi,
"Har Ik Sitam Hanstay Huway Ham Nay Saha Hay, Matt Ro..",Dard-e-Dil,1966,Khalil Ahmad,Himayat Ali Shair,Irene Parveen,
"Har Kala Rasha, Aa Dekh Meri Mast Jawani Ka Tamasha..",Ishrat,1964,Safdar Hussain,Qateel Shafai,Kousar Parveen,
"Har Maal Milay Ga, Do Aana, Do Aana, Suno Jee Suno..",Hamen Bhi Jeenay Do,1963,C. Faiz,Yousuf Pardesi,Babay Shabbana,
Har Nazar Say Ik Neya Sawal Ho Geya..,Dosheeza,1962,Master Inayat Hussain,Tanvir Naqvi,Naheed Niazi,
"Har Qadm Par, Nit Naye Sanchay Mein Dhal Jatay Hayn Log..",Meray Mehboob,1966,Khalil Ahmad,Himayat Ali Shair,Noorjahan,
"Harram Ki Azmat Kay Pasbano, Khuda Nigehban Hay Tumhara..",Azmat-e-Islam,1965,Master Ashiq Hussain,Naeem Hashmi,Masood Rana & Co.,
Harri Harri Rut Ayi Sawan Ki..,Zinda Lash,1967,Tasadduq Hussain,?,Mujeeb Alam,
"Haseen Bahar, Yeh Mousam, Array Subhan Allah..",Meray Bachay Meri Ankhen,1967,Deebo,Sehba Akhtar,Ahmad Rushdi,
"Haseen Chand Ka Saghar Pi Lijiye, Bhara Hay Is Mein Sitaron Ka..",Zamin Ka Chand,1961,Tasadduq Hussain,Tufail Hoshiarpuri,Naheed Niazi,
Haseen Chand Say Yeh Payam Keh Dena..,Azra,1962,Master Inayat Hussain,Munshi Dil,Saleem Raza,
"Haseena Dilruba, Zara Samnay Aa, Mujhay Tu Na Sata..",Neyi Laila Neya Majnu,1969,Tasadduq Hussain,Mouj Lakhnavi,Ahmad Rushdi,
"Haseeno Ki Mehfil Mein Jab Ayie Ga, To Janay Ki Zehmat Na Farmaiye Ga..",Shahi Mahal,1968,Tasadduq Hussain,Fyaz Hashmi,Mala,
"Hathon Mein Hath Do, Ham Say Waado Karo..",Anari,1969,Ali Hossain,Akhtar Yousuf,Ahmad Rushdi,
"Hathon Mein Hath Lay Kar, Barhtay Chalay Jayen Ham..",Mangol,1961,Feroz Nizami,Qateel Shafai,Kousar Parveen,
"Hawa Nay Chupkay Say Keh Diya Kya, Keh Phool Lehra Kay..",Lori,1966,Khalil Ahmad,Himayat Ali Shair,Mala,
"Hawa Say Moti Bars Rahay Hayn, Faza Taranay Suna Rahi Hay..",Aag Ka Darya,1966,Ghulam Nabi,Josh Malihabadi,Noorjahan,
Hay Baskeh Har Ek Angay Isharay Mein Nishan..,Ghalib,1961,Tasadduq Hussain,Mirza Ghalib,Noorjahan,
"Hay Jam Mein May, May Mein Hay Jo Nasha, Us Nashay Mein Hosh Kahan..",Neelofar,1960,Safdar Hussain,Ahmad Rahi,Naheed Niazi,
Hay Jamalo....,Neela Parbat,1969,Piyarang Qadir,Ibn-e-Insha,Talat Siddiq & Co.,
"Hay Jawani Mehrban, Muskara, Pi Lay, Aisi Raten, Phir Kahan..",Gulfarosh,1961,Safdar Hussain,Zahoor Raja,Zubaida Khanum,
"Hay Koi Aisa, Jis Ko Mujh Say Pyar Hay..",Mousiqar,1962,Rasheed Attray,Tanvir Naqvi,Munir Hussain,
"Hay Na Ramba, Hay Na Ramba, Tuntay Hayn Keh Tu Dil Say..",Manzil,1960,Feroz Nizami,Tanvir Naqvi,Noorjahan,
"Hay Parbu Hay Sham-e-Muradi Meri, Manohar Hay Ghardhari..",Navab Siraj-ud-Daulah,1967,Khan Ataur Rahman,Suroor Barabankvi,Firdousi Begum,
"Hay Teray Dam Say, Hay Teri Nazar-e-Karm Say.. Khush Amdeed..",Koh-e-Noor,1966,Manzoor Ashraf,Fyaz Hashmi,Mala,
"Hay Yahi Mohabbat Ki Reet, Jaye Na Jawani Beet..",Naela,1965,Master Inayat Hussain,Qateel Shafai,Mala & Co,
"Hay Yahi Zindagi, Hans Kay Jee Lay..",Sunehray Sapnay,1961,Hassan Latif,Tanvir Naqvi,?,
Hay Yeh Aalam Tujhay Bhulanay Mein..,Navab Siraj-ud-Daulah,1967,Khan Ataur Rahman,Suroor Barabankvi,Firdousi Begum,
"Haye Allah Ji, Kaisay Kis Ko Bataun, Keh Pehli Pehli Bar..",Pardah,1966,Safdar Hussain,Fyaz Hashmi,Mala,
"Haye Ray Main To, Unchi Atariya Say Ayi..",Aulad,1962,A. Hameed,Fyaz Hashmi,Naseem Begum,
"Haye Ri Mohabbat, Hey Ri, Tu Nay Kaisay Kaisay Rog Lagaye..",Insaniyat,1967,Manzoor Ashraf,Shabab Keranvi,Mala,
"Hayya Ray Hayya, Karen Nadia Mein Lehren Pukar..",2 Rastay,1961,Master Inayat Hussain,Tanvir Naqvi,Inayat Hussain Bhatti,
Heeray Moti Say Bhi Mehngi Is Dunya Mein..,Burma Road,1967,Safdar Hussain,Hazin Qadri,Saleem Raza,
"Hello Hello Mr. Abdul Ghani, Up-To-Date Bana Hay Aur Waisay Bhola Bhala..",Behan Bhai,1968,A. Hameed,Fyaz Hashmi,Irene Parveen,
"Hello Sahib, Khamkha Apna Dil Jalatay Ho..",Shehbaz,1960,Khadim Hussain,Tanvir Naqvi,Irene Parveen,
"Hey Hey, Lut Gey, Mera Dil Lut Geye..",Naach Ghar,1963,Dheer Ali,Suroor Barabankvi,Firdousi Begum,
"Hey Ray, Toot Geya Sapno Ka Gajra, Bighar Geya Gajra..",Bombay Vala,1961,Rehman Verma,Mushir Kazmi,Zubaida Khanum,
"Hey Wor Raat, Raat Ki Batiyan, Poochho Na Ham Say..",Dil Nay Tujhay Maan Liya,1963,Muslehuddin,Himayat Ali Shair,Mala,
"Hey Yeh Tanhaiyan, Aisay Mein Tu Kahan Hay..",Kala Pani,1963,Rehman Verma,Mushir Kazmi,Irene Parveen,
"Hey Yey Dunya, Meri Gham Ki Kali Raat..",Tanha,1964,Altaf Mehmood,Suroor Barabankvi,Naseema Shaheen,
"Hey, Kis Say Nazar Takra Geyi, Love Karn Jo Sikhla Geyi, Lovely..",Raat Kay Rahi,1960,A. Hameed,Fyaz Hashmi,Ahmad Rushdi,
"Hey, Mohay Koi Najar Na Lagaye, Bali Umariya Kamar Bal Khaye..",Kajal,1965,Subal Das,M.D. Ahsan,Naseem Begum,
"Heye Allah, Mushkil Mein Hay Meri Jan, Woh Kon Kafir Tha..",Aakhri Station,1965,Khan Ataur Rahman,Suroor Barabankvi,Najma Niazi,
"Heye Allah, Sharm Mujhay Aye, Koi Dekhnay Na Paye..",Dost Dushman,1967,Rehman Verma,Tanvir Naqvi,Naseem Begum & Co.,
"Heye Heye Koi Jan Na Lay, Teray Meray Pyar Ko..",Pyar Ki Jeet,1969,Zafar Qureshi,Inayat Batalvi,Runa Laila,
"Heye Ray, Dagmag Dolay Jeevan Nao, Koi Na Janay Pal..",Neela Parbat,1969,Piyarang Qadir,Zahoor Nazar,Altaf Mehmood,
"Heye Ray, Qismat Rooth Geyi, Aas Ki Dori Toot Geyi..",Piya Millan Ki Aas,1969,Saleem Iqbal,Fyaz Hashmi,Noorjahan,
"Heye Zalim, Mujhay Tujh Peh Pyar Aa Geya..",Jeena Bhi Mushkil,1969,Jalal Ahmad,N/A,Anjuman Ara,
"Himmat Say Har Qadam Uthana, Tu Hay Pakistani..",Jab Say Dekha Hay Tumhen,1963,Sohail Rana,Himayat Ali Shair,Ahmad Rushdi,
"Ho Achanak To Mulaqat Maza Deti Hay, Baat Ban Jaye..",Shab Bakhair,1967,Safdar Hussain,Fyaz Hashmi,Saleem Raza,
"Ho Chahay Akhian Milao, Chahay Akhian Charao..",Parvana,1966,Ali Sahili,Akhtar Yousuf,Anjuman Ara,
"Ho Deevana Dil Deevana Hua, Hamaray Aaj Qabu Mein Nahin Hay..",Ashiq,1968,Nashad,Taslim Fazli,Runa Laila,
"Ho Dilruba, Kaisa Yeh Jadoo Kiya, Pagal Mujhay Kar Diya..",Tum Milay Pyar Mila,1969,Nashad,Taslim Fazli,Ahmad Rushdi,
"Ho Geya Sanam, Waqt Mehrban, Meray Bas Mein Aa Geya Do Jahan..",Subah Kahin Sham Kahin,1961,Nazir Jafri,Zahoor Nazar,Kousar Parveen,
"Ho Geyi Hay Parai Behan Ladli, Day Kay Bhayya Ko Gham..",Bhai Jan,1966,Tasadduq Hussain,Mushir Kazmi,Mehdi Hassan,
Ho Geyi Jis Ki Main Umar Bhar Kay Liye..,Adalat,1968,Tasadduq Hussain,Muzaffar Warsi,Noorjahan,
"Ho Geyi Zindagi Mujhay Pyari, Mil Geye Jab Say Ghamgusar Mujhay..",Hamrahi,1966,Tasadduq Hussain,Muzaffar Warsi,Masood Rana,
"Ho Geyi, Ik Nari Say, Matwari Say, Main Nay Kuchh Nahin Kaha..",Meray Mehboob,1966,Khalil Ahmad,Himayat Ali Shair,Ahmad Rushdi,
"Ho Ho, Ayi Jhoomti Bahar, Chhaliya Ankhon Mein Khumar..",Tangay Vala,1963,Rasheed Attray,Tanvir Naqvi,Naseem Begum,
"Ho Ho, Mar Geyi, Teri Nazar Jadoo Kar Geyi, Hey Mar Geyi..",Damaad,1963,Tasadduq Hussain,Mushir Kazmi,Naheed Niazi,
"Ho Ho, Mehrban, Mehrban, Ham Peh Yeh Qismat..",Koh-e-Noor,1966,Manzoor Ashraf,Fyaz Hashmi,Mala,
"Ho Jaye Mohabbat To Chhupai Nahin Jati, Ban Jati Hay Yeh Baat..",Honhaar,1966,A. Hameed,Fyaz Hashmi,Munir Hussain,
"Ho Jee Ho, Bura Jo Na Mano To Itna Bataen..",Sanam,1965,A. Hameed,Fyaz Hashmi,Munir Hussain,
"Ho Jeena Teray Ishq Mein, Ghar Chhor Diya..",Inspector,1964,Khalil Ahmad,Himayat Ali Shair,Ahmad Rushdi,
"Ho Ji Ho, Suno To, Tum Ho Baray Ho..",Door Ki Aavaz,1969,A. Hameed,?,Munir Hussain,
"Ho Jis Ka Bin Piye Nasha, Main Woh Sharab Hun..",Rishta Hay Pyar Ka,1967,Nashad,Shahid Delhavi,Runa Laila,
"Ho Lo Li Na.. Teri Hi Nigahon Nay, Adaon Nay, Sikhaya Mujhay Jeena..",Saaz aur Aavaz,1965,Hassan Latif,Habib Jalib,Ahmad Rushdi,
"Ho Nayya, Toofani Lehron Say Larti Ja, Mushkil Mein Rahen..",Jugnu,1968,Manzoor,Tishna Meeruti,Runa Laila,
"Ho Rang Bhari Maina, Teray Teekhay Teekhay Naina..",Tangay Vala,1963,Rasheed Attray,Tanvir Naqvi,Ahmad Rushdi,
"Ho Ray Ho, Be-Khabar, Sochta Hay Kya, Day Rahi Hay Zindagi..",Ishq Par Zor Nahin,1963,Master Inayat Hussain,Tanvir Naqvi,Zubaida Khanum,
"Ho Ray Sajna, Ho Ray Sajna..",Naach Ghar,1963,Dheer Ali,Suroor Barabankvi,Firdousi Begum,
"Ho Ray Thungar Bajay, Ghungru Bajay, Bajay Manwa Kay Taar..",2 Rastay,1961,Master Inayat Hussain,Tufail Hoshiarpuri,Naseem Begum,
"Ho Sajna, O Balam, Mera Pyar Bara Anmol Ray..",Dhoop Chhaun,1963,Ghulam Nabi,Kaleem Usmani,Naseem Begum,
"Ho Sun Lay O Jan-e-Wafa, Tu Hay Dunya Meri, A Meri Zindagi..",Sangdil,1968,M. Ashraf,Khawaja Parvez,Ahmad Rushdi,
"Ho Sun Lay O Jan-e-Wafa, Tu Hay Dunya Meri, A Meri Zindagi..",Sangdil,1968,M. Ashraf,Khawaja Parvez,Ahmad Rushdi,
"Ho Sun Lay O Jan-e-Wafa, Tu Hay Dunya Meri, A Meri Zindagi..",Sangdil,1968,M. Ashraf,Khawaja Parvez,Mala,
"Ho Tamanna Aur Kya, Jan-e-Tammana Aap Hayn..",Aisa Bhi Hota Hay,1965,Nisar Bazmi,Masroor Anwar,Noorjahan,
"Ho, Dil Walon Ko Mera Salam, Jawani Mera Naam, Zara Bach Kay..",Sartaj,1965,Safdar Hussain,Fyaz Hashmi,Mala,
"Ho, Ho, Ho, Phoolay Bhalay Maina Kay Ganjan Dali..",Buzdil,1969,Khalil Ahmad,Fyaz Hashmi,Runa Laila & Co.,
"Ho, Kahay Dil Ki Umang, Ho, Urrun Badlon Kay Sang..",Ajab Khan,1961,G.A. Chishti,Tufail Hoshiarpuri,Zubaida Khanum,
"Ho, Mera Dil, Tik Tik Tik Tik, Chalay Ghari Ki Chaal..",Sazish,1963,Akhtar Hussain Akhian,Basheer Manzar,Kousar Parveen,
"Ho, Meri 16 Bars Ki Umariya, Mohay La Day Ray Dhani Chunariya..",Ghar Ka Ujala,1966,Manzoor Ashraf,Mushir Kazmi,Mala,
"Ho, Sun Saajna, Dukhi Mann Ki Pukar, Hua Vairi Sansar..",Lakhon Mein Ek,1967,Nisar Bazmi,Masroor Anwar,Noorjahan,
"Ho, Teray Waadon Nay Heye Meray Jhootay Sanam..",Andaleeb,1969,Nisar Bazmi,Kaleem Usmani,Runa Laila,
Ho.. Dil Mein Meray Aa Basay Koi Pyar Say..,Chattan,1967,Rasheed Attray,Qateel Shafai,Irene Parveen & Co.,
"Holay Holay Pawan Chalay, Dholay Jiya Ray..",Asslam-o-Alaikum,1969,Nazar,Shabbi Farooqi,Runa Laila,
"Hont Ko Zara Laga Kay Deikh Jaam Say, Tu Najat Paye Ga..",Kala Aadmi,1963,Safdar Hussain,Qateel Shafai,Irene Parveen,
"Honto Ki Kali, Galon Kay Kanwal, Zulfon Ki Ghata Bik Jati Hay..",Behan Bhai,1968,A. Hameed,Tanvir Naqvi,Mala,
Honto Peh Afsanay Aa Geye..,Kaisay Kahun,1965,Altaf Mehmood,Qazi Anwar,Qazii Anwar,
Honton Peh Dil Ki Baat Jo Aye To Kya Karun..,Khilona,1968,Khalil Ahmad,Himayat Ali Shair,Mala,
Hooooooooo..,Mousiqar,1962,Rasheed Attray,?,Noorjahan,
"Horay, Horay, Main Hun Chhail Chabeeli, Chhoray..",Sahil,1960,Rasheed Attray,Tanvir Naqvi,Zubaida Khanum & Co.,
"Hosh Mein Aa Dil, Teri Nahin Yeh Manzil..",Ulfat,1967,Jami,Izhar Jami,Irene Parveen,
"Hosh Mein Aa, O Deevanay, Tu Kya Janay, Din Taqdeer Nay Kya..",Aurat Ek Kahani,1963,Masoom Rahim,Habib Jalib,Noorjahan,
"Hun, Hun, O Tujhay Kya Khabar, Meri Ik Nazar, Bari Jadoogar..",Daal Mein Kala,1962,Muslehuddin,Fyaz Hashmi,Ahmad Rushdi,
"Husn Bhi Hay Mouj Mein, Waqt Bhi Meharban..",Mujhay Jeenay Do,1968,Muslehuddin,Qateel Shafai,Naheed Niazi,
Husn Dekha Jo Tumhara To Khuda Yaad Aya..,Jahan Tum Vahan Ham,1968,Robin Ghosh,Masroor Anwar,Ahmad Rushdi,
Husn Ka Jalwa Bijli Ban Kar Kab Kis Par Gir Jaye..,Saiqa,1968,Nisar Bazmi,Masroor Anwar,Mala,
"Husn Ka Nazara Kijiye, Door Door Say..",Mangol,1961,Feroz Nizami,Mushir Kazmi,Naheed Niazi,
"Husn Kay Nehlay Peh, Ishq Ka Dehla, Dil Walon Ka Hay..",Nehlay Peh Dehla,1964,Muslehuddin,Fyaz Hashmi,Najma Niazi & Co.,
"Husn Ki Day Hamen Khairat, Bhala Hoga Tera..",Raat Kay Rahi,1960,A. Hameed,Fyaz Hashmi,Saleem Raza,
"Husn Ki Shama Jalay, Raat Tham Tham Kay Chalay..",Dil-e-Nadan,1960,G.A. Chishti,Tufail Hoshiarpuri,Naseem Begum,
"Husn Ko Chand, Jawani Ko Kanwal Kehtay Hayn..",Payel Ki Jhankar,1966,Rasheed Attray,Qateel Shafai,Saleem Raza,
"Husn Masoom, Ada Kamsin, Zulf Mein Raat Hay, Mukh Peh Til..",Kala Pani,1963,Rehman Verma,Mushir Kazmi,Batish,
"Husn Peh Hay Gharoor, Haseena Maasoom, Ham Dil Say Majboor..",Zindagi Kitni Haseen Hay,1969,M. Ashraf,Khawaja Parvez,Ahmad Rushdi,
"Husn Walay, Teri Kya Baat Hay, Subhan Allah..",Khota Paisa,1965,Rehman Verma,Qateel Shafai,Saleem Raza,
"Husn Walo Ka Sada Bura Anjam Hota Hay, Un Kay Nakhray..",Jab Say Dekha Hay Tumhen,1963,Sohail Rana,Himayat Ali Shair,Ahmad Rushdi,
Husn Walon Ko Jalanay Ki Buri Aadat Hay..,Aina,1966,Manzoor Ashraf,Khawaja Parvez,Masood Rana,
"Husn, Neyi Tehzeeb Kay Bazar Mein Hay..",Shehzadi,1960,Tasadduq Hussain,Nusrat Mansoori,Naseem Begum,
"Hussan Ko Ishq Ka Salaam, Salam, Salam..",Taj Mahal,1968,Nisar Bazmi,Tanvir Naqvi,Noorjahan & Co.,
"Huzoor, Bar-e-Khatir Jo Na Ho, Dekh Len Aap Idhar, Ik Inayat..",Dosheeza,1962,Master Inayat Hussain,Tanvir Naqvi,Nazir Begum,
"Huzoor, Dekhiye, Zaroor Dekhiye, Shabab Hay Nashay Mein..",Gulfam,1961,Rasheed Attray,Tanvir Naqvi,Naseem Begum,
"Huzoor, Hosh Mein Ayo Keh Raat Jati Hay..",Inqilab,1962,N.K. Rathoor,Dard Lakhnavi,Khursheed Begum,
"Idhar Aao, Tumharay Kaan Main Ik Baat Kehna Hay..",Pardah,1966,Safdar Hussain,Fyaz Hashmi,Saleem Raza,
"Idhar Bhi Dekhen Ik Nazar, Aap Ka Kya Jaye Ga..",Susral,1962,Hassan Latif,Tanvir Naqvi,Ahmad Rushdi,
"Idhar Bhi Gham, Udhar Bhi Gham, Beech Mein Ham..",Koh-e-Qaaf,1965,Tasadduq Hussain,Nusrat Mansoori,Irene Parveen,
"Idhar Bhi Karm Ki Nazar Ho, Khudaya..",Asslam-o-Alaikum,1969,Nazar,Masroor Zaidi,Saleem Shehzad & Co.,
"Idhar Dekh, Main Lakhon Mein Ek Hun..",Ghazala,1963,Rehman Verma,Mushir Kazmi,Irene Parveen,
"Idhar Haseen Samaa, Udhar Haseen Nazar, Tu Saath Saath Chal..",3 Phool,1961,Akhtar Hussain Akhian,Ghulam Rabbani,Naheed Niazi,
"Idhar, Allah Hi Allah Hay, Udhar, Allah Hi Allah Hay..",Mera Salaam,1966,Mohammad Ali Munnu,Muzaffar Warsi,Munir Hussain & Co.,
"Ijazat Do To Ham Jeyen, Savera Honay Wala Hay..",Aurat Ka Pyar,1964,Manzoor Ashraf,Mushir Kazmi,Naseem Begum,
"Ik Anokhi Baat Hui Hay, Jab Say Ayi Jawani..",Ghazala,1963,Rehman Verma,Mushir Kazmi,Irene Parveen,
"Ik Apna, Ik Begana, Sun Lo Dil Ka Afsana..",Mehkhana,1964,Nashad,Nakhshab,Naheed Niazi & Co.,
"Ik Arz Karay Parwana, Zara Pyar Ki Shama Jalana..",Fasana-e-Dil,1969,M. Ashraf,Khawaja Parvez,Ahmad Rushdi,
"Ik Aur Baat Mani, Ik Aur Zakham Khaya, Khud Ham Nay Apnay Hathon..",Badnam,1966,Deebo,Masroor Anwar,Masood Rana,
"Ik Bar Aur Apnay Galay Say Laga Lay, Maa..",Ashiq,1968,Nashad,Taslim Fazli,Masood Rana,
"Ik Bar To Haan Kar Do, Ankhon Say Mohabbat Kar Afsana Byan Kar Do..",Gulbadan,1960,Akhtar Hussain Akhian,Shabab Keranvi,Zubaida Khanum,
"Ik Chot Lagi Dil Peh, Jab Koi Chashm-e-Nargis Mehfil Mein Aaya..",Neelam,1963,Manzoor Ashraf,Mushir Kazmi,Nazir Begum,
Ik Deevanay Ka Is Dil Nay Kaha Maan Liya..,Qaidi,1962,Rasheed Attray,Qateel Shafai,Noorjahan,
"Ik Dil Nay Kahi, Ik Dil Nay Suni, Chupkay Say Kahani Ulfat Ki..",Chingari,1964,Khawaja Khursheed Anwar,Qateel Shafai,Saleem Raza,
"Ik Din Woh Aye Ga, Jis Din Is Dunya Mein..",Safaid Khoon,1964,Akhtar Hussain Akhian,Tanvir Naqvi,Noorjahan,
"Ik Firdous Hay, Maa Ki Aghosh Mein..",Phool Aur Kantay,1964,Mohammad Ali Munnu,Tishna Meeruti,Munir Hussain,
"Ik Haseen Meharbarn, Pyar Ka Yeh Samaan, Aap Say Sawal Hay..",Aashiana,1964,A. Hameed,Fyaz Hashmi,Mala,
Ik Haseen Mor Peh Takraye Hayn Beganay 2..,Alf Leila,1968,Tasadduq Hussain,Khawaja Parvez,Masood Rana,
"Ik Jadugar Matwalay Nay, Ik Reshmi Zulfon Walay Nay..",Son of Ali Baba,1961,Tasadduq Hussain,Tufail Hoshiarpuri,Kousar Parveen,
"Ik Jam, Khanakta Jam, Keh Saqi, Raat Guzarnay Wali Hay..",Gul Bakavli,1961,Safdar Hussain,Qateel Shafai,Iqbal Bano,
"Ik Main, Ik Tu, Taron Ki Barat Hay..",Jadugar,1961,Saleem Iqbal,Sahil Farani,Naheed Niazi,
"Ik Majboor Ki Aankh Ka Kajal, Bolo Kon Khariday Ga..",Main Zinda Hun,1968,Hassan Latif,Habib Jalib,Noorjahan,
"Ik Mera Chand, Ik Mera Tara, Ammi Ki Ladli, Abbu Ka Pyara..",Shukria,1964,Manzoor Ashraf,Mushir Kazmi,Naseem Begum,
"Ik Muddat Say, Deevana Dil, Khushiyon Ka Zamana Bhool Geya..",Karishma,1968,Hassan Latif,Tanvir Naqvi,Mujeeb Alam,
"Ik Nargis Masana, Chhalka Hua Peimana, Woh Lay Kay Aye..",Shabistan,1969,Tasadduq Hussain,Fyaz Hashmi,Mala,
"Ik Nazar Say Pyar Karun, Ik Nazar Say War, Khabardar..",Qanoon,1963,Khalil Ahmad,Tanvir Naqvi,Irene Parveen,
"Ik Nazar To Dekhiye, Hazoor-e-Wala, Main Hun Ik Mehboob Nirala..",Tumhi Ho Mehboob Meray,1969,M. Ashraf,Khawaja Parvez,Ahmad Rushdi,
"Ik Nazar, Jan-e-Man, Meray Sar Ki Qasm..",7 Rang,1965,Subal Das,Suroor Barabankvi,Abdul Jabbar,
"Ik Neya Gham Hay, Koi Barham Hay, Khuda Khair Karay..",Qulli,1968,Ali Hossain,Suroor Barabankvi,Masood Rana & Co.,
Ik Neye Mor Peh Lay Aye Hayn Halat Mujhay..,Ehsan,1967,Sohail Rana,Masroor Anwar,Mehdi Hassan,
Ik Neye Mor Peh Lay Aye Hayn Halat Mujhay..,Ehsan,1967,Sohail Rana,Masroor Anwar,Mala,
"Ik Pall Bhi Na Soyen Akhian, Teray Hijjar Mein Royen Akhian..",Ishrat,1964,Safdar Hussain,Qateel Shafai,Zubaida Khanum,
Ik Pall Mein Zindagi Ka Fasana Badal Geya..,Main Chup Rahun Gi,1966,Tasadduq Hussain,Muzaffar Warsi,Irene Parveen,
Ik Parday Mein Rehnay Walay Say Jalway Ka Taqaza Kar Baithay..,Zarina,1962,G.A. Chishti,Tufail Hoshiarpuri,Noorjahan,
"Ik Shair Hun Main, Ik Musawwur Hun Main, Aur Haseeno Ka..",Jameela,1964,Manzoor Ashraf,Mushir Kazmi,Ahmad Rushdi,
"Ik Silsala Hay Mout Ka, Jeena Teray Baghair..",Sanam,1965,A. Hameed,Fyaz Hashmi,Mala,
"Ik Sitam Aur Farma, Ik Karm Aur Farma..",Shararat,1963,Deebo,Himayat Ali Shair,Nighat Seema,
"Ik Sitam Aur Meri Jan, Abhi Jan Baqi Hay..",Saiqa,1968,Nisar Bazmi,Masroor Anwar,Mehdi Hassan,
"Ik Tera Aana, Ik Tera Jana, Tootay Huway Dil Ka Hay Afsana..",Mujhay Jeenay Do,1968,Khalil Ahmad,Fyaz Hashmi,Naseem Begum,
Ik Tum Milayy To Sara Jahan Mil Geya Hamen..,Sharik-e-Hayyat,1968,A. Hameed,Fyaz Hashmi,Mala,
"Ilahi, Aansoo Bhari Zindagi, Kisi Ko Na Day..",Hamen Bhi Jeenay Do,1963,C. Faiz,Masroor Anwar,Mehdi Hassan,
"In Haseeno Say Keh Do, Mahjabeeno Say Keh Do..",Asmat,1968,Masoom Rahim,Kaleem Usmani,Mujeeb Alam,
"In Mardon Say Allah Bachaye, Allah Bachaye, Mera Moula Bachaye..",Mr. X,1963,Lal Mohammad Iqbal,Shor Lakhnavi,Khursheed Begum,
"Inayat, Nawazish, Karm, Mehrbani, Hazoor, Aap Nay Mujh Ko..",Voh Kon Thi,1966,Nazir Jafri,Tishna Meeruti,Ahmad Rushdi,
"Insaf Na Tha, Jo Tu Nay Kiya, Day Itni Saza, Jitni Hay Khata..",Dosheeza,1962,Master Inayat Hussain,Tanvir Naqvi,Saleem Raza,
"Insan Yahan Bik Jata Hay, Yeh Dunya Kaisi Mandi Hay..",Moajza,1966,Akhtar Hussain Akhian,Sahil Farani,Saleem Raza,
Intezar Aur Zara Pyar Bhari Raton Ka..,Khandan,1964,Rehman Verma,Habib Jalib,Naseem Begum,
"Is Bagh Mein Rehnay Walon Nay, Ab Tak Kisi Ko Nahin Pehchana..",Jang-e-Azadi,1968,M. Ilyas,Fyaz Hashmi,Mala,
Is Bazm-e-Jahan Mein Kya Cheez Mohabbat Hoti Hay..,Devar Bhabhi,1967,Master Inayat Hussain,Fyaz Hashmi,Munir Hussain,
"Is Been Kay Sun Kay Bol, Ankh Bhar Ayi..",Bombay Vala,1961,Rehman Verma,Mushir Kazmi,Zubaida Khanum,
"Is Berukhi Kay Badley, Kuchh Aur Hi Saza Day..",Nateeja,1963,A. Hameed,Fyaz Hashmi,Munir Hussain,
Is Chand Peh Rehnay Do Halki Halki Si Ghata..,14vin Sadi,1969,Azam Baig,Fyaz Hashmi,Mehdi Hassan,
"Is Dil Mein Agar Jurrat-e-Izhar Nahin Hay, Tum Yeh Na Samjhana Keh..",Aurat,1965,Rasheed Attray,Qateel Shafai,Noorjahan,
"Is Dil Mein Basa Hau Jab Say Koi, Jazbat Mein Paida Shor Hua..",Jan-e-Arzoo,1968,Master Inayat Hussain,Qateel Shafai,Mala,
"Is Dunya Say Kar Shikwa, Na Gila, Jahan Pyar Kay Badlay Dard Mila..",14 Saal,1968,Rafiq Ali,Shorsh Dehlvi,Irene Parveen,
"Is Dunya Say Kar Shikwa, Na Gila, Jahan Pyar Kay Badlay Dard Mila..",14 Saal,1968,Rafiq Ali,Shorsh Dehlvi,Shoukat Ali,
Is Jahan Mein Aaj Bhi Insan Hay Insan Ka Ghulam..,Kafir,1967,Ilyas,Tanvir Naqvi,Mala & Co.,
Is Jhumti Mehfil Main Yun Raat Basar Ho Gi..,Pak Daaman,1969,Master Inayat Hussain,Qateel Shafai,Noorjahan,
"Is Papan Ka Naam Jawani Ray, Ho..",Mehkhana,1964,Nashad,Nakhshab,Naseem Begum,
"Is Shehr-e-Kharabi Mein, Gham-e-Ishq Kay Maray Zinda Hayn..",Mousiqar,1962,Rasheed Attray,Habib Jalib,Saleem Raza,
"Ishq Hay Husn Ka Mehman, Khuda Khair Karay..",Baghawat,1963,G.A. Chishti,Hazin Qadri,Irene Parveen,
"Itna Bhi Na Mohay Tarsao Na, Array Sayyan, Parrun Payyan..",Mala,1965,Khan Ataur Rahman,Suroor Barabankvi,Najma Niazi,
"Itnay Baray Jahan Mein, Koi Nahin Hamara..",Maa Kay Aansoo,1963,Manzoor Ashraf,Shabab Keranvi,Irene Parveen,
"Itnay Baray Jahan Mein, Koi Nahin Hamara..",Maa Kay Aansoo,1963,Manzoor Ashraf,Shabab Keranvi,Irene Parveen,
"Itnay Baray Jahan Mein, Mujh Sa Koi Nahin ..",Ishara,1969,Sohail Rana,Masroor Anwar,Ahmad Rushdi,
"Itnay Baray Safar Mein Aaj, Hey, Main To Tanha Hun..",Tanha,1964,Altaf Mehmood,Suroor Barabankvi,?,
"Itni To Na Tan, Aisay To Na Ban, Tootay Gi Akar, Khakam Badhan..",Geet Kahin Sangeet Kahin,1969,Master Tufail,Tanvir Naqvi,Ahmad Rushdi,
"Ja Dekha Pyar Tera, Khushion Kay Geet Chheenay, Loota Qarar Mera..",Sagar,1965,Khan Ataur Rahman,B.A. Deep (Basheer Ahmad),Basheer Ahmad,
"Ja Harjai, O BeWafa, Jiya Na Jala, Harjai..",14vin Sadi,1969,Azam Baig,Fyaz Hashmi,Noorjahan,
"Ja Ja Ri, Paiylia, Chain Mohay Aye Na..",Behan Bhai,1968,A. Hameed,Fyaz Hashmi,Mala,
"Ja Ja, Bedardi Sanwariya, Kahay Kheinchay Mori Chunriya..",Preet Na Janay Reet,1963,Subal Das,Suroor Barabankvi,Firdousi Begum,
"Ja Ja, Main To Say Na Hi Bolun..",Mousiqar,1962,Rasheed Attray,Tanvir Naqvi,Noorjahan,
"Ja Kay Susraal Gori, Maikay Ki Laaj Rakhna..",Haveli,1964,Khawaja Khursheed Anwar,Tanvir Naqvi,Noorjahan,
"Ja Pooch Mohallay Walon Say, Hay Mujh Ko Tujh Say Pyar.. Gori 3/4..",Chattan,1967,Rasheed Attray,Qateel Shafai,Batish,
"Ja Ray Be-Dardi Tu Nay, Kahin Ka Hamen Na Chhora..",Aashiana,1964,A. Hameed,Fyaz Hashmi,Mala & Co.,
"Ja Ray Bedardi, Tu Kya Janay Pyar, Tu To Bara Harjai..",Peigham,1964,A. Hameed,Fyaz Hashmi,Noorjahan,
"Ja Ray Bhanwaray, Ja Ray Ja..",Lakhon Fasanay,1961,Deebo,Akhtar Sikandari,Mukhtar Begum,
"Ja Ray Ja Balma, Tu Nay Samjhi Na Mann Ki Baat Ray..",Aur Bhi Gham Hayn,1960,Nathu Khan,Tamanna Siddiqi,Nazir Begum,
"Ja Ray Ja Papiya, Jahan Hayn Meray Pyaray..",Khaibar Pass,1964,Safdar Hussain,Mushir Kazmi,Noorjahan,
"Ja Ray Ja Ray, Meray Dhol Sipahi, Tera Allah Nigheban Ho..",Khamosh Raho,1964,Khalil Ahmad,Himayat Ali Shair,Naseema Shaheen,
"Ja Ray Ja Zalma, Main Nay Qurban Ki Yeh Jan, Magar Tu Nay Dil Tori Diya..",Ek Thi Maa,1960,Rehman Verma,Atish Ludhyanvi,Kousar Parveen,
"Ja Ray Ja, Zalma, Main Nay Qurban Ki Yeh Jan..",Khan Bahadur,1960,G.A. Chishti,Habib Jalib,?,
"Ja Ray Julmi, Pyar Kar Kay Sotiya Sang..",2 Rastay,1961,Master Inayat Hussain,Tufail Hoshiarpuri,Naseem Begum,
"Ja Ri Saheli, Sajanwa Kay Duwaray ..",Dil-e-Betab,1969,Master Inayat Hussain,Qateel Shafai,Mala & Co.,
"Ja Ri Sakhi, Tera Chand Sa Mukhra, Sheesh Naag Ko Bhaya..",Nachay Nagin Bajay Been,1965,Talib Hussain Jafri,Mushir Kazmi,Irene Parveen,
"Ja, Apni Hasraton Par, Ansoo Baha Kay So Ja..",Susral,1962,Hassan Latif,Munir Niazi,Noorjahan,
"Ja, Ja Ray Chanda, Ja Ray, Meray Bhayya Ko Tu Ja Kay La Day..",Heera Aur Pathar,1964,Sohail Rana,Masroor Anwar,Mala,
"Jaag Meray Lal, Tujhay Qoum Ko Jagana Hay..",Madr-e-Watan,1966,Saleem Iqbal,Saifuddin Saif,Naseem Begum,
Jaag Uthay Hayn Aaj Nazar Mein Kaisay Khawab Suhanay..,Akelay Na Jana,1966,Lal Mohammad Iqbal,Masroor Anwar,Waseem Farooqi,
"Jaag Uthi Hayn Dharkanay, Labbon Peh Kis Ka Naam Hay..",Daku Ki Larki,1960,Rasheed Attray,Kaleem Usmani,Naheed Niazi & Co.,
"Jaagen Tamam Raat, Jagaen Tamam Raat..",Khoon-e-Nahaq,1969,Bakhshi Wazir,Tanvir Naqvi,Runa Laila,
"Jab Badal Garjay, Bijli Chamkay, Jab Badal Garjay..",Pyar Ki Jeet,1969,Lal Mohammad Iqbal,Sehba Akhtar,Rehana Yasmin,
"Jab Badli Mein Chanda Chhup Jaye, Dil Gabhraye..",Salma,1960,Rasheed Attray,Zahoor Nazar,Naseem Begum,
Jab Bhi Chahen Ik Nei Surat Bana Letay Hayn Log..,Saza,1969,Nashad,Qateel Shafai,Mehdi Hassan,
Jab Bhi Koi Ada Teri Behla Gei Mujhay..,2 Rastay,1961,Master Inayat Hussain,Qateel Shafai,Naseem Begum,
"Jab Jhuk Jhuk Jayen Nain, Rahen BeChain, To Samjho Yey Mohabbat Hay..",Unchay Mahal,1962,Tufail Farooqi,Munir Niazi,Zubaida Khanum,
"Jab Kisi Say Pyar Karo, Dil Kay Sath, Jan Bhi Nisar Karo..",Azad,1964,Rasheed Attray,Ahmad Rahi,Noorjahan,
"Jab Koi Pyar Say Bulaye Ga, Tum Ko Eik Shakhsh Yaad Aye Ga..",Zindagi Kitni Haseen Hay,1969,Nisar Bazmi,Khawaja Parvez,Mehdi Hassan,
"Jab Nazar Say Nazar Lari Ho Gi, Kitni Purkaif Woh Gharhi Ho Gi..",Kala Aadmi,1963,Safdar Hussain,Qateel Shafai,Irene Parveen,
"Jab Pyar Mein 2 Dil Miltay Hayn, Main Sochta Hun..",Armaan,1966,Sohail Rana,Masroor Anwar,Ahmad Rushdi,
"Jab Raat Dhali, Tum Yaad Aye, Ham Door Nikkal Aye..",Kaneez,1965,Khalil Ahmad,Himayat Ali Shair,Ahmad Rushdi,
Jab Sanwli Sham Dhalay Aur Chand Ki Shama Jalay..,Shaheed,1962,Rasheed Attray,Qateel Shafai,Naseem Begum,
"Jab Sawan Gir Gir Aye, Koyelia Gaye, Balam, Tum Aa Jana..",Jaag Utha Insan,1966,Lal Mohammad Iqbal,Dukhi Premnagri,Mala & Co.,
Jab Say BeDardi Peh Dil Mora Aya Ray..,Phir Subah Ho Gi,1967,Nashad,Masroor Anwar,Runa Laila,
"Jab Say Bichhar Geye Ho Tum, Dil Ko Sakun Mila Nahin..",Shikari,1964,Muslehuddin,Qateel Shafai,Saleem Raza,
"Jab Say Dekha Hai Tumhen, Dil Ka Ajab Aalam Hay..",Jab Say Dekha Hay Tumhen,1963,Sohail Rana,Himayat Ali Shair,Saleem Raza,
"Jab Say Dikhain Tu Nay Ulfat Ki Rahen, Manzil Ko Dhoondti Hayn..",Naghma-e-Sehra,1966,Safdar Hussain,Qateel Shafai,Mala,
"Jab Say Geye Piya, Bheiji Nahin Pattian, Suni Suni Lagay Ray..",Haveli,1964,Khawaja Khursheed Anwar,Tanvir Naqvi,Noorjahan,
"Jab Say Milay Ho Tum, Rahun Mein Gum Sum..",Yateem,1967,Saleem Iqbal,Ahmad Rahi,Noorjahan,
"Jab Say Milaye Naina, Lakh Sanbhalun, Aye Na Chaina..",Insan,1966,Rasheed Attray,Qateel Shafai,Mala,
"Jab Say Tujhay Dekh Liya, Teri Qasm, Teray Ho Geye..",Nateeja,1963,A. Hameed,Mushir Kazmi,Zubaida Khanum,
"Jab Say Tum Ko Dekha Hay, Dil Peh Ikhtiar Nahin..",Aneela,1969,Nisar Bazmi,Masroor Anwar,Ahmad Rushdi,
"Jab Tasawwar Mein Kabhi, Aap Ko Pata Hay Dil..",Shab Bakhair,1967,Safdar Hussain,Aarzoo Akbarabadi,Mala,
"Jab Tum Akelay Ho Gay, Ham Yaad Ayen Gay..",Karvan,1964,Robin Ghosh,B.A. Deep (Basheer Ahmad),Basheer Ahmad,
"Jab Yaad Tumhari Aye Gi, Ham Chupkay Chupkay Ro Len Gay..",Insaf,1960,Nathu Khan,Baqar Rizvi,Nazir Begum,
"Jadoo Bhari Hay Raat, Chupkay Say Sun Lo Baat..",Unchay Mahal,1962,Tufail Farooqi,Munir Niazi,Zubaida Khanum,
"Jadoo Jagayen, Dekho Dekho, Pani Na Mangen..",7 Rang,1965,Subal Das,Suroor Barabankvi,Firdousi Begum,
"Jadugar, Be-Khabar.. Tu Nay Pyar Bhar Diya..",Raqqasa,1965,Master Rafiq Ali,Mushir Kazmi,Irene Parveen,
Jagmag Jagmag Raat Hay Lai Khushiyon Kay Afsanay..,Nadira,1967,Rehman Verma,Mushir Kazmi,Mala,
"Jagnay Walo, Jago Magar, Khamosh Raho, Kal Kya Ho Ga..",Khamosh Raho,1964,Khalil Ahmad,Habib Jalib,Naheed Niazi,
"Jagtay Rehna, Sun Kar Apni Tanhai Ka Shor..",Dil-e-Betab,1969,Master Inayat Hussain,Qateel Shafai,Mala,
"Jahan Jao Gay, Mujhay Bhi Wahin Pao Gay..",Gul Bakavli,1961,Safdar Hussain,Qateel Shafai,Naheed Niazi,
"Jahan Phool Bhi Hayn Aur Kantay Bhi, Tumhen Us Gulshan Mein Jeena Hay..",Yateem,1967,Saleem Iqbal,Fyaz Hashmi,Masood Rana,
"Jail Bana Ghar Bar Hamara, Malik Kheevan Har Hamara..",Laggan,1960,Azam Baig,Munir Niazi,Saleem Raza & Co.,
"Jaisay Jantay Nahin, Pehchantay Nahin..",Aag,1967,Nisar Bazmi,Masroor Anwar,Ahmad Rushdi,
"Jaisay Taisay Beet Geya Din, Raat Baton, Kaisay..",Ishara,1969,Sohail Rana,Masroor Anwar,Waheed Murad,
"Jaiye, Hatt Jaiye Yeh Dil Lagi Achchhi Nahin..",Dard,1969,M. Ashraf,Shabab Keranvi,Irene Parveen,
"Jal Mat Gori, Sulag Mat Gori, Haar Maan Lenay Mein Shaan Hay Tori..",Parosi,1968,Wazir Afzal,Zahoor Nazar,Ahmad Rushdi,
"Jall Geya Mera Chamman, Barbad Hay Mera Jahan..",Elaan,1967,Master Inayat Hussain,Tanvir Naqvi,Noorjahan,
Jalta Hay Zamana Janlnay Day.. Is Raat Ko Yunhi Dhalnay Day..,14 Saal,1968,Mohammad Ali Munnu,Shorsh Dehlvi,Naheed Niazi,
Jalti Aag Ko Shama Bana Kar Raqs Karay Parwana..,Zarqa,1969,Rasheed Attray,Riaz Shahed,Munir Hussain,
"Jalti Hui Shama Gul Kar Do, Seeno Mein Charaghan Kar Do..",Neelofar,1960,Safdar Hussain,Ahmad Rahi,Naseem Begum,
"Jalway Hijab Mein, Masti Shabab Mein, Ik Shah-e-Khooban..",Shabistan,1969,Tasadduq Hussain,Fyaz Hashmi,Mala,
"Jam Chhalka, Sharabi Zindagi Hay, Nasha Bhi..",C.I.D.,1969,Bakhshi Wazir,Muzaffar Warsi,?,
"Jam Hay Meray Haath Mein, Jaan Hay Teray Haath Mein..",Waqt Ki Pukar,1967,Nisar Bazmi,Fazal Karim Fazli,Naheed Niazi,
"Jam Say Peena Chhor Bhi Day, Peimano Ko Tor Bhi Day..",Al-Hilal,1966,Rasheed Attray,Qateel Shafai,Mala,
"Jam Tera Agar Khali Hay, Ankhon Say Tu Pee Lay..",Dil Nay Tujhay Maan Liya,1963,Muslehuddin,Himayat Ali Shair,Najma Niazi & Co.,
"Jan Geyi Ray, Chupkay Say Teray Dil Mein Kon Aya Ray..",Talash,1963,Robin Ghosh,Suroor Barabankvi,Firdousi Begum & Co.,
"Jan Ka Malik Ooper Baitha, Karay Hifazat Jan Ki (bol)..",Taqdeer,1966,Deebo,Fyaz Hashmi,Masood Rana,
Jan Keh Kar Jo Bulaya To Bura Maan Gaye..,Mehkhana,1964,Nashad,Nakhshab,Saleem Raza,
"Jan-e-Bahar, Jan-e-Tamanna, Tum Hi To Ho, Dil Nay Samjh Liya Apna..",Insaniyat,1967,Manzoor Ashraf,Shabab Keranvi,Ahmad Rushdi,
"Jan-e-Baharan, Rashk-e-Chamman, Ghuncha Dehan, Seemi Badan..",Azra,1962,Master Inayat Hussain,Tanvir Naqvi,Saleem Raza,
"Jan-e-Jan, Pyar Aa Raha Hay, Yun Na Dekho Pyar Say..",Head Constable,1964,Nisar Bazmi,Mouj Lakhnavi,Saleem Raza,
"Jan-e-Man, Aaj Tu Jo Paas Nahin, Jan-e-Shirin Mein Wo Mithas Nahin..",Waqt Ki Pukar,1967,Nisar Bazmi,Fazal Karim Fazli,Mehdi Hassan,
"Jan-e-Man, Aaj Tu Jo Paas Nahin, Jan-e-Shirin Mein Wo Mithas Nahin..",Waqt Ki Pukar,1967,Nisar Bazmi,Fazal Karim Fazli,Mala,
"Jan-e-Mann Itna Bata Do, Mohabbat Hay Kya..",Commander,1968,Master Abdullah,Mushir Kazmi,Runa Laila,
"Jan-e-Mann, Janan-e-Mann, Yeh Khat Nahin, Nazrana Hay..",Dulhan,1963,Rasheed Attray,Fyaz Hashmi,Mala,
"Jan-e-Mann, Sharma Kay Kyun Nazren Jhuka Lin Aap Nay..",Jameela,1964,Manzoor Ashraf,Mushir Kazmi,Ahmad Rushdi,
"Jan-e-Tamana, Khat Hay Tumhara, Pyar Bhara Afsana..",Chand Aur Chandni,1968,Karim Shahabuddin,Suroor Barabankvi,Ahmad Rushdi,
"Jan-e-Tamanna, Zara Tu Rukna, Aisay Na Rooth Kay Jao..",Is Dharti Par,1967,Khondkar N. Alam,M.Y. Sagar,?,
"Janab-e-Aali, O Banda Parwar, Hazoor-e-Wala, O Mister..",Dil day Kay Dekho,1969,Sohail Rana,Fyaz Hashmi,Irene Parveen & Co.,
Janay Kiasay Logon Mein Taqdeer Mujhay Lay Ayi Hay..,Jadugar,1961,Nazir Jafri,Sahil Farani,Naseem Begum,
Janay Kis Rah Peh Lay Aai Zindagi..,Mera Ghar Meri Jannat,1968,Manzoor Ashraf,Khawaja Parvez,Mala,
"Janay Kya Kya Sochay Yeh Jawani, Touba..",Burma Road,1967,Safdar Hussain,Fyaz Hashmi,Mala & Co.,
"Janay Kyun Dharkay Mera Dil, Mera Dhalkay Anchal..",20 Din,1964,Sohail Rana,Masroor Anwar,Naheed Niazi,
"Janay Ma.. Ruh-e-Tamanna, Husn-e-Sarapa, Jant-e-Shouq..",Jan Pehchan,1967,Muslehuddin,Nasir Kasganjvi,Naheed Niazi,
"Janay Mujhay Kya Ho Geya Hay, Kaisa Nasha Chhanay Laga Hay..",Neyi Laila Neya Majnu,1969,Tasadduq Hussain,Mouj Lakhnavi,Mala,
"Janay Mujhay Kya Ho Geya, Aji, Mera Dil Kho Geya..",Bhayya,1966,Robin Ghosh,Ishrat Kalkatvi,Ahmad Rushdi,
"Janay Na Ham Ko Zamana, Rahi Hun Ik Mastana..",Parvana,1966,Ali Sahili,Akhtar Yousuf,Ahmad Rushdi,
"Janay Na Piya, Mori Batian, Dharkat Chhatian, Hey Main..",Unchay Mahal,1962,Tufail Farooqi,Munir Niazi,Iqbal Bano,
"Janay Na Yeh Jahan, Meray Gham Ki Lagi, Jal Geya Aashiyan..",Paisay,1964,Robin Ghosh,Shair Siddiqi,Firdousi Begum,
"Janay Yeh Kaisi Baharen Aa Gein, Soi Kalian Jagin..",Parvana,1966,Ali Sahili,Akhtar Yousuf,Firdousi Begum,
"Janay Yeh Kya Mujh Ko Hua, Phoolon Kay Sang Hun Maggan..",Uljhan,1967,Noor Alam Khandkar,Yaqoob Saghar,Firdousi Begum,
"Janbaz Hayn Ham, Batil Kay Khudaon Say Keh Do..",Janbaz,1966,G.A. Chishti,Zahoor Nazim,Masood Rana,
"Jane Kal Talak Teri Hayat Ho Na Ho, Jhoom Lay, Jhoom Lay..",Hamraz,1967,Khawaja Khursheed Anwar,Qateel Shafai,Noorjahan,
"Jao Gay Kahan Bach Kay, Hey Moray Raja Rangeelay..",Ham Ek Hayn,1961,?,Fyaz Hashmi,Kousar Parveen,
"Jao Ghazi, Ja Meray Chand Say Bhayya Ko Dhoond Kay La..",Dil Kay Tukray,1965,Safdar Hussain,Fyaz Hashmi,Mala & Co.,
"Jao Na Chhero Hamen, Aap Baray Woh Hayn..",Aurat Ka Pyar,1964,Manzoor Ashraf,Mushir Kazmi,Naseem Begum,
"Jao Sitaro, Unhen Dhoond Lao Ya Khud Doob Jao..",Shehanshah-e-Jahangir,1968,Kemal Ahmad,Rasheed Sajid,Noorjahan,
"Jao, Ab Tum Say Mujhay Pyar Nahin, Tum Wafadar Nahin..",Seema,1963,Master Inayat Hussain,Arif Razmi,Naheed Niazi,
"Jao, Woh Bewafa Sahi, Haan, Woh Sitam Sa'ar Hay..",Shehzadi,1960,Tasadduq Hussain,Nusrat Mansoori,Naheed Niazi,
"Jarjet Ki Orhni.. ChhamChham Nachun Ray, Nachun Main Beech Bazaar..",Khyber Mail,1960,G.A. Chishti,G.A. Chishti,Zubaida Khanum,
"Jashn-e-Intekhab Hay Yeh, Kuchh Is Ada Say Woh Jalwagar ..",Sonay Ki Chirya,1968,Tasadduq Hussain,Qateel Shafai,Mehdi Hassan,
"Jawab Day, Be-Wafa Zamanay, Jawab Day..",Commander,1968,Master Abdullah,Tanvir Naqvi,Noorjahan,
Jawab Day.. Gharib Dil Ki Mohabbat Pukarti Hay Tuhjhay..,Darvaza,1962,Saleem Iqbal,Saifuddin Saif,Saleem Raza,
"Jawab Do Na Do, Leikan Mera Salam To Lo..",Bhayya,1966,Robin Ghosh,Ishrat Kalkatvi,Masood Rana,
"Jawan Jazbon Ka Hay Taqaza, Qadam Qadam Larkharana..",Aavara,1968,Muslehuddin,Ahmad Rahi,Nazir Begum,
"Jawanai Kay Din Hayn, Umangon Ki Raten..",Meri Dosti Mera Pyar,1968,Tasadduq Hussain,Riazur Rehman Saghar,Ahmad Rushdi,
"Jawani Ka Zamana Ho, Jawani Ka Zamana Ho..",Majboor,1966,Tasadduq Hussain,Qateel Shafai,Nighat Seema & Co.,
"Jawani Kay Din Bhi Qyamat Kay Din Hayn, Tumhari Qasm Yeh..",Sartaj,1965,Safdar Hussain,Fyaz Hashmi,Mala,
"Jawani Kay Din Hayn, Phir Ayen Na Ayen..",Suhag,1963,Akhtar Hussain Akhian,Afzal,Kousar Parveen,
Jawani Kay Sang Chalun.. Keh Aya Mousam Bahar Ka..,Nadira,1967,Kemal Ahmad,Muzaffar Warsi,Mala & Co.,
"Jawani Muskaraye, Gungunaye, Gaye, Teray Meray Pyar Kay Din Aye..",Gul Bakavli,1961,Safdar Hussain,Qateel Shafai,Zubaida Khanum,
"Jawani Shola Hay, Mohabbaat Shabnam Hay..",Naghma-e-Sehra,1966,Safdar Hussain,Qateel Shafai,Naseem Begum & Co.,
Jazba-e-Ishq Salamat Hay To Ham Deken Gay..,BeKhabar,1961,Bakhshi Wazir,Younis Rizvi,Naheed Niazi,
"Jee Bhar Kay Nazar, Taktay Ho Idhar, Kaho, Dil Mein Kya Baat Hay..",Salma,1960,Rasheed Attray,Qateel Shafai,Naseem Begum,
"Jee Chahita Hay, Dil Mein Basa Len, Kisi Ko Ham Ban Kar..",Dil-e-Nadan,1960,G.A. Chishti,Tufail Hoshiarpuri,Munir Hussain,
"Jee Ko Main Samjha Leti, Par Nain Rukkay Na Rukkay..",Teray Shehar Mein,1965,Hassan Latif,Habib Jalib,Noorjahan,
"Jee Na Sakun Ga, Lo Yeh Keh Dia, Dil Say Bhulaya Mera Pyar Kyun..",Zindagi,1968,Master Abdullah,Saleem Kashar,Ahmad Rushdi,
"Jee Na Sakun Ga, Lo Yeh Keh Diya..",Honhaar,1966,A. Hameed,Fyaz Hashmi,Mehdi Hassan,
"Jee, Dekha Jo Unhen, Dil Nay Chupkay Say Kaha, Heye..",Aashiana,1964,A. Hameed,Fyaz Hashmi,Ahmad Rushdi,
"Jeena Hay Pyaray To Pyar Kijiye, Aye Ho Tum Dunya Mein Pyar Kay Liye..",Baharen Phir Bhi Ayen Gi,1969,Shamim Nazli,Khawaja Parvez,Ahmad Rushdi,
"Jeena Nahin Hay Asan, Sansar Mein Thakana..",Yeh Bhi Ek Kahani,1964,Karim Shahabuddin,Z.R. Mani,Abdul Hadi,
"Jeenay Walo Martay Kyun Ho, Zinda Rehna Seekho..",Pak Daaman,1969,Master Inayat Hussain,Qateel Shafai,Mala,
"Jeeti Rahi To, Touba, Shadi Nahin Karaun Gi..",Rusvai,1966,Saleem Iqbal,Shehzad Ahmad,Irene Parveen & Co.,
"Jeevan Ki In Rahon Mein, Anjan Musafir Miltay Hayn..",Doctor,1965,Azam Baig,Shoukat Hashmi,Saleem Raza,
"Jeevan Mein Aag Laga Di Ray, Kyun Chheen Liya Suhag Mera Ray..",Gharib,1960,Nazir Sheeley,Rais Khumar,Aniqa Bano,
"Jhanjhrawa Jhannan, Tan Tan Bajay, Sakhi Ray..",Seema,1963,Master Inayat Hussain,Qateel Shafai,Naheed Niazi,
"Jhar Beria Kay Bair Matt Toro Gee, Sajnawa Keh Hey..",Ishq Par Zor Nahin,1963,Master Inayat Hussain,Qateel Shafai,Naseem Begum,
"Jhatak Kay Daaman, Chali Hay Tann Kay..",Habu,1961,Azam Baig,Tanvir Naqvi,Mala,
"Jhatak Kay Daaman, Chali Ho Tann Kay, Thehar Geyi Do Qadam..",Habu,1961,Azam Baig,Tanvir Naqvi,Saleem Raza,
"Jhilmil Si Raat Ho.. Kyun Na Iqrar Karun, Meray Sanam..",Dil day Kay Dekho,1969,Sohail Rana,Fyaz Hashmi,Irene Parveen,
Jhoola Thandi Thandi Hawa Nay Jhulaya Hay..,Izzat,1960,Nazir Ajmeri,Tufail Hoshiarpuri,Kousar Parveen,
"Jhoolay Na Jhalaye, Ayi Raat Sawan Ki, Naina Lagay Tum Sang..",Mousiqar,1962,Rasheed Attray,?,?,
"Jhoom A Dil, Woh Mera Jan-e-Bahar Aaye Ga..",Dil Mera Dharkan Teri,1968,Master Inayat Hussain,Qateel Shafai,Masood Rana,
"Jhoom Jhoom Kay Aye, Pyar Kay Baadal Chhaye..",Husn-o-Ishq,1962,Safdar Hussain,Aziz Meeruti,Zubaida Khanum & Co.,
"Jhoomay Jhoomay Aasman, Nachay Nachy Yeh Zamin..",Aladdin Ka Beta,1960,G.A. Chishti,Ahmad Rahi,Naheed Niazi,
"Jhoomay Ray Mera Dil, Yeh Faza, Yeh Samaa..",Ham Ek Hayn,1961,?,Fyaz Hashmi,Kousar Parveen,
"Jhoomen Faza, Gaye Hawa, Ham Tum Dono Say Mil Kar Pyar Ki Rahon Mein..",Dara,1968,Master Rafiq Ali,Mushir Kazmi,Irene Parveen,
"Jhoomen Kalian, Bagiya Mein Ayi Rut Bahar Ki..",Chhotay Sahib,1967,Ali Hossain,Akhtar Yousuf,Mala & Co.,
"Jhoomta Hay Aasman, Jhoomti Hay Yeh Zamin..",Subah Kahin Sham Kahin,1961,Nazir Jafri,Zahoor Nazar,?,
Jhootay Dhan Doulat Ki Khatir Bech Na Tu Iman..,Heera Aur Pathar,1964,Sohail Rana,Masroor Anwar,Saleem Shehzad,
"Jhootay Piya, Hatto Jee, Jao Jee, BeIman Ho Tum..",Aurat Ka Pyar,1964,Manzoor Ashraf,Mushir Kazmi,Nazir Begum,
Jhootay Waaday Bhi Un Kay Pyaray Hayn..,Inqilab,1962,N.K. Rathoor,Dard Lakhnavi,Khursheed Begum,
"Jhootay Waado Say Na Dil Behlaiye, Jayie, Haan Banda Parwar..",Andaleeb,1969,Nisar Bazmi,Kaleem Usmani,Runa Laila,
"Jhootay Zamanay Bhar Kay, Batiyan Tahari Jhooti Hayn Sari..",Landa Bazar,1964,Tasadduq Hussain,Tanvir Kazmi,Irene Parveen,
"Jhooti Hay Yeh Sari Nagri, Jhoota Hay Sansar..",Mala,1965,Khan Ataur Rahman,Suroor Barabankvi,Ahmad Rushdi,
"Jhuk Jhuk Salam Karen Mujh Ko Nazaray, Meri Nigahon Mein Chamken Sitaray..",Maa Beta,1969,Master Inayat Hussain,Masroor Anwar,Mala,
"Jhuk Jhuk Salam Kartay Hayn, Sab Ko Salam..",Dr. Sheitan,1969,Hassan Latif,Khaleeq Ahmad Khaleeq,Irene Parveen,
"Jhuki Jhuki Ankhyon Ka Lelo Salam, O Babu..",Nachay Nagin Bajay Been,1965,Talib Hussain Jafri,Mushir Kazmi,Nazir Begum,
"Jhumka Gir Geyo Ray Mora, Karachi Kay Bajar Mein..",Maa Kay Aansoo,1963,Manzoor Ashraf,Mushir Kazmi,Nazir Begum,
"Jiara Tarsay, Dekhnay Ko, Ik Rut Beeti, Ik Rut Ayi..",Mahal,1968,Rasheed Attray,Tanvir Naqvi,Noorjahan,
"Jidhar Dekhta Hun Main, Udhar Tu Hi Tu Hay..",Darshan,1967,Basheer Ahmad,Basheer Ahmad,Basheer Ahmad,
Jin Ko Nazar Aye Thay In Ankhon Mein Sitaray..,Mehman,1969,Master Inayat Hussain,Qateel Shafai,Mala,
"Jis Darr Say Muraden Milti Hayn, Us Dar Peh Deevanay Aa Pohnchay..",Shehanshah-e-Jahangir,1968,Kemal Ahmad,N/A,Masood Rana,
"Jis Kay Geeton Nay Kiya Dil Peh Asar, Kon Hay Woh..",Jameela,1964,Manzoor Ashraf,Mushir Kazmi,Nazir Begum,
"Jis Ki Jeib Mein Chhankay Chandi, Sab Dunya Hay Us Ki Bandi..",Khota Paisa,1965,Rehman Verma,Qateel Shafai,Nazir Begum,
"Jis Nay Churai Neend Hamari, Ham Un Ko Pehchan Geye..",Zanjeer,1960,Feroz Nizami,Kaleem Usmani,Saleem Raza,
"Jis Nay Itna Gham Diya Mujh Ko, Allah Hamesha Bhala Karay..",Rupban,1965,Satiya Saha,Ayaz Aasim,Naina Khan,
"Jis Nay Lagai Mehndi Meray Hath Ko, Jis Nay Dikhai Mujhay Rah..",Vah Bei Vah,1964,Master Abdullah,Master Abdullah,Mala,
"Jis Nay Meray Dil Ko Dard Diya, Us Shakal Ko Main Nay Bhulaya Nahin..",Susral,1962,Hassan Latif,Munir Niazi,Mehdi Hassan,
"Jis Peh Kiya Eitbar, Usi Nay Diye Gham Peh Gham..",Nehlay Peh Dehla,1964,Muslehuddin,Fyaz Hashmi,Naheed Niazi,
"Jisay Chaha, Usay Apna Bananay Kay Din Aaye..",Kangan,1969,Basheer Ahmad,Basheer Ahmad (B.A. Deep),Bashir Ahmad,
"Jitna Bhulao Gay Tum Hamen, Ham Yaad Aatay Jayen Gay..",Tanha,1964,Altaf Mehmood,Suroor Barabankvi,?,
"Jiya Dharkay, Sanwariya, Aisay Na Baja Bansuriya..",Is Dharti Par,1967,Khondkar N. Alam,M.Y. Sagar,?,
"Jiya Gaye, Tara Ra Ra Rum, Gori Nachay, Chham Chham Chham..",Ek Dil 2 Divanay,1964,Muslehuddin,Tanvir Naqvi,Zubaida Khanum,
"Jiya Mora Jhoomay, Naino Mein Hey Sappan Lehraye..",Shaheed Titumir,1969,Mansoor Ahmad,Basheer Ahmad (B.A. Deep),Sabina Yasmin,
"Jo Aya Husn Dunya Mein, To Har Shay Par Nikhar Aya..",Sartaj,1965,Safdar Hussain,Fyaz Hashmi,Munir Hussain,
"Jo Bhi Sharabi Dikhta Hay, Nain Sharabi Rakhta Hay..",Subah Kahin Sham Kahin,1961,Nazir Jafri,Zahoor Nazar,Zubaida Khanum,
"Jo Dekhti Hun Aaj Main, Yeh Khawab To Nahin..",Aisa Bhi Hota Hay,1965,Nisar Bazmi,Masroor Anwar,Irene Parveen,
"Jo Dil Ko Tortay Hayn, Un Ka Bhi Jawab Nahin..",Aashiana,1964,A. Hameed,Fyaz Hashmi,Munir Hussain,
"Jo Dil Mein Ujala To Jagg Mein Ujala, Mohabbat Hamesha Tera Bol Bala..",Charagh Jalta Raha,1962,Nahal Abdullah,Fazal Ahmad Karim Fazli,Noorjahan,
"Jo Doulat Par Akratay Hayn, Zaleel-o-Khawar Hotay Hayn..",Sartaj,1965,Safdar Hussain,Fyaz Hashmi,Ahmad Rushdi,
"Jo Ham Nay Pyar Say Dekha, To Tum Nay Kyun Bura Mana..",Honhaar,1966,A. Hameed,Fyaz Hashmi,Noorjahan,
"Jo Hamguzar Rahay Hayn, Woh Zindagi To Nahin..",Saiqa,1968,Nisar Bazmi,Masroor Anwar,Mala,
Jo Hijr-e-Nabi (saw) Mein Ro Ro Kay Din Raat Guzartay Hayn..,Mera Salaam,1966,Mohammad Ali Munnu,Muzaffar Warsi,Nazir Begum,
"Jo Hona Tha, So Ho Chuka, Ab Kahay Ka Soug Manati Hay..",Rivaj,1965,Master Inayat Hussain,Qateel Shafai,Mala,
"Jo Kahin Mujh Ko Baharon Ka Khuda Mil Jata, Poochhta, Jan-e-Mann..",Akelay Na Jana,1966,Lal Mohammad Iqbal,Sehba Akhtar,Mehdi Hassan,
"Jo Kisi Kay Qareeb Hotay Hayn, Woh Baray Khushnaseeb Hotay Hayn..",Shabnam,1965,A. Hameed,Fyaz Hashmi,Saleem Raza,
"Jo Kisi Nay Na Kiya, Mujhay Aisa Pyar Karo..",Khoon Ki Pyas,1963,Safdar Hussain,Mushir Kazmi,Naseem Begum,
"Jo Mangna Hay Mang Lay, Allah Say Ameer, Us Dar Par Aabroo..",Saaz aur Aavaz,1965,Hassan Latif,Habib Jalib,Munir Hussain,
"Jo Mujhay Dekhta Hay, Samjhata Hay Sharabi..",Aneela,1969,Nisar Bazmi,Masroor Anwar,Runa Laila,
"Jo Na Hota Tera Jamal Hi, Salu-Elai-Hi-Wa-Ale-Hi..",Ayaz,1960,Khawaja Khursheed Anwar,Tanvir Naqvi,Zubaida Khanum & Co.,
"Jo Rakh Na Ho Jaye, Woh Parwana Nahin Hay..",Koh-e-Qaaf,1965,Tasadduq Hussain,Nusrat Mansoori,Naheed Niazi,
"Jobanwa Peh Rang Sakhi Ayo Ray, Dekho Ayo Ray..",Suraj Mukhi,1962,Master Abdullah,Basheer Manzar,Mala & Co.,
"Juda Kisi Say, Kisi Ka Kabhi Mehboob Na Ho..",Daaman,1963,Khalil Ahmad,Himayat Ali Shair,Munir Hussain,
Jugg Jugg Khushian Manaye Mera Lal..,Naheed,1968,Nashad,Sarfaraz Amir,Irene Parveen,
"Julmi Aa Ja, Aa Ja, Julmi Dil Ko Jala Geyo..",Taqdeer,1966,Deebo,Fyaz Hashmi,Noorjahan,
"Julmi Bulaye Mujhay Aa, Manwa Kahay Mujhay Na Na Jana..",Samundar,1968,Deebo,Sehba Akhtar,Irene Parveen,
"Julmi Din Hayn 16 Saal Kay, Ni Kurriye, Zara Dekh Bhal Kay..",Aavara,1968,Muslehuddin,Fyaz Hashmi,Ahmad Rushdi & Co.,
"Jungle Mein Mor Nacha, Kis Nay Dekha..",Aasra,1969,Nisar Bazmi,Masroor Anwar,Runa Laila,
"Kaan Meyn Jhumka Dholay, Chupkay Say Kuchh Bolay, Kya Bolay..",Badnam,1966,Deebo,Tanvir Naqvi,Irene Parveen,
"Kabhi Ham Nay, Kabhi Tum Nay, Piya Hay Jam Ulfat Ka..",Saza,1969,Nashad,Qateel Shafai,Mala,
Kabhi Kabhi Jab Main Tanha Beithti Hun..,Neela Parbat,1969,Piyarang Qadir,Piyarang Qadir,Aniqa Bano,
"Kabhi Mohabbat Shabnam Hay, Kabhi Mohabbat Shola Hay..",3 Phool,1961,Saleem Iqbal,Ghulam Rabbani,Zubaida Khanum & Co.,
"Kabhi Nachun, Kabhi Gaun, Kaisay Tujh Ko Bataun..",Josh-e-Inteqam,1968,Tasadduq Hussain,Mushir Kazmi,Mala,
Kabhi Naiki Bhi Us Kay Jee Mein Gar Aa Jaye..,Ghalib,1961,Tasadduq Hussain,Mirza Ghalib,Noorjahan,
"Kabhi Tham Tham Chalun, Kabhi Chham Chham Chalun..",Suraj Mukhi,1962,Master Abdullah,Basheer Manzar,Mala,
"Kabhi Tum Bhi Ham Say Thay Ashna, Tumhen Yaad Ho Keh Na Yaad Ho..",Ghoonghat,1962,Khawaja Khursheed Anwar,Tanvir Naqvi,Noorjahan,
"Kahan Chalay Ho Bach Kay, Meri Zulfon Ki Zanjeer Say..",Khota Paisa,1965,Rehman Verma,Qateel Shafai,Nazir Begum,
"Kahan Chalay Ho Sajjan, Mukh Morr Kay, Akeli Mujhay Chhor Kay..",Ghaddar,1964,Rehman Verma,Habib Jalib,Mala,
"Kahan Chalay Ho, Tehar To Jao, Na Chhup Sako Gay..",Wali Ehad,1968,Khalil Ahmad,Kaleem Usmani,Ahmad Rushdi,
"Kahan Chalay, Aali Janab, Chhoriye Yeh Hijab..",Main Voh Nahin,1967,A. Hameed,Himayat Ali Shair,Ahmad Rushdi,
"Kahan Geya Ray, Ja Kay Bhi Jo Nahin Geya Meray Dil Say..",Tumhi Ho Mehboob Meray,1969,M. Ashraf,Khawaja Parvez,Mala,
"Kahan Hay Tu, Keh Ankhon Mein Teray Gham Ka Basera Hay..",Preet Na Janay Reet,1963,Subal Das,Suroor Barabankvi,Firdousi Begum,
"Kahan Ho Tum Ko Dhoond Rahi Hayn, Yeh Baharen, Yeh Samaa..",Chakori,1967,Robin Ghosh,Akhtar Yousuf,Nadeem,
"Kahan Ho Tum Sahelio, Happy Birth Day To You..",Hamraz,1967,Khawaja Khursheed Anwar,Qateel Shafai,Noorjahan & Co.,
"Kahan Ho Tum, Chalay Aao, Hamen Kyun Statay Ho..",Ek Dil 2 Divanay,1964,Tasadduq Hussain,Mushir Kazmi,Irene Parveen,
"Kahan Ho, Baharon Ki Yeh Shaam, Yeh Samaa, Pukaray Tujhay..",Anari,1969,Ali Hossain,Akhtar Yousuf,Ahmad Rushdi,
"Kahan Rattian Ganwain, Kahan Akhian Milain, Mujhay Itna To Bata..",Aurat,1965,Rasheed Attray,Qateel Shafai,Noorjahan,
"Kahan Tak Zamanay Ka Shikwa Karen, Zamanay Kay Sadmay..",Shikva,1963,Hassan Latif,?,Noorjahan,
"Kahay Badra Kahay, Us Preetam Ki Ghir Ghir Yaad Dalaye..",Chhotay Sahib,1967,Ali Hossain,Akhtar Yousuf,Mala,
"Kahay Chup Chup Roye Manwa, Kahay Chup Chup Roye..",Jhalak,1964,Khalil Ahmad,Himayat Ali Shair,Naheed Niazi,
"Kahay Jadoo Kiya, Hey, Kaisay Aye Mohay Nindiya, Piya..",Hamsafar,1960,Muslehuddin,Tanvir Naqvi,Naheed Niazi,
"Kahay Ko Byahi Badlen Ray, Babul Moray, Main Gori..",Ham Ek Hayn,1961,?,Fyaz Hashmi,Zubaida Khanum,
"Kahay Ko Byahi Badlin, Sun Babul Moray..",Charagh Jalta Raha,1962,Nahal Abdullah,Ameer Khusro,Iqbal Bano & Co.,
"Kahay Ko Jhaggar Kay, Chalay Ho Akkar Kay..",Zamana Kya Kahay Ga,1961,Muslehuddin,Nazim Panipati,Ahmad Rushdi,
"Kahay Ko Main Nay Pyar Kiya, Dil Ko Gham Ka Dagh Diya..",Aurat Ek Kahani,1963,Masoom Rahim,Habib Jalib,Noorjahan,
"Kahay Mann Chahay To Say Baalam, Kaisay Kahun..",Kalay Log,1965,Akhtar Hussain Akhian,Tanvir Naqvi,Irene Parveen,
"Kahin 2 Dil Jo Mil Jatay, Bigarta Kya Zamanay Ka..",Saheli,1960,A. Hameed,Fyaz Hashmi,Saleem Raza,
"Kahin Aur Yeh Been Baja, Jogi, Rokay Say Main Ruk Na Sakun Gi..",Kon Kisi Ka,1966,Manzoor Ashraf,Habib Jalib,Mala,
"Kahin Dil Peh Na Jadoo Kar Jaye, Yeh Mehrbani, Array Touba..",Banjaran,1962,Deebo,Fyaz Hashmi,Masood Rana,
"Kahin Na Kahin, Kabhi Na Kabhi, Array Dil To Kisi Say Lagao Gay..",Talash,1963,Robin Ghosh,?,Basheer Ahmad,
"Kahin Ro Para Tabassum, Kahin..",Jeena Bhi Mushkil,1969,Jalal Ahmad,N/A,Mohayuddin Nabi,
"Kahiye, Kahan Peh Guzri, Jawani Ki Yeh Bahar..",Ek Dil 2 Divanay,1964,Tasadduq Hussain,Mushir Kazmi,Ahmad Rushdi,
"Kaho Jee, Kyun Tarsatay Ho Hamen, Tum Kyun Tarpatay Ho..",Dost Dushman,1967,Rehman Verma,Tanvir Naqvi,Irene Parveen,
"Kaho Jee, Nighahen Chura To Na Lo Gay..",Ek Manzil 2 Rahen,1962,Rasheed Attray,Qateel Shafai,Naseem Begum,
Kaho Tum Meray Koun Ho..,Bhayya,1966,Robin Ghosh,?,Najma Niazi,
"Kaho, Wada Hua, Rasm-e-Wafa Har Dam Nibhanay Ka..",Aliya,1967,Master Inayat Hussain,Riazur Rehman Saghar,Ahmad Rushdi,
"Kain Beet Na Jaye Raat, Sanam, Tum Aa Jao..",Door Ki Aavaz,1969,A. Hameed,?,Mala,
"Kaisa Balam, Tu Nay Jadoo Kiya, O Jiya Mera, Loot Liya..",Tamasha,1965,Azam Baig,Habib Jalib,Shamsa,
"Kaisa Dikhaya Piya Pyar Ka Sapna, Chhor Ayi Main Sab Kuchh Apna..",Kala Pani,1963,Rehman Verma,Mushir Kazmi,Zubaida Khanum,
"Kaisa Hay Jahan, Miltay Hayn Yahan Khushiyon Kay Badlay Gham..",Dil-e-Nadan,1960,G.A. Chishti,Ahmad Rahi,Naheed Niazi,
"Kaisa Hay Yeh Jahan, Har Qadam Ek Gham, Har Ghari Ek Sitam..",Dil Nay Tujhay Maan Liya,1963,Muslehuddin,Himayat Ali Shair,Naheed Niazi,
"Kaisa Jamana Aya Ray, Allah Bachaye, Touba, Allah Bachaye..",Zamin,1965,Wazir Afzal,Mushir Kazmi,Irene Parveen,
"Kaisa Safar Hay Kahiye, Yunhi Qareeb Rahiye..",Zamana Kya Kahay Ga,1961,Muslehuddin,Fyaz Hashmi,Ahmad Rushdi,
"Kaisa Sandesa, Yeh Mousam Laya, Dekho O, Dekho..",Bandhan,1964,Robin Ghosh,Suroor Barabankvi,Firdousi Begum & Co.,
"Kaisa Teri Nazron Nay Ghail Kiya, O Channa, Tu Nay Miltay Hi..",Honhaar,1966,A. Hameed,Fyaz Hashmi,Mala,
"Kaisay Guzray Gi Yeh Raat, Raat Mein Kya Ho Jaye Baat..",Baghawat,1963,G.A. Chishti,Hazin Qadri,Irene Parveen,
"Kaisay Kahun Main, Jana O Jana..",Kaisay Kahun,1965,Altaf Mehmood,Suroor Barabankvi,Nadeem,
"Kaisay Kahun Main, Jee, Sharm Ki Baat Hay..",Pyar Ki Saza,1964,Manzoor Ashraf,Nazim Panipati,Naheed Niazi,
"Kaisay Kahun Meray Sajna, Tum Hi Ho, Pyar Bhar Sansar..",Hamdam,1967,Zia-ud-din,Wajad Chughtai,Runa Laila,
Kaisay Kahun Sitamgar Tujh Say Main Yeh Fasana..,Aulad,1962,A. Hameed,Fyaz Hashmi,Naseem Begum,
"Kaisay Kahun Sitamgar, Tujh Say Yeh Afsana..",Nadir Khan,1968,Tasadduq Hussain,Atish Ludhyanvi,Naseem Begum,
"Kaisay Manu Main Tori Batiyan, Chhor Day Babu Gora..",Maa Ka Pyar,1964,Rafiq Ali,Rasheed Sajid,Nazir Begum,
"Kaisay Milaun Najariya, Kaisay Uthaun Najariya..",Daaman,1963,Khalil Ahmad,Himayat Ali Shair,Irene Parveen,
"Kaisay Yeh Laggan Lagi Zamanay, Na Jiya Manay..",Ujala,1966,Dheer Ali,Akhtar Yousuf,Firdousi Begum,
"Kaisay Zulmi Say Naina Laray, Ultay Lainay Kay Denay Paray..",Jhalak,1964,Khalil Ahmad,Rehan,Najma Niazi,
"Kaisi Haseen Hay Zindagi, Yeh Dil Ki Ragni, Labon Peh Aa Geyi..",Shararat,1963,Deebo,Dukhi Premnagri,Naseema Shaheen,
"Kaisi Hay Chup Chap, So Geyin, Saray Shehar Ki Galian..",Susral,1962,Hassan Latif,Munir Niazi,Asif Khan,
"Kaisi Rangeen Shaam Hay, Husn Ka Jalwa Aam Hay..",Nateeja,1963,A. Hameed,Fyaz Hashmi,Irene Parveen & Co.,
"Kaisi Ulti Hawa Yahan Chali Ray, Aisi Dunya Say Touba Bhali Ray..",Dil-e-Betab,1969,Master Inayat Hussain,Qateel Shafai,Naseem Begum,
"Kaisi Yeh Raat Ayi, Dharkan Hay Sath Layi, A Dil Teri Duhai..",Nehlay Peh Dehla,1964,Muslehuddin,Fyaz Hashmi,Naheed Niazi,
"Kal Nay Kis Ka Sath Diya, Kal Ki Baat Bhulata Ja..",Phool Aur Kantay,1964,Mohammad Ali Munnu,Tishna Meeruti,Munir Hussain,
"Kalay Kalay Badlon Ki Chhaon Mein, Urray, Dopatta Mera Malmal Ka..",Ishrat,1964,Safdar Hussain,Qateel Shafai,Zubiada Khanum & Co.,
Kalay Reshmi Ghaghray Mein Dolay Dolay Ray..,2 Ustad,1960,Ghulam Nabi,Fyaz Hashmi,Zubaida Khanum,
"Kali Gungunaye, Chamman Muskaraye, Tamanna Thi Jis Ki..",Insaf,1960,Nathu Khan,Baqar Rizvi,Zubaida Khanum,
"Kali Hasraton Ki Na Khil Saki, Tera Pyar Ras Na Aa Saka..",Chhoti Behan,1964,Lal Mohammad Iqbal,Masroor Anwar,Nighat Seema,
"Kali Kali Mundlaye, Bhanwra, Kahin Bhi Chain Na Paye..",Chingari,1964,Khawaja Khursheed Anwar,Qateel Shafai,Noorjahan,
"Kali Kali Raat Mein, Bhayya Barsat Mein, Gora Gora Hath Day Day..",Salma,1960,Rasheed Attray,Zahoor Nazar,Batish,
"Kali Kali Zulfen Hayn, Sanp Ki Chaal, Kamar Ball Khaye..",Unchay Mahal,1962,Tufail Farooqi,Munir Niazi,Saleem Raza,
"Kali Muskarai Jo, Ghunghat Utha Kay, Khuda Ki Qasm, Tum Buhat..",Meray Mehboob,1966,Khalil Ahmad,Himayat Ali Shair,Masood Rana,
"Kali Zulfen, Ankh Raseeli, Ban Kay Aaj Tu Ek Paheli..",Is Dharti Par,1967,Khondkar N. Alam,M.Y. Sagar,?,
"Kall Ki Umeed Peh Yeh Waqt Na Kho, Kya Khabar Kall Yeh Samaa..",Yahudi Ki Larki,1963,Hafeez Khan (Indian musician),Shevan Rizvi,Asha Bhosle (Indian singer),
"Kall Nahin Paun Mein, Hey Kit Jaun Main..",Manzil,1960,Feroz Nizami,Tanvir Naqvi,Noorjahan,
"Kam Kam Aana Meri Jan, Tera Majnu Kharela, Koi Nahin Hay..",Ustadon Ka Ustad,1967,Ghulam Ali,Aajiz Faridi,Ahmad Rushdi,
"Kanto Say Daaman Mera, Taar Taar Hay..",Watan,1960,Master Inayat Hussain,Qateel Shafai,Iqbal Bano,
"Kar Day Gi Qoum Zinda, Mazi Ki Dastanay, Batil Ki Wadiyon Mein..",Watan Ka Sipahi,1966,Manzoor Ashraf,Habib Jalib,Masood Rana,
"Kar Geya, Kar Geya, Tera Ishq Deevana Kar Geya..",Dil Diya Dard Liya,1968,A. Hameed,Khawaja Parvez,Ahmad Rushdi,
"Kar Kay 16 Singhar, Toray Dar Peh Ayi Hun, Phoolon Kay Haar..",Maalan,1964,Nazir Sheeley,?,Firdousi Begum,
"Kar Kay Dil Ko Nishana, Ham Say Anken Na Churana..",Mehtab,1962,Manzoor Ashraf,Shabab Keranvi,Nazir Begum,
"Kar Kay Main Ayi Piya, 16 Singhar Ray..",Mr. X,1963,Lal Mohammad Iqbal,S.A. Ghaffar,Naseema Shaheen,
"Kar Kay Wafa, Kuch Bhi Na Mila, Dard Hi Hay, Ulfat Ka Sila..",Insan Badalta Hay,1961,Zafar Khursheed,Izhar Malihabadi,Nazir Begum,
"Kar Lay Bhala Jahan Mein, Ho Ga Bhala Tera..",Son of Ali Baba,1961,Tasadduq Hussain,Habib Jalib,Inayat Hussain Bhatti,
"Karen Halla Gulla, Woh Aaft Machayen Keh Ghar Walay..",Meri Bhabhi,1969,Amjad Bobby,Taslim Fazli,Nazir Begum,
"Karm Kar Meray Moula, Gham Ki Badli Chhai Hay..",Baghi Sipahi,1964,Tasadduq Hussain,Arsh Lakhnavi,Irene Parveen,
"Karm Ki Ik Nazar Ham Par, Khudara, Ya Rasoolallah (saw)..",Hamrahi,1966,Tasadduq Hussain,Muzaffar Warsi,Masood Rana,
"Karo Ham Say Ulfat, Waghaira, Waghaira, Mittay Gi Dil Ki Hasrat..",Gulbadan,1960,Akhtar Hussain Akhian,Nazim Panipati,Zubaida Khanum,
"Karwan-e-Zindagi, Subah Kahin, Sham Kahin..",Subah Kahin Sham Kahin,1961,Nazir Jafri,Zahoor Nazar,Zubaida Khanum,
"Kash, Koi Mujh Ko Samjhata, Meri Samjh Mein Kuch Nahin Aata..",Behan Bhai,1968,A. Hameed,Saifuddin Saif,Ahmad Rushdi,
"Kashmakash Mein Hun, Yeh Kahun Ya Na Kahun..",Kangan,1969,Basheer Ahmad,Basheer Ahmad (B.A. Deep),Bashir Ahmad,
"Katb-e-Taqdeer Hota Samnay, Poochhta Main Us Ka Daaman Thaam Kay..",Yeh Jahan Valay,1965,Tasadduq Hussain,Mushir Kazmi,Masood Rana,
"Keh Day Gori, Aaj Piya Say Apnay Mann Ki Baat..",Akelay Na Jana,1966,Lal Mohammad Iqbal,Masroor Anwar,Saleem Shehzad,
"Kehnay Ko To Ayi Suhag Raat Leikan, Allah Kisi Ko Na Dikhaye..",Jaisay Jantay Nahin,1969,Nisar Bazmi,Masroor Anwar,Ahmad Rushdi,
"Kehta Hay Dil, Tum Meray Ho Sanam, Tumharay Hi Rahen Gay..",Fareb,1965,Jami,Izhar Jami,Mala,
"Kehtey Hayn Sabhi Mujh Ko, Deevana Tumara..",Sangdil,1968,M. Ashraf,Shabab Keranvi,Ahmad Rushdi,
"Keya Bura Hay, Dil Tumhen Diya Hay, Is Mein Meri Kya Khata Hay..",Maa Beta,1969,Master Inayat Hussain,Masroor Anwar,Ahmad Rushdi,
Khabar Kya Thi Keh Umeedon Kay Taray Doob Jayen Gay..,Dhoop Chhaun,1963,Ghulam Nabi,Kaleem Usmani,Naseem Begum,
"Khabi Muskara, Kabhi Jhoom Ja, Kabhi Aah Bhar Kay..",Susral,1962,Hassan Latif,Munir Niazi,Ahmad Rushdi & Co.,
"Khabi To Tum Ko Yaad Ayen Gi, Yeh Baharen, Yeh Samaa..",Chakori,1967,Robin Ghosh,Akhtar Yousuf,Ahmad Rushdi,
Khak Par Hay Gullon Ka Basera Kyun Hay..,Chheen Lay Azadi,1968,Safdar Hussain,Qateel Shafai,Mala & Co.,
"Khali Peit Kisay Dikhlayen, Ham Majboor Sawali..",Clerk,1960,Safdar Hussain,Ahmad Rahi,Safdar Hussain,
"Khamosh Hawa Hay, Madhosh Faza Hay..",Karishma,1968,Hassan Latif,Tanvir Naqvi,Ahmad Rushdi,
"Khamosh Hawa Hay, Madhosh Faza Hay..",Karishma,1968,Hassan Latif,Tanvir Naqvi,Naheed Niazi,
"Khanak Jaye Ray, Chhanak Jaye Ray, Chandi Ka Mora Jhumka..",Chakori,1967,Robin Ghosh,Akhtar Yousuf,Irene Parveen,
"Khao, Khao, Mouj Urao, Allah Malik Hay..",3 & 3,1963,Rehman Verma,Mushir Kazmi,?,
"Khasta Gul Khana, Tera Deevana, Wei, Bulbul Ka Gul Say Pyar..",Dost Dushman,1967,Rehman Verma,Tanvir Naqvi,Ahmad Rushdi,
"Khatti Karri Mein Makhi Pari, Hey Meri Amma..",Anchal,1962,Khalil Ahmad,Himayat Ali Shair,Ahmad Rushdi,
"Kheithon Mein Phool Khilay, Manwa Jhoom Kay Lehraye..",Jeena Bhi Mushkil,1969,Jalal Ahmad,Khawaja Riaz,Anjuman Ara,
"Kheiton Peh Dekho, Kaisi Chhai Bahar, Ayi Ayi Bahar..",Aag Ka Darya,1966,Ghulam Nabi,Josh Malihabadi,Ahmad Rushdi,
"Khilti Kalio, Rang Bakhero, Mast Hawao, Geet Sunao..",Ek Musafir Ek Haseena,1968,Khalil Ahmad,Kaleem Usmani,Ahmad Rushdi,
"Kho Geye Tum Kahan, Lut Geye Ham Yahan..",Jungli Phool,1968,Karim Shahabuddin,Akhtar Lakhnavi,Mujeeb Alam,
"Kho Geyi Zindagi, Mitt Geye Sab Nishan..",Dil day Kay Dekho,1969,Sohail Rana,Fyaz Hashmi,Mala,
"Khoya Khoya Zaroor Rehta Hay, Ishq Ki Masti Mein Choor Rehta Hay..",C.I.D.,1969,Bakhshi Wazir,Muzaffar Warsi,?,
"Khoye Khoye Nain, Hey, Kahain Dil Ka Lay Jaye Na Chain..",Mr. X,1963,Lal Mohammad Iqbal,Mouj Lakhnavi,Naseema Shaheen,
"Khoye Khoye Pyar Kay Khumar Mein, Yuhni Jhoomtay Rahein Bahar Mein..",Moajza,1966,Tasadduq Hussain,Sahil Farani,Munir Hussain,
"Khoye Khoye Rahen Naina, Teray Bin Nahi Chaina..",Naach Ghar,1963,Dheer Ali,Suroor Barabankvi,Firdousi Begum,
"Khuda Bachaye, Adaon Say Mah Jamalon Ki, Yeh Jantay Hi Nahin..",Baap ka Baap,1964,Tasadduq Hussain,?,Munir Hussain,
Khuda Kay Noor Say Paida Huya..,Dhee Rani,1969,M. Ashraf,Khawaja Parvez,Inayat Hussain Bhatti,
"Khuda Ki Qasm Bari Jach Rahi Ho, Tum Ko Najaria Na Lag Jaye..",Eid Mubarak,1965,A. Hameed,Fyaz Hashmi,Mala,
Khuda Nay Husn Dia Aisa BeMisal Tumhen..,Hatim Tai,1967,Nisar Bazmi,Masroor Anwar,Mujeeb Alam,
"Khuda Walay, Nahin Letay Sahara, Nakhudaon Ka..",Ghazi Bin Abbas,1961,Safdar Hussain,Qateel Shafai,Munir Hussain,
"Khuda-Wanda, Yeh Kaisi Aag Si Jalti Hay Seenay Mein..",Lori,1966,Khalil Ahmad,Himayat Ali Shair,Mehdi Hassan,
"Khudaya, Bata Day, Meri Khata Kya Hay, Khushi Chhen Lay Ya..",Meray Armaan Meray Sapnay,1969,Satya Shaha,Ishrat Kalkatvi,Shehnaz Begum,
"Khudaya, Mujh Ko Itna Khubsurat Kyun Banaya Hay..",Josh-e-Inteqam,1968,Tasadduq Hussain,Mushir Kazmi,Ahmad Rushdi,
"Khudaya, Mujhay Chand Si Ik Dulhinya Dila Day..",Asslam-o-Alaikum,1969,Nazar,Masroor Anwar,Ahmad Rushdi,
"Khuli Ray, Meray Ghoonghat Ki Khirki Khuli Ray..",Fareb,1965,Jami,Mushir Kazmi,Irene Parveen,
"Khush Amdeed, Janam, Teray Aanay Say Hui Mhefil Meri Abad..",Naghma-e-Sehra,1966,Safdar Hussain,Qateel Shafai,Irene Parveen & Co.,
"Khushi Khushi, Jhuki Jhuki Nigah Ka Salam Lay Lay..",Meray Armaan Meray Sapnay,1969,Satya Shaha,Ibn-e-Hassan,Shehnaz Begum,
Khushnaseebi Hay Meri Tum Nay Apnaya Hay..,Baharen Phir Bhi Ayen Gi,1969,Shamim Nazli,Masroor Anwar,Ahmad Rushdi,
"Kiasay Kaisay Log, Hamaray Dil Ko Jalanay Aa Jatay Hayn..",Teray Shehar Mein,1965,Hassan Latif,Munir Niazi,Mehdi Hassan,
"Kiasay Samjhaun, Preetam Preet Na Janay..",Neela Parbat,1969,Piyarang Qadir,Piyarang Qadir,Aniqa Bano,
"Kis Dil Say Main Janay Dun Tum Ko, Reh Jaye Ga Tanha Pyar Mera..",Hamraz,1967,Khawaja Khursheed Anwar,Qateel Shafai,Mala,
"Kis Kay Qadmon Ki Aahat Hay Yeh, Bhala, Yeh Kon Aya Hay..",Mr. X,1963,Lal Mohammad Iqbal,Mouj Lakhnavi,Masood Rana,
Kis Liye Khafa Ho Huzur Kiya Hua..,Phir Milen Gay Ham Dono,1966,Satya Shaha,Shair Siddiqi,Sabina Yasmin,
"Kis Nadaan Say Pyar Kiya, Apna Sab Kuchh Luta Diya..",Yateem,1967,Saleem Iqbal,Fyaz Hashmi,Ahmad Rushdi,
"Kis Nazar Say Dekha Tu Nay, Ankh Meri Sharmanay Lagi..",Maa Kay Aansoo,1963,Manzoor Ashraf,Mushir Kazmi,Nazir Begum,
"Kis Qadar Bedard Hay Tera Jahan, So Geya Hay A Malik..",Suhag,1963,Akhtar Hussain Akhian,Sahil Farani,Saleem Raza,
"Kisay Aawaz Dun, Teray Siwa, Dhoond Raha Hay Tujhay Pyar Mera..",Sharik-e-Hayyat,1968,A. Hameed,Fyaz Hashmi,Mala,
"Kisay Koi Pyar Karay, Yahan Dil Khot Bharay..",Elaan,1967,Master Inayat Hussain,Tanvir Naqvi,Mala,
"Kisi Chamman Mein Raho Tum, Bahar Ban Kay Raho..",Anchal,1962,Khalil Ahmad,Himayat Ali Shair,Ahmad Rushdi,
"Kisi Hamsafar Ki Talash Hay Mujhay, Kya Kisi Say Hay Wasta..",Lakhon Fasanay,1961,Deebo,Nazar Hyederabadi,Tayyaba Anjum,
"Kisi Hamsafar Ki Talash Hay Mujhay, Kya Kisi Say Hay Wasta..",Lakhon Fasanay,1961,Deebo,Nazar Hyederabadi,S.B. John,
"Kisi Ka Haal-e-Dil, Aaj Agar Ham Keh Nahin Saktay..",Dil Kay Tukray,1965,Safdar Hussain,Fyaz Hashmi,Mala,
"Kisi Ka Mukhra Hay Gulabi Gulabi, Kisi Ki Ankhen, Sharabi Sharabi..",Chhoti Ammi,1964,Tasadduq Hussain,Mushir Kazmi,Ahmad Rushdi,
"Kisi Kay Bechain Dil Ki Dharkan, Kisi Kay Saz-e-Wafa Ka Naghma ..",Main Kahan Manzil Kahan,1968,Ghulam Nabi,Qateel Shafai,Mujeeb Alam,
"Kisi Ki Mohabbat Mein Ham Kho Geye Hayn, Baharo Na Ab..",Qaidi,1962,Rasheed Attray,Muzaffar Warsi,Noorjahan,
Kisi Say Aaj Agar Ham Hal-e-Dil Keh Nahin Saktay..,Dil Kay Tukray,1965,Safdar Hussain,Fyaz Hashmi,Mala,
"Kitna Bedard Yeh Zamana Hay, Begunah Zulm Ka Nishana Hay..",Surayya,1961,Mohammad Ali Munnu,Shabab Keranvi,Munir Hussain,
"Kitna Hay Rangeen Samaan, Masti Mein Dooba Jahan..",Lala Rukh,1968,Saleem Iqbal,Tanvir Naqvi,Mala,
"Kitnay Johar Hayn Ghurbat Mein, Veeran Abhi..",Lakhon Fasanay,1961,Deebo,Shanul Haq Haqqi,S.B. John,
"Kitnay Suhanay Khawab Dikha Kar Tu Nay, A Meri Zindagi..",Sangam,1964,Khan Ataur Rahman,Ejazul Haq Ajiz,Firdousi Begum,
"Kitni Haseen Mulaqat Hay, Har Shay Jhoomay..",Zindagi,1968,Master Abdullah,Saleem Kashar,Irene Parveen,
"Kitni Haseen Raat Hay, Aa Muskarayen Ham..",Chhotay Sarkar,1961,Inayat Hazravi,Qateel Shafai,Mala,
Kiya Hay Jo Pyar To Parhay Ga Nibhana..,Dil Mera Dharkan Teri,1968,Master Inayat Hussain,Qateel Shafai,Ahmad Rushdi,
Kiya Hay Jo Pyar To Parhay Ga Nibhana..,Dil Mera Dharkan Teri,1968,Master Inayat Hussain,Qateel Shafai,Mala,
"Kiya Hay Tu Nay Pyar Ka Waada, Bhool Na Jana..",Tangay Vala,1963,Rasheed Attray,Tanvir Naqvi,Ahmad Rushdi,
"Kiya Ishara Tu Nay Ham Ko, Peechhay Peechhay Aanay Ka..",Khamosh Raho,1964,Khalil Ahmad,Tanvir Naqvi,Ahmad Rushdi,
"Koeyl Ki Kook, Dil Mein Halchal Si Kyun Manaye..",Sonay Ki Chirya,1968,Tasadduq Hussain,Qateel Shafai,Mala,
"Koi Aye, Jeevan Laye, Ik Dil Tarpaye..",Ponam Ki Raat,1966,Tony Chitergi,Shair Siddiqi,Anjuman Ara,
"Koi Bhi Is Jahan Mein, Meharban Nahin Hay..",Maa Ka Pyar,1964,Rafiq Ali,Rasheed Sajid,Masood Rana,
"Koi Chori Chori Aa Kay, Mera Dil Lay Geya..",Husn-o-Ishq,1962,Safdar Hussain,Qateel Shafai,Naheed Niazi,
"Koi Dil Mein Aa Kay, Muskara Geya, Apna Bana Kay, Dil Lubha Geya..",Millan,1964,Khan Ataur Rahman,B.A. Deep (Basheer Ahmad),Firdousi Begum,
"Koi Doulat Peh Nazan Hay, Koi Qismat Ko Rota Hay (bol)..",Asslam-o-Alaikum,1969,Nazar,Mohammad Ifrahim,Mohammad Ifrahim,
"Koi Hay, Mera Dil Leinay Wala..",Ghar Damaad,1969,Javed Sarwar,Masroor Anwar,Ahmad Rushdi,
Koi Jati Jawani Ko Rok Lay..,Safaid Khoon,1964,Rasheed Attray,Qateel Shafai,Irene Parveen,
Koi Keh Day Baharon Say Rahon Ko Sajayen..,Hatim Tai,1967,Nisar Bazmi,Tanvir Naqvi,Mala & Co.,
"Koi Kisi Ka Dard Na Janay, Heye Zamanay, Sab Hi Beganay Hayn..",Divana,1964,Muslehuddin,Tanvir Naqvi,Noorjahan,
"Koi Kisi Ko Jalata Hay, Koi Jalta Hay, Sab Chalta Hay..",Clerk,1960,Safdar Hussain,Ahmad Rahi,Munir Hussain,
"Koi Kitnay Hi Aansoo Rokay, Jab Milay Pyar Mein Dhokay..",Chhoti Si Dunya,1965,Khalil Ahmad,Ahmad Rahi,Noorjahan,
Koi Kyun Mujh Ko Apnaye..,Jahan Tum Vahan Ham,1968,Robin Ghosh,Masroor Anwar,Mala,
Koi La Day Woh Sapnay Suhanay Meray Bachpan Kay..,Door Ki Aavaz,1969,A. Hameed,?,Mala,
"Koi Makhmoor Nazar , Yun Geyi Dil Say Guzar, Zindagi Jhoom Geyi..",Ajab Khan,1961,G.A. Chishti,Ahmad Rahi,Naheed Niazi,
"Koi Manay Na Manay, Yeh Nazar Talash Kari Hayn..",Wali Ehad,1968,Khalil Ahmad,Kaleem Usmani,Naseem Begum,
"Koi Mehboob Hamara Ho, Us Nay Kiya Ishara Ho..",Baap ka Baap,1964,Tasadduq Hussain,?,Ahmad Rushdi,
"Koi Meray Dil Mein, Dheeray Dheeray Aa Kay, Nindia Churaye..",Doraha,1967,Sohail Rana,Masroor Anwar,Mala,
"Koi Meray Mehboob Sa, Dunya Mein Nahi Hay..",Meray Mehboob,1966,Khalil Ahmad,Himayat Ali Shair,Noorjahan,
"Koi Na Shadi Karay, Bhool Kay, O Mian..",Ujala,1966,Dheer Ali,Suroor Barabankvi,Hafeez,
"Koi Nahin Hay, Dhoonday, Kaisay Mera Pyar, Toot Geyi Patwar..",Doctor,1965,Azam Baig,Fyaz Hashmi,Naseema Shaheen,
Koi Phool Agar Yeh Keh Day Mujhay Pyar Nahin Khushboo Say..,Sonay Ki Chirya,1968,Tasadduq Hussain,Qateel Shafai,Mala,
"Koi Pyar Ka Fasana, Gori Piya Ko Sunao, Abhi Diya Na Jalao..",Naela,1965,Master Inayat Hussain,Qateel Shafai,Mala,
"Koi Rahzan Aur Na Koi Chor Pakra Jaye Ga, Jo Karay Ga Ishq..",Khota Paisa,1965,Rehman Verma,Qateel Shafai,Batish,
"Koi Tan Man Mein Murli Bajanay Laga, Ho, Koi Ganay Laga..",Sagar,1965,Khan Ataur Rahman,Suroor Barabankvi,Firdousi Begum,
Koi Umeed Bhar Nahin Aati..,Ghalib,1961,Tasadduq Hussain,Mirza Ghalib,Noorjahan,
"Koi Yahn Par Eish Manaye, Koi Phiray Majboor, Dekho, Dunya Ka Dastoor..",Maa Baap,1967,Tasadduq Hussain,Qateel Shafai,Masood Rana,
Koko Koreena.. Meray Khayalon Peh Chhai Hay Ik Soorat Matwali Si..,Armaan,1966,Sohail Rana,Masroor Anwar,Ahmad Rushdi,
"Kon Hun Main, Kon Hay Tu, Bhool Bhi Ja..",Chalbaz,1968,M. Ashraf,?,Naheed Niazi,
"Kon Hun Main, Kon Hay Tu, Bhool Bhi Ja..",Qatal Kay Baad,1963,Deebo,Munir Niazi,Najma Niazi,
"Kon Sunay Faryad Meri, Bedard Zamana Hay..",Gulfarosh,1961,Safdar Hussain,Zahoor Raja,Zubaida Khanum,
Kon Tanhai Mein Denay Lagay Awaz Mujhay..,Bahu Begum,1965,Tasadduq Hussain,Mushir Kazmi,Irene Parveen,
"Kuch Hua Hasil Na Ab Tak, Koshish-e-Bekar Say..",Charagh Jalta Raha,1962,Nahal Abdullah,Mirza Ghalib,Talat Mehmood,
"Kuchh Aahen, Kuchh Aansoo Lay Kar, Pyar Ka Mahal Banaya Main Nay..",Zindagi,1968,Master Abdullah,Saleem Kashar,Mehdi Hassan,
"Kuchh Apni Kahiye, Kuchh Meri Suniye, Yeh Raat, Yeh Tanhai..",Talash,1963,Robin Ghosh,?,Firdousi Begum,
"Kuchh Apni Kahiye, Kuchh Meri Suniye, Yeh Sham, Yeh Tanhai..",Talash,1963,Robin Ghosh,?,Basheer Ahmad,
"Kuchh Bhi Na Kaha Aur Keh Bhi Geye, Kuchh Kehtay Kehtay..",Azra,1962,Master Inayat Hussain,Tanvir Naqvi,Noorjahan,
"Kuchh Dil Ki Baat Samajh Letay, Kuchh Samjhatay To Achha Tha..",Samundar,1968,Deebo,Sehba Akhtar,Mala,
Kuchh Is Tarah Tarap Kar Ham Beqarar Roye..,Gehra Dagh,1964,Rasheed Attray,Fyaz Hashmi,Naseem Begum,
Kuchh Kuchh Mujh Say Milta Julta Bacho Eik Tha Raja..,Aag,1967,Nisar Bazmi,Masroor Anwar,Ahmad Rushdi,
"Kuchh Log, Rooth Kar Bhi, Lagtay Hayn Kitnay Pyaray..",Andaleeb,1969,Nisar Bazmi,Masroor Anwar,Noorjahan,
"Kuchh Log, Rooth Kar Bhi, Lagtay Hayn Kitnay Pyaray..",Andaleeb,1969,Nisar Bazmi,Masroor Anwar,Ahmad Rushdi,
"Kuchh Sehmi Si, Kuchh Khoi Si, Kuchh Jagi Si, Kuchh Soi Si..",Gunahgar,1967,Rasheed Attray,Tanvir Naqvi,Mala,
"Kuchh To Kahiye Mehrban, Ban Geye Kyun Bezaban..",Bandhan,1964,Robin Ghosh,Suroor Barabankvi,Firdousi Begum,
"Kuchh Tum Nay Suna, Ik Laila Thi, Ik Majnu Tha..",Daastan,1969,Khalil Ahmad,Fyaz Hashmi,Ahmad Rushdi,
"Kuchh Tum Nay Suna, Kya Main Nay Kaha, Kyun Geet Suhanay..",Hamsafar,1960,Muslehuddin,Tanvir Naqvi,Saleem Raza,
"Kuchh Woh Bigra, Kuchh Main Bigri, Ab Baat Chali To Chalnay Do..",Barat,1963,Azam Baig,Mushir Kazmi,Mala,
"Kurta Dhakay Ka, Malmal Ka Dopatta Safoon Ka, Kaho Jee, Tum..",Azad,1964,Rasheed Attray,Tanvir Naqvi,Irene Parveen & Co.,
"Kya Ada-e-Dilbari Hay, Kya Nigha-e-Naz Hay..",Mehtab,1962,Manzoor Ashraf,Shabab Keranvi,Naseem Begum,
"Kya Batlayen Yaaro, Ham Say Chhota Apna Des..",Suraj Mukhi,1962,Master Abdullah,Basheer Manzar,Mala,
"Kya Cheez Ho Wallah, Tum Shola Bhi Nahin..",Main Voh Nahin,1967,A. Hameed,Himayat Ali Shair,Ahmad Rushdi,
"Kya Hua Dil Peh Sitam, Tum Na Samjho Gay Balam..",Raat Kay Rahi,1960,A. Hameed,Fyaz Hashmi,Zubaida Khanum,
"Kya Jadoo Kiya, Anjanay Piya, Dolay, Jhoomay, Gaye Jiya..",Sahil,1960,Rasheed Attray,Tanvir Naqvi,Naheed Niazi,
"Kya Kahiye, Kitni Khoob Hay Soorat Janab Ki..",Naheed,1968,Nashad,Taslim Fazli,Ahmad Rushdi,
"Kya Kahun A Dunya Walo, Kya Hun Main..",Hamrahi,1966,Tasadduq Hussain,Muzaffar Warsi,Masood Rana,
"Kya Khabar Thi Dil Lagi, Dil Ki Lagi Ban Jaye Gi..",Jahan Tum Vahan Ham,1968,Robin Ghosh,Masroor Anwar,Mala,
"Kya Khabar Thi Hamen, Toot Jaye Ga Dil, Khawab Ashkon Ki Soorat..",Jalva,1966,Nashad,Kaleem Usmani,Noorjahan,
Kya Khabar Thi Teri Mehfil Say Nikalna Ho Ga..,Pak Daaman,1969,Master Inayat Hussain,Qateel Shafai,Noorjahan,
"Kya Mangen, Is Dunya Say..",Devdas,1965,Akhtar Hussain Akhian,?,Saleem Raza,
"Kya Meri Khata Hay, Bata Day, O 2 Jagg Kay Rakhwalay..",Jan Nisar,1961,G.H. Qadri,S.H. Qadri,Khursheed Begum,
"Kya Mila, Kya Mila Ham Ko Wafaon Ka Sila, Jo Tamanna Thi..",Ishq Par Zor Nahin,1963,Master Inayat Hussain,Qateel Shafai,Naseem Begum,
"Kya Poochhtay Ho Tum, Kis Haal Mein Hayn Ham..",Mujahid,1965,Khalil Ahmad,Tanvir Naqvi,Mala,
"Kya Sitam Hay, Zalim Dunya Walo, Tum Nay Hamen Kuchh Na Diya..",Beti Beta,1968,Manzoor Ashraf,Tanvir Naqvi,Noorjahan,
"Kya Sunti Hay Khari Khari, Meray Dil Ko Samjh..",12 Bajay,1961,Lal Mohammad Iqbal,Shabi Farooqi,Ahmad Rushdi,
Kya Yunhi Beet Jayen Gay Din Yeh..,Ujala,1966,Dheer Ali,Akhtar Yousuf,Firdousi Begum,
"Kyun Benaqab Samnay Aye, Aa Kar Lubha Geye..",Yeh Bhi Ek Kahani,1964,Karim Shahabuddin,Z.R. Mani,Basheer Ahmad,
"Kyun Chalay Ho Rooth Kar, Zara Yeh Bataiye..",Rusvai,1966,Saleem Iqbal,Shehzad Ahmad,Mala,
Kyun Chand Say Mukh Peh Gham Kay Baadal Chha Geye Hayn..,Mehman,1969,Master Inayat Hussain,Qateel Shafai,Saleem Raza,
"Kyun Chhupi Baithi Hay Tu Ghar Mein, Khatmal Ki Tarah..",Shikari,1964,Muslehuddin,Qateel Shafai,Ahmad Rushdi,
"Kyun Dil Ki Baat Chhupatay Ho, Chhupti Hay Yeh Kab Chhupanay Say..",Insan,1966,Rasheed Attray,Qateel Shafai,Mehdi Hassan,
Kyun Din Meri Khushi Kay Karwat Badal Rahay Hayn..,Ham Ek Hayn,1961,?,Fyaz Hashmi,Kousar Parveen,
"Kyun Huzoor, Kyun Gharoor, Kyun Jab Dil Nay Tujhay Maan Liya..",Dil Nay Tujhay Maan Liya,1963,Muslehuddin,Himayat Ali Shair,Ahmad Rushdi,
"Kyun Jagatay Ho, Meray Seenay Mein Armano Ko..",Clerk,1960,Safdar Hussain,Ahmad Rahi,Naheed Niazi,
"Kyun Kahen, Yeh Sitam Aasman Nay Kiye, Aasman Say Hamen..",Saaz aur Aavaz,1965,Hassan Latif,Habib Jalib,Noorjahan,
"L.O.V.E., Taturu, Taturu, Mohabbat Kar, Na Kisi Say Dar..",Jhalak,1964,Khalil Ahmad,Rehan,Ahmad Rushdi,
"La Ka Rasha.. Kar Naina 4, Piya, Bar Bar Tujhay Mera Pyar Samjhaye..",Azad,1964,Rasheed Attray,Qateel Shafai,Naseem Begum,
"La-Ela-ha-Ill-Lalla, Haq, Farma Diya Kamli Walay (saw) Nay..",Aulad,1962,A. Hameed,Fyaz Hashmi,Saleem Raza,
"Laagi Ray, Laagi Laggan Yehi Dil Mein (2)..",Jalva,1966,Nashad,Kaleem Usmani,Mehdi Hassan,
"Laagi Ray, Laagi Laggan Yehi Dil Mein, Deep Jalay, Sur Sagar Mein..",Jalva,1966,Nashad,Kaleem Usmani,Mehdi Hassan,
"Laaj Karo Na Moray, Baalam, Najariya Ham Say Milao..",Anchal,1962,Khalil Ahmad,Himayat Ali Shair,Naseema Shaheen,
"Lab Peh Ahen, Dard-e-Dil Mein Zindagi Barbad Hay..",Gulbadan,1960,Akhtar Hussain Akhian,Farhat Shahjahanpuri,Zubaida Khanum,
"Lab Peh Yeh Sharmana Jee, Apno Say Gabhrana Jee..",Zamana Kya Kahay Ga,1961,Muslehuddin,Fyaz Hashmi,Ahmad Rushdi,
"Lab Per Tera Naam, Hath Mein Gham Ka Jam..",Daagh,1969,Ali Hossain,Akhtar Yousuf,Ahmad Rushdi,
"Lachkay Kamaria Mori, Main Nazuk Chhori, Keh Hey Hey..",Banjaran,1962,Deebo,Masroor Anwar,Masood Rana,
"Ladlay, Meray Ladlay, Chal Sapno Kay Des..",Surayya,1961,Akhtar Hussain Akhian,Shabab Keranvi,Naseem Begum,
"Ladlay, Meray Ladlay, Chal Sapno Kay Des (sad)..",Surayya,1961,Akhtar Hussain Akhian,Shabab Keranvi,Naseem Begum,
"Lag Geyi Chot Klejwa Mein, Hey Ram..",Baalam,1968,Khalil Ahmad,Himayat Ali Shair,Naseem Begum,
"Lag Geyi Kalejwa Peh Chot, Hey Rama, Sanwariya Tu Hay..",Landa Bazar,1964,Tasadduq Hussain,Tanvir Kazmi,Munir Hussain,
"Lagay Na Jiya Tunjh Bin, Janay Kyun, BeWafa, Zalma..",Jan Pehchan,1967,Muslehuddin,Nasir Kasganjvi,Najma Niazi,
"Lagi Lagan, Mohay Piya Kay Milan Ki..",Kala Aadmi,1963,Safdar Hussain,Qateel Shafai,Naheed Niazi,
"Lagi Toray Sang Jab Say Najariya, Main To Ho Geyi Bawariya..",Shukria,1964,Manzoor Ashraf,Mushir Kazmi,Naseem Begum,
"Lai Ghata Motion Ka Khazana, Aya Baharon Ka Mousam Suhana..",Chand Aur Chandni,1968,Karim Shahabuddin,Suroor Barabankvi,Mala & Co.,
"Lai Hay Teray Liye, Jhoom Kay Jawani, Sayyan, Dil Nazrana..",Saaz aur Aavaz,1965,Hassan Latif,Habib Jalib,Noorjahan,
"Lai Hun Taza Phoolon Say, Chun Kay Rang Yeh Saray..",Bahadur,1967,Deebo,Fyaz Hashmi,Irene Parveen,
"Lai Lai Lai La, Tu Aa Ja, Lay Lay Maza Pyar Ka..",Ajnabi,1962,Asghar Ali,Tanvir Naqvi,Irene Parveen,
Lai Main Dhanak Mein Bhago Kay Chunariya..,Naaz,1969,Nisar Bazmi,Qateel Shafai,Runa Laila,
Laila Ghusi Hay Jee Majnu Kay Dil Mein..,Baalam,1968,N/A,Himayat Ali shair,Ahmad Rushdi,
Laj Rakh Lijeyo Mori.. Chhero Madhur Beena..,Geet Kahin Sangeet Kahin,1969,Master Tufail,Tanvir Naqvi,Salamat Ali,
"Lakh Bachtay Phiro Zamanay Say, Pyar Chhupta Nahin..",Sonay Ki Chirya,1968,Tasadduq Hussain,Qateel Shafai,Mala,
"Lakh Tu Ham Ko Bhulaye, Tu Kisi Ka Bho Ho Jaye..",Dil Divana,1967,Sohail Rana,Shabab Keranvi,Irene Parveen,
"Lal Bani, Meri Moteen Wali, Lal Bani, Meri Sandal Wali..",Meray Mehboob,1966,Khalil Ahmad,Himayat Ali Shair,Nighat Seema & Co.,
"Lal Gulabi Phool Khilay Hayn, Kartay Hayn Isharay..",Dr. Sheitan,1969,Hassan Latif,Ahmad Sharif,Shirin Renu,
"Lal Huway Gori, Toray Goray Goray Hath..",Gharib,1960,Nazir Sheeley,Rais Khumar,Aniqa Bano,
"Lal Meri Patt, Rakhio Bala, Jhoolay Lalan..",Samundar,1968,Deebo,Sehba Akhtar,Ghulam Nabi,
"Lao, Apnay Husn Ki Nao, Naina Utren Par Kajal..",Sukh Ka Sapna,1962,Manzoor Ashraf,Faiz Ahmad Faiz,Naseem Begum,
"Larkharatay Huway, Dagmagatay Huway, Ham Jo Pohnchay..",Asmat,1968,Masoom Rahim,Kaleem Usmani,Mujeeb Alam,
"Latt Uljhi, Suljha Ja Ray, Baalam, Main Na Lagun Gi Haath, Ray..",Savaal,1966,Rasheed Attray,Fyaz Hashmi,Noorjahan,
"Lay Ayi Phir Kahan Par, Qismat Hamen Kahan Say..",Salgira,1969,Nashad,Shevan Rizvi,Noorjahan,
"Lay Dooba Zindagi Ko, Armaan Zindagi Ka, Khaghaz Ki Nao Mein Tha..",Shabnam,1965,A. Hameed,Fyaz Hashmi,Noorjahan & Co.,
"Lay Gei Chheen Kay Dil, Shoukh Tabiat Un Ki..",1000 Dastan,1000,Rasheed Attray,Fyaz Hashmi,Mala,
"Lay Ja Babu, Meray Ghubaray, Khelen Gay Teray Raj Dularay..",Bhai Jan,1966,Tasadduq Hussain,Mushir Kazmi,Naheed Niazi,
"Lay Kay Angrai, Mera Pyar Jaganay Walay..",Head Constable,1964,Nisar Bazmi,Mouj Lakhnavi,Saleem Raza,
"Lay Kay Ankhon Mein Lakhon Salam, Qadmon Mein Teray Aye..",3 Phool,1961,Akhtar Hussain Akhian,Ghulam Rabbani,Naheed Niazi,
"Lay Kay Faryad Jaun Kahan, Mera Dushman Hay Sara Zamana..",Elaan,1967,Master Inayat Hussain,Tanvir Naqvi,Master Parvez,
"Lay Kay Jadoo Ki Pattari, Ban Kay Aye Hayn Madari..",Ustadon Ka Ustad,1967,Ghulam Ali,Aajiz Faridi,Runa Laila,
"Lay Kay Khushi Ka Peyam, Yeh Eid Ka Din Aya Suhana..",Meri Bhabhi,1969,Amjad Bobby,Taslim Fazli,Ahmad Rushdi,
"Lay Lay Mera Dil, Raat Haseen Hay..",Khoon Ki Pyas,1963,Safdar Hussain,Mushir Kazmi,Naheed Niazi,
"Lay Lo Jee Dil Nazrana, Kehta Hay Deevana, Ham Say Bhi Pyar..",Ghar Ka Ujala,1966,Manzoor Ashraf,Shabab Keranvi,Naseem Begum,
"Laye Doctor Ki Degree, Banaye Bigri, Devar Meray Dil Ka Tara..",Bhabhi,1960,Tasadduq Hussain,Tufail Hoshiarpuri,Noorjahan,
Laye Hayn Tumharay Liye Ik Nazrana..,Buzdil,1969,Khalil Ahmad,Fyaz Hashmi,Naseem Begum,
"Layi Hun Dil Main Deewano Mein, Roshn Hui Anjuman..",Shatranj,1964,Tasadduq Hussain,Muzaffar Warsi,Irene Parveen,
"Layi Kabul Kay Meethay Annar, Mazedar.. Loshay Wei Wei Wei..",Khyber Mail,1960,G.A. Chishti,Tufail Hoshiarpuri,Zubaida Khanum,
Lazat-e-Soz-e-Jigger Poochh Lay Parwanay Say..,Salgira,1969,Nashad,Shevan Rizvi,Irene Parveen,
Lehar Lehar Aaj Lehraye O Majhi Ray..,Dard-e-Dil,1966,Khalil Ahmad,Himayat Ali Shair,Irene Parveen,
"Lehar Lehar Jagi, Sannan Sannan Purwa Chalay..",Ek Musafir Ek Haseena,1968,Khalil Ahmad,Kaleem Usmani,Irene Parveen & Co.,
"Lehar Lehar Lehraye, Gaye Milan Kay Geet..",Rahguzar,1960,Muslehuddin,Tanvir Naqvi,Naheed Niazi,
"Lehraya Dekho, Ik Sham Ka Sumeyi Aanchal, Kuch Andhera..",Daastan,1969,Khalil Ahmad,Fyaz Hashmi,Runa Laila,
"Lehraye Mann, Jaisay Jhoomay Mann, Naino Say Jhankay..",Hamen Bhi Jeenay Do,1963,C. Faiz,Yousuf Pardesi,Irene Parveen & Co.,
"Likhay Parhay Hota Agar, To Tum Ko Khat Likhtay..",Anari,1969,Ali Hossain,Akhtar Yousuf,Nadeem,
"Likhay Parhay Hota Agar, To Tum Ko Khat Likhtay..",Anari,1969,Ali Hossain,Akhtar Yousuf,Sabina Yasmin,
"Likhi Aansuon Say Wafa Ki Kahani, Array Likhnay Walay..",Pardah,1966,Safdar Hussain,Fyaz Hashmi,Mala,
"Liye Chala Hay Dil Kahan, Ajeeb Hay Yeh Samaa..",Ulfat,1967,Jami,Himayat Ali Shair,Masood Rana,
"Lo Aa Geya Khat Un Ka, Iqrar Liye Meray Pyar Ka..",Zindagi,1968,Master Abdullah,Saleem Kashar,Runa Laila,
"Lo Aa Geyi Phir, Rut Pyar Ki, Tera Mera, Mera Tera Janam Janam Ka..",20 Din,1964,Sohail Rana,Mouj Lakhnavi,Saleem Shehzad & Co.,
"Lo Aa Geyin Mah Jabeen, Nazneen, Kam Hi Milay Ga Koi Ham Sa..",BeReham,1967,Rehman Verma,Mushir Kazmi,Mala,
"Lo Aur Suno, Main Kehta Hun, Mujh Ko Tum Say Pyar Hay..",Khota Paisa,1965,Rehman Verma,Qateel Shafai,Ahmad Rushdi,
"Lo Chali Mohabbat Mail, Machi Halchal, Us Ka Mukhra Dekh Kar..",Chand Aur Chandni,1968,Karim Shahabuddin,Suroor Barabankvi,Ahmad Rushdi,
Lo Chali Woh Doli Mein Aas Man Ki..,Ghar Pyara Ghar,1968,Nisar Bazmi,Habib Jalib,Mehdi Hassan,
"Lo Ho Geya Appan Ka Shadi Khana Abadi, Hui Dil Ki Hasraten Tamam..",Khan Bahadur,1960,G.A. Chishti,Ahmad Rahi,Batish,
"Lo Jee, Ham Ja Rahay Hayn, Nighayen Jhukatay Huway..",Dosheeza,1962,Master Inayat Hussain,Tanvir Naqvi,Mala,
"Lo Kar Liya Munh Kala, Ho Ishq Ka Bol Bala..",Mujhay Jeenay Do,1968,Khalil Ahmad,Fyaz Hashmi,Ahmad Rushdi,
"Lo Kehti Hay Yey Raat, Aaj Na Socho, Kal Ki Baat..",Burma Road,1967,Safdar Hussain,Fyaz Hashmi,Irene Parveen,
"Lo, Ham Nay Keh Diya Keh Hamen, Tum Say Pyar Hay..",Farishta,1961,Rasheed Attray,Tanvir Naqvi,Noorjahan,
"Log Dekhen Na Tamasha, Meri Ruswai Ka..",Maa Bahu Aur Beta,1966,Hassan Latif,Habib Jalib,Noorjahan,
"London Dekha, Paris Dekha, Dekha Hundustan..",Fantoosh,1967,A. Rasheed,Hamdam Jamal,Saleem Shehzad,
"Loot Liya Ray Mora Chain, Chhor Geya Mohay Sayyan..",BeKhabar,1961,Bakhshi Wazir,Younis Rizvi,Kousar Parveen,
"Loot Liya, Ho Sajan, Loot Liya, Bindia Ka Mann Dharkay..",Kalay Log,1965,Akhtar Hussain Akhian,Tanvir Naqvi,Naheed Niazi,
"Lot Ayo, Hath Jor Kar Kehta Hun, Meray Pyaro, Lot Ayo..",Yateem,1967,Saleem Iqbal,Fyaz Hashmi,Masood Rana,
"Lout Ayo Meray Pardesi, Bahar Ayi Hay..",Pakeeza,1968,Saleem Iqbal,Ahmad Rahi,Noorjahan,
"Lut Geya Chain Ray, Roye Moray Nain Ray..",Yeh Dunya,1960,Deebo,Wajid Chughtai,Iqbal Bano,
"Lut Geya Khushion Ka Dera, Kho Geya, Hey Pyar Mera..",Chanda,1962,Robin Ghosh,Suroor Barabankvi,Firdausi Begum,
"Lut Geyi Dunya Meri, Jaun Kahan, Main Kya Karun..",Baghi Sipahi,1964,Tasadduq Hussain,Mushir Kazmi,Mala,
"Maa Kay Dil Ko Tor Kar, Mamata Ki Jannat Chhor Kar..",Sitamgar,1967,Tasadduq Hussain,Fyaz Hashmi,Masood Rana,
"Maa Keh Kar Kisay Bulaun, Mera Dunya Mein Koi Sahara Nahin..",Mera Ghar Meri Jannat,1968,Manzoor Ashraf,Khawaja Parvez,Mala,
"Maa Ki Goud Aur Baap Ka Saya, Pyar Ki Jannat Ban Kar Aya..",Maa Baap,1967,Tasadduq Hussain,Qateel Shafai,Naheed Niazi & Co.,
"Maa, Mujhay Apnay Seenay Say Laga Lay..",Meri Bhabhi,1969,Amjad Bobby,Taslim Fazli,Irene Parveen,
"Maan Bhi Ja Gori, Lagi Lagan Tori, Raja Jee, Tujh Ko Manayen..",Devdas,1965,Akhtar Hussain Akhian,Qateel Shafai,Naheed Niazi & Co.,
"Maan Bhi Jao Piya Ray, Lillah Day Do Muafi..",Khamosh Raho,1964,Khalil Ahmad,Tanvir Naqvi,Mala,
"Maan Bhi Jao Sayyan, Jiya Na Jalao, Sayyan, Toray Parun Paun..",Shabnam,1965,A. Hameed,Fyaz Hashmi,Mala,
"Maan Bhi Jao, Guriya Rani, Nahin Roothna Achha..",Hamrahi,1966,Tasadduq Hussain,Muzaffar Warsi,Irene Parveen,
"Maasoom Sa Chehra Hay, Ham Jis Kay Hayn Deevanay..",Rishta Hay Pyar Ka,1967,Nashad,Fyaz Hashmi,Ahmad Rushdi,
Machal Machal Kay Keh Raha Hay Yeh Samaa..,Aurat Ek Kahani,1963,Masoom Rahim,Habib Jalib,Saleem Raza,
"Machlay Huway Jazbat Hayn, Maalum Nahin Kyun..",Shaam Savera,1967,Master Ashiq Hussain,Tanvir Naqvi,Masood Rana,
"Madinay Walay Say, Mera Salam Keh Dena..",Bhayya,1966,Robin Ghosh,Shahir Siddiqi,Masood Rana,
"Mah-e-Laqa Mehbooba, Ishq Kiya, Koi Shouq Nahin..",Meray Mehboob,1966,Khalil Ahmad,Himayat Ali Shair,Ahmad Rushdi,
"Main Albeli Titli, Mera Badan Tharikta Jaye..",Taj Aur Talvar,1961,Safdar Hussain,Qateel Shafai,Naheed Niazi,
"Main Ban Kay Dulhan Nachun, Chham Chham, Meray Man Mein..",Mera Kya Qasoor,1962,Tasadduq Hussain,Mushir Kazmi,Irene Parveen,
"Main Banglon Ki Rani, Tumray Paas Nahin Paisa..",Insaf,1960,Nathu Khan,Baqar Rizvi,Madhu Almas,
"Main Bhi Hun Jawan, Tu Bhi Mehrban, Meray HamNasheen..",Kafir,1967,Ilyas,Tanvir Naqvi,Najma Niazi,
"Main Bhi Hun Nashay Mein, Tum Bhi Ho Nashay Mein..",Fareb,1965,Jami,Izhar Jami,Ahmad Rushdi,
"Main Bhi Jawan Hun, Tu Bhi Jawan Hay, Mousam Hay Bahar Ka..",Gharib,1960,Nazir Sheeley,Rais Khumar,Zubaida Khanum,
"Main Chanda Say Gori, Door Say Bhulana..",Suraj Mukhi,1962,Tasadduq Hussain,Basheer Manzar,Irene Parveen,
"Main Chhori, Neyi Naveli, Baalam, Raat Bari Albeli..",Inqilab,1962,N.K. Rathoor,Dard Lakhnavi,Khursheed Begum,
"Main Darogha Ki Larki, Tu Adna Sipahi, Ja Ja Ray Peechha Chhor..",Aadil,1966,Nisar Bazmi,Mushir Kazmi,Irene Parveen,
"Main Deevana, Mujhay Na Chhero, Chher Kay Phir Pachhtao Gay..",Mehkhana,1964,Nashad,Nakhshab,Mehdi Hassan,
"Main Dekhta Chala Geya, Luti Hui Mohabten..",Pakeeza,1968,Saleem Iqbal,Tanvir Naqvi,Ahmad Rushdi,
Main Dil Hi Dil Mein Nachun Aur Dil Hi Dil Main Gaun..,Ayaz,1960,Khawaja Khursheed Anwar,Qateel Shafai,Naheed Niazi,
"Main Dil Kahan Bhool Ayi, Heye Ri Meri Mayya..",Payel Ki Jhankar,1966,Rasheed Attray,Qateel Shafai,Naseem Begum,
"Main Dil Kay Taar Chherun, Jhoom Jhoom Gaun..",Mr. X,1963,Lal Mohammad Iqbal,Mouj Lakhnavi,Naseema Shaheen & Co.,
"Main Dil Ki Baat Na Bataun, To Tum Mera Kya Kar Lo Gay..",Barat,1963,Azam Baig,G.A. Chishti,Mala,
"Main Dil Say Poochhti Hun, Woh Dil Say Poochhta Hay..",Charagh Jalta Raha,1962,Nahal Abdullah,Fazal Ahmad Karim Fazli,Noorjahan,
"Main Dillip Kumar Ban Kay Jaun Ga, Zara Tann Kay..",Begana,1966,Robin Ghosh,Saghar Siddiqi,Ahmad Rushdi,
"Main Ek Phool Hun, Ujri Hui Bharon Ka, Bujha Charagh Hun..",Alf Leila,1968,Tasadduq Hussain,Mushir Kazmi,Masood Rana,
"Main Goondhun Gi, Goondhun Gi Haar, Kin Kay Liye..",Aisa Bhi Hota Hay,1965,Nisar Bazmi,Fazal Karim Fazli,Irene Parveen,
"Main Haseen, Tum Jawan, Husn Hay Mehrban..",Ishq Par Zor Nahin,1963,Master Inayat Hussain,Qateel Shafai,Nazir Begum,
"Main Hun Akeli, Pyar Ki Rut Albeli, Tu Qareeb Meray Aye..",Fareb,1965,Jami,Abid Thanvi,Irene Parveen,
"Main Hun Ashiq Sadiyon Purana, Main Nay Haseeno Ko Naz Sikhaye..",Tumhi Ho Mehboob Meray,1969,M. Ashraf,Khawaja Parvez,Ahmad Rushdi,
"Main Hun Bacha Khan, Laya Hun Qaleen Rang Barangay..",Dr. Sheitan,1969,Hassan Latif,Ahmad Sharif,Ahmad Rushdi,
"Main Hun Champeyi Wala, Albela Matwala, 4 Aanay Ki Baat Hay..",Shake Hand,1962,Bakhshi Wazir,Tajammul Hussain,Ahmad Rushdi,
"Main Hun Chhabeeli, Nakhray Wali, Chaal Meri Mastani..",Shab Bakhair,1967,Safdar Hussain,Aarzoo Akbarabadi,Ahmad Rushdi,
"Main Hun Chhalakta Jam, Lay Mujh Ko Tham..",Burma Road,1967,Safdar Hussain,Mushir Kazmi,Mala,
"Main Hun Ek Paheli, Chhor Kay Dunya Kay Hangamay..",Ghoonghat,1962,Khawaja Khursheed Anwar,Tanvir Naqvi,Najma Niazi,
"Main Hun Haseen, Akeli Hazar Mein, Dekho, Chhero Na Mujh Ko Bazar Mein..",Hatim Tai,1967,Nisar Bazmi,Tanvir Naqvi,Naseem Begum,
"Main Hun Jadoogar Toofani, Jadoo Mera Hay Lasani..",Gulfam,1961,Rasheed Attray,Tanvir Naqvi,Batish,
"Main Hun Rome Ki Vergina, Bambio, Bambio..",NaKhuda,1968,Manzoor Ashraf,Tanvir Naqvi,Runa Laila & Co.,
"Main Hun Seemi Badan, Nazneen Hun Main..",Misaal,1966,Azam Baig,Asad Hussain Azal,Shamsa Begum,
"Main Hun Shama, Meray Paas Na Aa Parwanay, Jal Jaye Ga..",Aladdin Ka Beta,1960,G.A. Chishti,Ahmad Rahi,Naheed Niazi,
"Main Hun, Mera Dil, Tanhai Meri Mehfil, Anchal Ura Lun..",Shikari,1964,Muslehuddin,Muzaffar Warsi,Naheed Niazi,
"Main Hun, Sab Say Nirala Butler, Sab Say Achha Pakata Hun..",Ghar Ka Ujala,1966,Manzoor Ashraf,Basheer Manzar,Ahmad Rushdi,
"Main Husn Ka Sheedai, Main Husn Ka Deevana Hun..",Dard-e-Dil,1966,Khalil Ahmad,Himayat Ali Shair,Ahmad Rushdi,
"Main Ik Bhoola Hua Naghma Hun, Main Ik Bhatka Hua Rahi Hun..",Ishara,1969,Sohail Rana,Masroor Anwar,Mala,
"Main Jan Geyi, Pehchan Geyi, Tujh Ko Main Maan Geyi..",Fantoosh,1967,A. Rasheed,Hamdam Jamal,Nighat Seema,
"Main Janti Hun, Jis Ko Dil Tera Dhoondta Hay..",Ghaddar,1964,Rehman Verma,Habib Jalib,Mala,
"Main Khush Hun, Roti Bhi Hun..",Main Nay Kya Jurm Kiya,1963,Tufail Farooqi,Mushir Kazmi,Nazir Begum,
"Main Khushi Say Kyun Na Gaun, Mera Dil Bhi Ga Raha Hay..",Lori,1966,Khalil Ahmad,Himayat Ali Shair,Mujeeb Alam,
"Main Kya Bataun, Yeh Kis Ka Khayal Aya Hay Mujhay..",Husn-o-Ishq,1962,Safdar Hussain,Qateel Shafai,Naheed Niazi,
"Main Kyun Daaman Ko Phelaun, Main Kyun Kopi Dua Mangun..",Saza,1969,Nashad,Qateel Shafai,Ahmad Rushdi,
Main Naghma Bhi Hun Aur Lalkar Bhi Hun..,Qulli,1968,Ali Hossain,Suroor Barabankvi,Mala,
"Main Nahin Dil Hay Tera, Tu Kabhi Ho Ga Na Mera..",Mera Ghar Meri Jannat,1968,Manzoor Ashraf,Khawaja Parvez,Masood Rana,
"Main Nahin Hun Budhu, Budhu Hay Zamana..",Aurat Ka Pyar,1964,Manzoor Ashraf,Mushir Kazmi,Ahmad Rushdi,
Main Nahin Manta.. Tum Nay Looti Hay Insaf Ki Aabroo..,Khamosh Raho,1964,Khalil Ahmad,Habib Jalib,Ahmad Rushdi & Co.,
"Main Nakara Hun, Main Awara Hun..",Insan,1966,Rasheed Attray,Zia Sarhadi,Ahmad Rushdi,
"Main Nashay Ki Raat Hun, Barh Kay Mujhay Thaam Lay..",Kalay Log,1965,Akhtar Hussain Akhian,Tanvir Naqvi,Naheed Niazi,
"Main Nay Aaj Pi Liya To Kya, Main Nashay Mein Hun To Kya Hua..",Talash,1963,Robin Ghosh,?,Basheer Ahmad,
"Main Nay Apni Maang Sanwari, Teri Rah Mein Tak Tak Hari..",Chhotay Sarkar,1961,Inayat Hazravi,Qateel Shafai,Irene Parveen,
"Main Nay Kaha Jee, A Suno To Sahi, O Jee..",Ishq Par Zor Nahin,1963,Master Inayat Hussain,Tanvir Naqvi,Ahmad Rushdi,
"Main Nay Kaha Jee, Sunu, Pyar Kya Hay Bala..",Bahu Begum,1965,Tasadduq Hussain,Mushir Kazmi,Mala,
"Main Nay Kaha Tha, Ishq Na Karna, Tum Nay Na Mana..",Ghazala,1963,Rehman Verma,Mushir Kazmi,Batish,
"Main Nay Kaha, Ayie, Aa Bhi Jaiye..",Shaheed,1962,Rasheed Attray,Tanvir Naqvi,Ahmad Rushdi,
"Main Nay Kaha, Salam Alaikum, Meray Matwalay Hayn Sab Dil Walay..",Talash,1963,Robin Ghosh,Ishrat Kalkatvi,Firdousi Begum,
"Main Nay Kaha, Sun To Lijiye Zara, Pyar Ki Baat Ko Ab Na Taliye..",Jan-e-Arzoo,1968,Master Inayat Hussain,Qateel Shafai,Ahmad Rushdi,
"Main Nay Kaha, Suniye Zara, Mujh Say Mohabbat Hay Keh Nahin..",Dil Diya Dard Liya,1968,A. Hameed,Tanvir Naqvi,Ahmad Rushdi,
Main Nay Khawabon Mein Keyi Bar Jisay Dekha Hay..,Meray Armaan Meray Sapnay,1969,Satya Shaha,Ishrat Kaltatvi,Firdousi Begum,
Main Nay Khud Apna Ghar Jalaya Hay..,Sarhad,1966,Khawaja Khursheed Anwar,Tanvir Naqvi,Noorjahan,
"Main Nay Pee, Jurm Kiya, Barsat Peh Bhi Kuchh Ghor Karo..",Saaz aur Aavaz,1965,Hassan Latif,Habib Jalib,Ahmad Rushdi,
"Main Nay Pi Li, Teray Gham Ko Bhulaney Kay Liye..",Chhoti Si Dunya,1965,Khalil Ahmad,Ahmad Rahi,Ahmad Rushdi,
"Main Nay Pi Sang Nain Milaye, Tann Mann Chain Gawaye..",Naaz,1969,Nisar Bazmi,Qateel Shafai,Mala,
"Main Nay To Pee Hi Nahin, Aye Na Aye Eitbar..",Aurat Ek Kahani,1963,Masoom Rahim,Habib Jalib,Munir Hussain,
"Main Nay To Preet Nibhai, Sanwaria Ray, Nikla Tu Harjai..",Khamosh Raho,1964,Khalil Ahmad,Himayat Ali Shair,Mala,
"Main Nay Tujh Ko Dil Day Dala, Teray Pyar Ka Teer, Geya Dil Cheer..",Neelam,1963,Manzoor Ashraf,Mushir Kazmi,Nazir Begum,
Main Oarh Kay Chunri Laal Chaloon Jo Hirni Jaisi Chaal..,Zalim,1968,Rasheed Attray,Fyaz Hashmi,Mala,
"Main Palt Kay Rakh Dun Dunya Ko, Lay Lun Jo Angrai..",Zamin Ka Chand,1961,Tasadduq Hussain,I.K. Durrani,Irene Parveen,
"Main Pariyon Kay Des Ki Rani, Bari Nazuk Meri Kahani..",Tum Na Mano,1961,Fateh Ali Khan,Muzaffar Orkzei,Madhu Almas,
"Main Phirta Hun Awara, Jaisay Koi Toota Tara..",Teray Shehar Mein,1965,Hassan Latif,Habib Jalib,Ahmad Rushdi,
"Main Phool Baichnay Ayi, Main Tor Kay Bulbul Ka Dil..",Zarqa,1969,Rasheed Attray,Riaz Shahid,Mala,
"Main Phool Hun Zamin Ka, Tu Aasman Ka Tara..",Roopmatti Baaz Bahadur,1960,Tasadduq Hussain,Tufail Hoshiarpuri,Kousar Parveen,
"Main Premnagar Ki Nar, Sakhi, Woh Roop Nagar Ka Shehzada..",Shehzadi,1960,Tasadduq Hussain,Nusrat Mansoori,Zubaida Khanum,
"Main Pyar Ki Baazi Haar Chala, Teray Shehar Mein Phir Na Aun Ga..",Jameela,1964,Manzoor Ashraf,Mushir Kazmi,Ahmad Rushdi,
"Main Rahbar Hun, Koi Rahzan Nahin Hun..",14vin Sadi,1969,Azam Baig,Himayat Ali Shair,Ahmad Rushdi,
"Main Rahi Albela, Dhoond Raha Hay Manzil Apni, Mera Pyar Akela..",Albela,1967,Wazir Afzal,Qateel Shafai,Ahmad Rushdi,
"Main Raton Ki Rani, Main Din Ka Ujala, Huway Teri Jawani..",Sagar,1965,Khan Ataur Rahman,Suroor Barabankvi,Irene Parveen,
"Main Rikshaw Wala, Bechara, Toot Geya Har Ek Sahara..",Talash,1963,Robin Ghosh,?,Qazi Anwar Hossain,
"Main Sadqay, Main Wari Meri Jan, Jug Jug Geo, Main Wari (sad)..",Dil Kay Tukray,1965,Safdar Hussain,Fyaz Hashmi,Mala,
"Main Shama Ka Hun Parwana, Mujhay Lagtay Ho Tum Deevana..",Uljhan,1967,Noor Alam Khandkar,Yaqoob Saghar,Anjuman Ara,
"Main So Jaun, Ya Mustafa (saw) Kehtay Kehtay..",Shabab,1964,Rasheed Attray,Qateel Shafai,Naseem Begum,
Main To Aisay Balma Say Pyar Karun Gi..,Gul Bakavli,1961,Safdar Hussain,Qateel Shafai,Iqbal Bano,
"Main To Ayi Ray, Ayi Tohay Dawaray, Ghunghroo Bajay..",2 Bhai,1968,Wazir Afzal,Sorash Dehlvi,Mala,
Main to Bheegi Bheegi Ayi Barsat Mein..,Burma Road,1967,Safdar Hussain,Fyaz Hashmi,Mala,
"Main To Kar Kar Binti Haar Geyi, Piya, Hath Chhura Kar Chalay Geye..",Chingari,1964,Khawaja Khursheed Anwar,Qateel Shafai,Noorjahan,
"Main To Kho Geyi Sajna, Dekho, Lal Chunariya Orh Kay..",Bahadur,1967,Deebo,Fyaz Hashmi,Irene Parveen,
"Main To Lut Geyi Anari Kay Hath Ray, Kattay Ankhon Mein..",Payel Ki Jhankar,1966,Rasheed Attray,Qateel Shafai,Naseem Begum,
Main To Maan Kay Dil Ki Baat Aa Geyi..,Khoon Ki Pyas,1963,Safdar Hussain,Mushir Kazmi,Naseem Begum,
"Main To Nachun, Chhan Chhana Chhana Na Na..",Paisay,1964,Robin Ghosh,Qazi Riaz,Naheed Niazi,
"Main To Neelam Ka Lun Gi Jarao Gehna, Nahin To Mian, Teray Sang..",Chhoti Ammi,1964,Tasadduq Hussain,Mushir Kazmi,Irene Parveeen,
"Main To Piya Ki Bani Ray Jogan, Nachay Ji Mora..",Roopmatti Baaz Bahadur,1960,Tasadduq Hussain,Tufail Hoshiarpuri,Kousar Parveen,
"Main To Preet Laga Kay Sayyan Hui Ray, Banwariya..",Ghar Ki Laaj,1966,A. Hameed,Fyaz Hashmi,Mala,
"Main To Samjha Tha, Judai Teri Mumkin Hi Nahin..",Aarzoo,1965,Deebo,Wajd Chughtai,Masood Rana,
"Main Tuj Say Mohabbat Karta Hun, 100 Jan Say Tujh Peh Marta Hun..",Begana,1966,Robin Ghosh,Saghar Siddiqi,Nadeem,
"Main Tujh Ko Janay Dun Gi Balma, Kuchh Baat Abhi Baqi Hay..",Jan-e-Arzoo,1968,Master Inayat Hussain,Qateel Shafai,Naseem Begum,
"Main Woh Deevana Hun, Jis Par Koi Hansta Bhi Nahin..",Azad,1964,Rasheed Attray,Ahmad Rahi,Masood Rana,
"Main Wohi Hun, Jisay Tum Nay Kabhi Chaha Tha..",Joker,1966,Muslehuddin,Masroor Anwar,Ahmad Rushdi,
"Main Zaroor Gaun Gi, Dil Kay Saz Par Dharkanay Sunaun Gi..",Jan-e-Arzoo,1968,Master Inayat Hussain,Qateel Shafai,Mala,
"Main Zinda Hun Meri Behna, So Ja,..",Main Zinda Hun,1968,Hassan Latif,Habib Jalib,Mujeeb Alam,
"Main Zulf Agar Bikhraun, Jhoom Kay Baadal Chha Jaye..",Shabab,1964,Rasheed Attray,Qateel Shafai,Naseem Begum,
"Malik 2 Jahan, Sun Meri Dastan, Ek Masoom Dil Ki Yeh Faryad Hay..",Majboor,1966,Tasadduq Hussain,Qateel Shafai,Irene Parveen,
Malik Bana Hua Hay To Hay Woh Bhi Aadmi..,Aisa Bhi Hota Hay,1965,Nisar Bazmi,Masroor Anwar,Ahmad Rushdi,
"Malish Karwa Lo, Bhayya, Sar Ko Jhuka Lo, Bhayya..",Noukari,1960,Mohammad Ali Munnu,Nazim Panipati,Imdad Hussain,
"Man Geet Khushi Kay Gaye, Mora Ang Ang Lehraye..",Nadir Khan,1968,Tasadduq Hussain,Atish Ludhyanvi,Naseem Begum,
"Mana Keh Huzur, Aap Hazaron Mein Haseen Hayn..",Lori,1966,Khalil Ahmad,Himayat Ali Shair,Ahmad Rushdi,
"Mana Keh Main Deevana Hun, Ik Toota Hua Peimana Hun..",Ghar Damaad,1969,Javed Sarwar,Masroor Anwar,Ahmad Rushdi,
"Mana Keh Tum Ho Haseen, Tum Sa Dekha Na Kahin..",Habu,1961,Azam Baig,Azam Ludhyanvi,Irene Parveen,
"Mann Beena Madhur Bajay, Aaj Milan Hay..",Ujala,1966,Dheer Ali,B.A. Deep (Basheer Ahmad),Basheer Ahmad,
"Mann Ja Balam, Na Thukra Mera Pyar, Ho Na Thukra Mera Pyar..",Aag Ka Darya,1966,Ghulam Nabi,Josh Malihabadi,Noorjahan,
"Mann Kay Ujiyaray Mandar Mein, Aas Ki Jot Jagaye..",Roopmatti Baaz Bahadur,1960,Tasadduq Hussain,Tufail Hoshiarpuri,Kousar Parveen,
"Mann Mandar Kay Devta, Rakhio Laaj Hamari..",Lakhon Mein Ek,1967,Nisar Bazmi,Fyaz Hashmi,Noorjahan & Co.,
"Mann Mandar Mein Lay Angrai, Sur Sangeet Ki..",Jhalak,1964,Khalil Ahmad,Rehan,Saleem Raza,
"Mann Matwalay, Jhoom Kay Gaye, Jhoom Kay Gaye..",Laggan,1960,Azam Baig,Munir Niazi,Naheed Niazi,
"Mann Mein Basay Ho Moray Ram, Radha Kay Tum Ho Ghansham..",Shaheed Titumir,1969,Mansoor Ahmad,Yaqoob Jameel,?,
"Mann Mein Kya Hay Piya Toray, Main Janu..",Is Dharti Par,1967,Khondkar N. Alam,M.Y. Sagar,?,
"Mann Mein Samaya Kon, Kya Balam, Haan..",Gharib,1960,Nazir Sheeley,Rais Khumar,Kousar Parveen,
"Mann Mera Bolay Ray, Aye Ga, Aye Ga..",Ponam Ki Raat,1966,Tony Chitergi,Abid Jonpuri,Firdousi Begum,
"Mann Mora Tahary Gun Gaye, Payel Kay Sang Jhoom Jhoom Kay..",Shehanshah-e-Jahangir,1968,Kemal Ahmad,Muzaffar Warsi,Noorjahan,
"Manzalen, Shouq-e-Deedar Ki Manzalen, Husn Dildar Ki Manzalen..",Qasm Us Waqt Ki,1969,Nathoo Khan (N.K. Rathore),Faiz Ahmad Faiz,Mehdi Hassan,
"Manzil Apni Door O, Sathi, Andhyaron Mein Jeevan Gari Chalnay Peh..",Devdas,1965,Akhtar Hussain Akhian,Roop Baivt,Ahmad Rushdi,
"Manzil Kay Qareeb Aa Kar, Yun Kon Luta Ho Ga..",Yahudi Ki Larki,1963,Muslehuddin,Umar Ansari,Naheed Niazi,
"Mar Jaye Gi Mohabbat, Ashkon Ka Zehar Pi Kay..",Commander,1968,Master Abdullah,Muzaffar Warsi,Runa Laila,
"Mar Na Day Nach Suhanay, Koyel Kahay Pukaray..",Gharib,1960,Nazir Sheeley,Rais Khumar,Kousar Parveen,
"Mar Nazar Ki Mar Geyin, Chanchal Ankhian Teri..",Pyar Ki Saza,1964,Manzoor Ashraf,Khaleeq Ahmad Khaleeq,Kousar Parveen,
"Mareez-e-Ishq Hun, Tum Husn Ka Shahkar Ho..",Head Constable,1964,Nisar Bazmi,Zarif Jabalpuri,Muzaffar,
"Marhaba, Rasool Lallah, Rabb-e-Salam, Aala Rasool (saw)..",Mera Salaam,1966,Mohammad Ali Munnu,Muzaffar Warsi,Batish,
"Marna Bhi Nahin Asan, Jeena Bhi Qeyamat Hay..",Ham Dono,1966,Nashad,Kaleem Usmani,Runa Laila,
Mashriq Ki Tareek Faza Mein Neya Savera Phoota Hay..,Inqilab,1962,N.K. Rathoor,Hasil Muradabadi,Masood Rana,
"Mast Hay Shabab, Zara Muskariye, Kya Haal Hay..",Yeh Bhi Ek Kahani,1964,Karim Shahabuddin,Z.R. Mani,Anjuman Ara,
"Mast Jawani, Jhoom Kay Gaye, Itna Nasha Hay, Mujhay Hosh Na Aye..",Khoon-e-Nahaq,1969,Bakhshi Wazir,Tanvir Naqvi,Runa Laila,
"Mast Mast Chandni Hay, Bheegi Bheegi Raat Hay..",Tamasha,1965,Azam Baig,Munir Niazi,Saleem Raza,
"Mast Mastam, Raqs Karun, Sagar Ki Tarah Chhalkaun Har Pyala..",Mujahid,1965,Khalil Ahmad,Hamayet Ali Shair,Naseem Begum,
"Mast Nazar Say Dekho, Jee Bhar Kay, Nain Zara Tu Lay Lo Chain..",Ghazi Bin Abbas,1961,Safdar Hussain,Qateel Shafai,Naseem Begum,
"Master Jee, Mujhay Sabaq Parha Do, Main Hun Anari..",Banjaran,1962,Deebo,Masroor Anwar,Irene Parveen,
"Masti Bharay Armaan Hayn, Kya Janay Kya Ho..",Khoon-e-Nahaq,1969,Bakhshi Wazir,Tanvir Naqvi,Irene Parveen,
"Masti Bhari Nigahen, Andaz Kafrana, Zalim Teri Nazar..",Shukria,1964,Manzoor Ashraf,Mushir Kazmi,Naseem Begum,
"Masti Ka Eik Pall Hay, Sadion Say Bhi Suhana..",Lala Rukh,1968,Saleem Iqbal,Riazur Rehman Saghar,Naheed Niazi,
"Masti Mein Jhoomay Fiza, Geet Gaye Hawa, Apni Hi Dhun Mein..",Nazneen,1969,M. Ashraf,Kaleem Usmani,Ahmad Rushdi,
"Mathay Peh Jhoomar Sajaye, Mehndi Rachaye, Dulhan Bani..",Damaad,1963,Tasadduq Hussain,Mushir Kazmi,Najma Niazi & Co.,
"Matlab Hay Jaam Say, Na Gharaz Hay Saroor Say..",Ik Tera Sahara,1963,Master Inayat Hussain,Qateel Shafai,Naseem Begum,
"Matt Chhoona Ray, Mera Jism Dahkti Aag, Mujhay Matt Chhoona Ray..",Salma,1960,Rasheed Attray,Zahoor Nazar,Zubaida Khanum,
"Matt Poochho, Aaj Achanak Baithay Bathaye, Roothi Hui taqdeer..",Ishara,1969,Khalil Ahmad,Masroor Anwar,Ahmad Rushdi,
"Matwaray Sanam, O Pyaray Sanam, Meray Dil Ki Gali Mein Aana..",Subah Kahin Sham Kahin,1961,Nazir Jafri,Zahoor Nazar,Zubaida Khanum,
"Mausam Haseen Hay Leikan, Tum Sa Haseen Nahin Hay..",Aag,1967,Nisar Bazmi,Masroor Anwar,Ahmad Rushdi,
"Mausam Suhana Ho, Sathi Deevana Ho, Aisay Mein Pyar Bhala Kyun Na Ho..",Jab Say Dekha Hay Tumhen,1963,Sohail Rana,Masroor Anwar,Najma Niazi,
"Mausum Rangeela, Nasheeli Hawa, Aisay Mein Dil Hay Najanay Kahan..",Talash,1963,Robin Ghosh,Suroor Barabankvi,Firdousi Begum,
"Mayn To Chhui Mui Thi, Achhuti Ray, Moray Ban Kay Pawwan..",Eindhan,1966,Subal Das,Akhtar Yousuf,Naheed Niazi,
"Meetha Meetha Dard Mujh Ko Day Diya, Shukriya A Jan-e-Man..",3 & 3,1963,Rehman Verma,Mushir Kazmi,?,
"Meethi Meethi Baten Kar Kay, Dekho Na Nazar Bhar Kay..",Ishq Par Zor Nahin,1963,Master Inayat Hussain,Qateel Shafai,Zubaida Khanum,
"Mehboob Jis Ka Bichharay, Woh Dar, Wohi Janay..",Parosi,1968,Wazir Afzal,Zahoor Nazar,Mehdi Hassan,
"Mehfil Mein 2 Nazren Takra Geyin, Phir Kya Hua..",Begana,1966,Robin Ghosh,Shahir Siddiqi,Ahmad Rushdi,
"Mehfil To Ajnabi Thi, Tum Bhi Huay Parayay..",Mera Ghar Meri Jannat,1968,Manzoor Ashraf,Khawaja Parvez,Mehdi Hassan,
"Mehfilen Aur Bhi Hayn, Husn Ki Mehfil Kay Siwa..",Aur Bhi Gham Hayn,1960,Nathu Khan,Hamayet Ali Shair,Nazir Begum,
"Mehkay Gi Seij Pyar Ki, A Dil Meray Liye..",Chheen Lay Azadi,1968,Safdar Hussain,Qateel Shafai,Mala,
"Mehkay Gi Seij Pyar Ki, A Dil Meray Liye (sad)..",Chheen Lay Azadi,1968,Safdar Hussain,Qateel Shafai,Mala,
Mehkhanay Mein Bheis Badal Kar Aye Hayn Luteray..,Khoon Ki Pyas,1963,Safdar Hussain,Mushir Kazmi,Naheed Niazi,
Mehki Hui Milan ki Yeh Raat Chanda..,Naach Ghar,1963,Dheer Ali,Suroor Barabankvi,Basheer Ahmad,
"Mehki Mehki Hay Faza, Lay Lay Dil Ka Maza Jhoom Kay..",12 Bajay,1961,Lal Mohammad Iqbal,Shabi Farooqi,Naheed Niazi,
"Mehki Mehki Hay Faza, Raat Hay, Tanhai Hay..",Jalva,1966,Nashad,Kaleem Usmani,Munir Hussain,
Mehki Si Faza.. Marhaba..,Hukumat,1967,Manzoor Ashraf,Tanvir Naqvi,Mala & Co.,
"Mehndi Ki Raat Ayi, Mehndi Ki Qadar Karo..",Ham Ek Hayn,1961,?,Fyaz Hashmi,Kousar Parveen & Co.,
Mehshir Mein Har Sitam Ka Zalim Hissab Ho Ga..,Koh-e-Qaaf,1965,Tasadduq Hussain,Nusrat Mansoori,Irene Parveen,
"Mera Ang Ang Dholay, Dil Khaye Hichkolay..",Raqqasa,1965,Master Rafiq Ali,Mushir Kazmi,Tahira Naseer,
"Mera Ang Ang Nachay Teray Aagay, Naach Payel Meri..",Shatranj,1964,Tasadduq Hussain,Muzaffar Warsi,Irene Parveen,
"Mera Balma, Bajaye Beitha Been, Samaa Rangeen..",Bombay Vala,1961,Rehman Verma,Mushir Kazmi,Zubaida Khanum,
"Mera Bichhra Ballam Ghar Aa Geya, Meri Payel Bajay Chhanan..",Haveli,1964,Khawaja Khursheed Anwar,Qateel Shafai,Naseem Begum,
"Mera Chann Mahi Kaptan, Na Suraj Mein Yeh Aan Baan..",Azadi Ya Mout,1966,Lal Mohammad Iqbal,Sehba Akhtar,Nighat Seema,
"Mera Churan Zaiqadar, Babu..",Shehzadi,1960,Tasadduq Hussain,Nusrat Mansoori,?,
"Mera Dil Deta Hay Sada, Aa Ja Bairi, Na Sata..",Aurat Aur Zamana,1968,Ghulam Nabi,Tanvir Naqvi,Mehdi Hassan,
"Mera Dil Dharka, Hey Mera Dil Dharka, Kaisa Jadoo..",Beti Beta,1968,Manzoor Ashraf,Tanvir Naqvi,Runa Laila,
"Mera Dil Karay Dhak Dhak Seenay Mein, Maza Aanay Laga..",Payel Ki Jhankar,1966,Rasheed Attray,Qateel Shafai,Mala,
"Mera Dil Kyun Dharkanay Laga, Kuchh To Maza Aya..",Mujhay Jeenay Do,1968,Muslehuddin,Qateel Shafai,Mala,
"Mera Jan Batao Na, Ham Say Chhupao Na..",Main Nay Kya Jurm Kiya,1963,Tufail Farooqi,Mushir Kazmi,Naheed Niazi,
"Mera Khayal Ho Tum, Meri Aarzoo Tum Ho..",Nazneen,1969,M. Ashraf,Kaleem Usmani,Masood Rana,
"Mera Koi Nahin Hay Teray Siwa, Main Ban Kay Sawali Aya Hun..",Ishq-e-Habib,1965,Zafar Khursheed,Masroor Anwar,Ghulam Farid,
"Mera Mehboob Aye Ga, Baharen Sath Laye Ga..",Shola Aur Shabnam,1967,Manzoor Ashraf,Tanvir Naqvi,Mala,
"Mera Mehboob Hay, Yakkay Az Shehar Khooban, Marhaba..",Qatal Kay Baad,1963,Deebo,Masroor Anwar,Najma Niazi,
Mera Naam Qandhar Khan Aur Tu Hay Gul Andam Nasira..,Ajab Khan,1961,G.A. Chishti,G.A. Chishti,Batish,
"Mera Naam Tera Naam, Saath Saath Ho Ga..",Jaisay Jantay Nahin,1969,Nisar Bazmi,Masroor Anwar,Mala,
"Mera Nahin Hazoor, Yeh Dil Ka Qasoor Hay, Kar Do Muaaf..",Khyber Mail,1960,G.A. Chishti,Liaqat Sehbai,Zubaida Khanum,
"Mera Nikkal Geya Deevalia, Mera Bhook Say Par Geya Pala..",Dil Divana,1967,Sohail Rana,Mushir Kazmi,Ahmad Rushdi,
"Mera Phool Sa Badan Hay, Meri Chand Si Jawani..",Saltanat,1960,G.A. Chishti,Qateel Shafai,Zubaida Khanum,
"Mera Pyar Keh Raha Hay, Teray Dil Mein..",Main Nay Kya Jurm Kiya,1963,Tufail Farooqi,Mushir Kazmi,Munir Hussain,
"Mera Pyar Pukaray, Aa Ja Sajna..",Ghar Damaad,1969,Javed Sarwar,Masroor Anwar,Irene Parveen,
"Mera Riksha Bombay Mail, Dekhay Mor Mor Peh Kheil..",Suraj Mukhi,1962,Master Abdullah,Basheer Manzar,Naheed Niazi,
"Mera Riksha Bombay Mail, Dekhay Mor Mor Peh Kheil..",Suraj Mukhi,1962,Master Abdullah,Basheer Manzar,Naheed Niazi,
"Mera Yaar Hay Aisa Yaaron Mein, Ho Jaisay Chand Sitaron Mein..",Meray Bachay Meri Ankhen,1967,Deebo,Masroor Anwar,Masood Rana,
"Meray Aaqa, Meray Sultan, Rasool-e-Arbi (Saw)..",Azmat-e-Islam,1965,Master Ashiq Hussain,Naeem Hashmi,Irene Parveen,
"Meray Achhay Nana, Pyaray Pyaray Nana, Jhoot Moot Mein..",Head Constable,1964,Nisar Bazmi,Mouj Lakhnavi,Robina Badar,
"Meray Afsanay Mein Rang Aa Hi Geya, Dil Dharkanay Ka Sila..",Bahana,1965,Khan Ataur Rahman,Suroor Barabankvi,Irene Parveen,
"Meray Banray, Meri Pyari Banri, Teray Banray
..",Doosri Maa,1968,Lal Mohammad Iqbal,Masroor Anwar,Irene Parveen,
"Meray Bhoolay Say Balam, Teri NAzar-e-Karm..",Aavara,1968,Muslehuddin,Fyaz Hashmi,Naheed Niazi,
"Meray Chaqoo, Meri Chhurian, Meray Chaqoo ChamCham Chamkay..",Aadil,1966,Nisar Bazmi,Mushir Kazmi,Irene Parveen,
"Meray Dil Ka Bangla Khali Hay, Aur Is Ka Kiraya Koi Nahin..",Shukria,1964,Manzoor Ashraf,Mushir Kazmi,Naseem Begum,
"Meray Dil Kay Musafarkhanay Mein, Mehman Kabhi Ban Kay To Aa..",Payel Ki Jhankar,1966,Rasheed Attray,Qateel Shafai,Naseem Begum,
Meray Dil Kay Sanamkhanay Mein Ik Tasvir Aisi Hay..,Sharik-e-Hayyat,1968,A. Hameed,Riazur Rehman Saghar,Masood Rana,
"Meray Dil Kay Tar, Bajen Bar Bar, Hua Tujh Say Pyar, Aa Ja..",Payel Ki Jhankar,1966,Rasheed Attray,Qateel Shafai,Mehdi Hassan,
"Meray Dil Kay Tar, Bajen Bar Bar, Hua Tujh Say Pyar, Aa Ja (2)..",Payel Ki Jhankar,1966,Rasheed Attray,Qateel Shafai,Naseem Begum,
"Meray Dil Ki Anjuman Mein, Teray Gham Say Roshni Hay..",Qaidi,1962,Rasheed Attray,Habib Jalib,Saleem Raza,
"Meray Dil Ki Maina Bolay, Milnay Ko Par Tolay..",Dil-e-Nadan,1960,G.A. Chishti,Tufail Hoshiarpuri,Zubaida Khanum,
"Meray Dil Ki Mehfil Saja Denay Walay, Tera Shukriya..",Andaleeb,1969,Nisar Bazmi,Kaleem Usmani,Ahmad Rushdi,
"Meray Dil Ko Bhaya, Ik Akhbar Wala, Qalm Ka Dhanni, Kirdar Wala..",Waqt Ki Pukar,1967,Nisar Bazmi,Fazal Karim Fazli,Naseem Begum,
"Meray Dil Mein Chatakhti Hayn Kalian, Pyar Mera Manaye Rang Ralian..",Sher-e-Islam,1961,Azam Baig,Qateel Shafai,Farida Khanum,
Meray Dil Mein Chhupa Hay Chor.. Zamana Dekh Na Paye Ga..,Ghaddar,1964,Rehman Verma,Habib Jalib,Mala,
"Meray Dil Mein O Sanam, Kuchh Halchal Si Machi Hay..",Tanha,1964,Altaf Mehmood,Suroor Barabankvi,?,
"Meray Dil Mein Samaya Hay Kon, Koi Poochhay To..",Azad,1964,Zafar Yousuf,Tufail Hoshiarpuri,Irene Parveen,
"Meray Dil Mein Smaa, O Meray Dilruba, Koi Pyar Ka Chher Tarana..",Albela,1967,Wazir Afzal,Qateel Shafai,Mala,
"Meray Dilruba, Kaisa Yeh Jadoo Kiya, Maar Diya, Hey..",Gulbadan,1960,Akhtar Hussain Akhian,Shabab Keranvi,Naheed Niazi,
"Meray Geet Sun Kar Kahin A Haseena, Mohabbat Ka Tujh Peh..",Kafir,1967,Ilyas,Tanvir Naqvi,Masood Rana,
"Meray Habib Tum Ho, Mera Naseeb Tum Ho..",Qulli,1968,Ali Hossain,Suroor Barabankvi,Nadeem,
"Meray Habib, Mujhay Apnay Gham Atta Kar Day..",Maa Baap,1967,Tasadduq Hussain,Qateel Shafai,Mala,
"Meray Hamdam, Kahan Hay Aa, Meri Awaz To Sun Lay..",Kafir,1967,Ilyas,Tanvir Naqvi,Irene Parveen,
"Meray Hamdam, Main Teray Pyar Kay Qabil To Nahin..",BeReham,1967,Kemal Ahmad,Muzaffar Warsi,Mala,
"Meray Hamdam, Meray Sathi, Main Teri Damsaz Hun..",Insaniyat,1967,Manzoor Ashraf,Shabab Keranvi,Mala,
"Meray Hamdam, Meray Sathi, Yeh Din Bhi Beet Jayen Gay..",Ghaddar,1964,Rehman Verma,Habib Jalib,Mala,
"Meray Hamrahi, Mera Sath Nibhana, Zara Hath Nibhana..",Chhotay Sahib,1967,Ali Hossain,Akhtar Yousuf,Mala,
"Meray Hamsafar, Tum Baray Sangdil Ho..",Neyi Laila Neya Majnu,1969,Tasadduq Hussain,Mouj Lakhnavi,Masood Rana,
"Meray Hamsafar, Tum Hamen Na Bhulana, Kahin Ban Na Jaye..",Ustadon Ka Ustad,1967,Ghulam Ali,Aajiz Faridi,Runa Laila,
"Meray Jooray Mein Gainday Ka Phool, Main Tujhay Kaisay Dekhun..",Saza,1969,Nashad,Qateel Shafai,Mala,
"Meray Labbon Ko Muskarana Aa Geya, Tum Yeh Muskarahten Samet Lo..",Aurat,1965,Rasheed Attray,Qateel Shafai,Noorjahan,
Meray Liye Jahan Mein Ab Koi Bhi Khushi Nahin..,Baharen Phir Bhi Ayen Gi,1969,Shamim Nazli,Masroor Anwar,Mehdi Hassan,
"Meray Lut Gaye Sab Arman, Tujh Bin Chain Kahan..",Nachay Nagin Bajay Been,1965,Talib Hussain Jafri,Tanvir Naqvi,Nazir Begum,
"Meray Mehboob Ka Khat, Aaj Meray Naam Aya..",Maa Baap,1967,Tasadduq Hussain,Qateel Shafai,Mala,
Meray Mehboob Tujhay Pyar Nibhana Ho Ga..,Shehanshah-e-Jahangir,1968,Kemal Ahmad,Mushir Kazmi,Mala,
"Meray Mehboob, Meray Honton Peh Yunhi Mori Hayya Rehnay Do..",Meray Bachay Meri Ankhen,1967,Deebo,Sehba Akhtar,Runa Laila,
"Meray Mehboob, Meri Jan, Meri Taqdeer Ho Tum..",Meri Dosti Mera Pyar,1968,Tasadduq Hussain,Riazur Rehman Saghar,Ahmad Rushdi,
"Meray Mehboob, Meri Jan, Meri Taqdeer Ho Tum..",Meri Dosti Mera Pyar,1968,Tasadduq Hussain,Riazur Rehman Saghar,Mala,
"Meray Mehboob, Mujhay Pyar Say Dekha Na Karo..",Chhoti Ammi,1964,Tasadduq Hussain,Mushir Kazmi,Irene Parveeen,
"Meray Mehboob, Tera Sath Hay, Tanhai Hay..",Daaman,1963,Khalil Ahmad,Himayat Ali Shair,Mala,
"Meray Mehboob, Tujhay Pyar Karun Ya Na Karun..",Main Voh Nahin,1967,A. Hameed,Himayat Ali Shair,Noorjahan,
"Meray Munnay, Tujhay Hans Kar Har Gham Peh Chha Jana Hay..",Maa Ka Pyar,1964,Rafiq Ali,Rasheed Sajid,Nazir Begum,
"Meray Naghmat Say Rangeen, Meray Geeton Say Haseen..",Zindagi,1968,Master Abdullah,Saleem Kashar,Ahmad Rushdi,
"Meray Naino Ko Bhaya, Main Nay Man Mein Basaya..",Aasra,1969,Nisar Bazmi,Masroor Anwar,Runa Laila,
"Meray Naino Mein Parh Lay Fasana, Fasana Meray Naino Ka..",Teer Andaz,1963,G.A. Chishti,Wali Sahib,Irene Parveen,
Meray Naseeb Mein Us Bewafa Ka Pyar Nahin..,Shabab,1964,Rasheed Attray,Qateel Shafai,Naseem Begum,
"Meray Pardesi Babu, Mujhay Tum Bhool Na Jana..",Fasana-e-Dil,1969,M. Ashraf,Khawaja Parvez,Mala,
"Meray Piya Ko Dhoondh Kay Lao, Koi Piya Ko Dhoondh Kay Lao..",Ghoonghat,1962,Khawaja Khursheed Anwar,Faiz Ahmad Faiz,Noorjahan,
"Meray Sajan Kay Nakhray Niralay, Janay Walay, Kahan Tu Ja Raha Hay..",Tum Na Mano,1961,Fateh Ali Khan,Muzaffar Orkzei,Irene Parveen,
"Meray Sanam, Behkay Qadam, Mann Mein Hay Sargam..",12 Bajay,1961,Lal Mohammad Iqbal,Wajid Chughtai,Nazir Begum,
"Meray Sanam, Qareeb Aa, Nazar Mila Lay, Tera Shukiya..",Suraj Mukhi,1962,Master Abdullah,Basheer Manzar,Mala & Co.,
"Meray Sanam, Tujhay Meri Qasm, Mohabbat Ki Rahon Mein..",Shake Hand,1962,Bakhshi Wazir,Tajammul Hussain,Nazir Begum,
"Meray Sanam, Tum Ho Hamaray, Ham Hayn Tumharay..",Yeh Bhi Ek Kahani,1964,Karim Shahabuddin,Z.R. Mani,Firdousi Begum,
"Meray Sapno Mein Aakay, Needen Chura Kay, Dil Tarpatay Ho..",Bhayya,1966,Robin Ghosh,Shahir Siddiqi,Mala,
"Meray Sathi Ray, Dukhiya Ko Aur Na Rulana..",Rupban,1965,Satiya Saha,Ayaz Aasim,Naina Khan,
"Meray Sathi, Tujh Say Bichhar Kar Jeena Ab Asan Nahin..",Ek Hi Rasta,1968,Deebo,Masroor Anwar,Mala,
"Meray Seenay Mein Bhi Dil Hay, Koi Itna Samjhay..",Baalam,1968,Khalil Ahmad,Himayat Ali Shair,Naseem Begum,
"Meray Watan Kay Rakwalon Nay, Kaisa Watan Bachaya Hay..",Moajza,1966,Akhtar Hussain Akhian,Sahil Farani,Saleem Raza,
"Meri Aarzoo Peh Shabab Hay, Yeh Khayal Hay Keh Shabab Hay..",Koh-e-Noor,1966,Manzoor Ashraf,Fyaz Hashmi,Noorjahan,
"Meri Aarzoo, Teri Justaju, Dono Ek Hayn, Tujhay Kya Khabar..",Baghawat,1963,G.A. Chishti,Hazin Qadri,Irene Parveen,
"Meri Ankhen Do Pemanay Hayn, In Ankhon Mein..",Lutera,1964,Saif Chughtai,Saif Chughtai,Naheed Niazi,
Meri Ankhon Say Masti Chhalkanay Lagi..,Shikari,1964,Muslehuddin,Qateel Shafai,Irene Parveen,
Meri Baat Maniye To Kya Hi Baat Hay..,Sahil,1960,Rasheed Attray,Saifuddin Saif,Saleem Raza,
Meri Bahnon Mein Teri Zulf Jo Lehrai Hay..,Mehboob,1962,Rasheed Attray,Qateel Shafai,Saleem Raza,
"Meri Banri, Meri Pyari Banri, Teray Banray
..",Doosri Maa,1968,Lal Mohammad Iqbal,Masroor Anwar,Irene Parveen,
"Meri Barbard Dunya Ka Tamasha, Dekh Lay Dunya..",Gulbadan,1960,Mohammad Ali Munnu,Shabab Keranvi,Munir Hussain,
"Meri Botl Ghoomay, Sanbhal Sanbhal, Jaisay Bhanwra Nachay..",Sukh Ka Sapna,1962,Manzoor Ashraf,Faiz Ahmad Faiz,Naseem Begum,
"Meri Dastan-e-Hasrat, Woh Suna Suna Kay Roye..",Roopmatti Baaz Bahadur,1960,Tasadduq Hussain,Saifuddin Saif,Kousar Parveen,
"Meri Faryad Sun, Meray Mushkil Kusha..",Ladla,1969,Lal Mohammad Iqbal,Sehba Akhtar,Runa Laila,
"Meri Guriya Ka Hay Jalwa Nirala, Milay Isay Koi Mujh Jaisa Dil Wala..",Eid Mubarak,1965,A. Hameed,Fyaz Hashmi,Ahmad Rushdi,
"Meri Har Nazar Mein Jadoo Hay, Mera Kaam Dil Churana..",Daku Ki Larki,1960,Rasheed Attray,Kaleem Usmani,Naseem Begum & Co.,
"Meri Jan, Meray Hamsafar, Na Ro, Dekh, Ab Qareeb Hay Sahar, Na Ro..",Doosri Shadi,1968,M. Ashraf,Saifuddin Saif,Mujeeb Alam,
"Meri Jan, Meray Hamsafar, Na Ro, Dekh, Ab Qareeb Hay Sahar, Na Ro..",Doosri Shadi,1968,M. Ashraf,Saifuddin Saif,Irene Parveen,
"Meri Jan, Zara Thehar Ja, Tu Mujhay Yeh To Bata..",NaKhuda,1968,Manzoor Ashraf,Tanvir Naqvi,Mala & Co.,
"Meri Jawani Say Na Bach Kay Chal, Shama Hun Teri..",C.I.D.,1969,Bakhshi Wazir,Tajammul Hussain,?,
"Meri Khamosh Mohabbat Ko, Ishara Day Do..",Chhoti Behan,1964,Lal Mohammad Iqbal,Shabbi Farooqi,Masood Rana,
"Meri Latt Nagin Phunkaray, Balao Kisi Jogi Ko..",Beti Beta,1968,Manzoor Ashraf,Qateel Shafai,Irene Parveen,
"Meri Maan Lay Julmi Baat Ray, Mera Tham Lay Aaj Hath Ray..",Mehtab,1962,Manzoor Ashraf,Mushir Kazmi,Nazir Begum,
"Meri Masoom Saheli, Ussay Ab Yaad Na Kar..",Mehman,1969,Master Inayat Hussain,Qateel Shafai,Mala,
"Meri Mast Jawani Ki Tasvir Hay, Sheeshay Wali Mein Jo Utar Jaye..",Sher-e-Islam,1961,Azam Baig,Qateel Shafai,Zubaida Khanum,
"Meri Mast Jawani Lehrai, Ehsan Hay Mujh Par, Saqi..",Sham Dhalay,1960,Rasheed Attray,Sufi Ghulam Mustafa Tabassum,Zubaida Khanum,
"Meri Mehbooba, Meri Hamdraz Hay Tu (1)..",Diya Aur Toofan,1969,Kemal Ahmad,Jameel Ahmad,Mehdi Hassan,
"Meri Mehbooba, Meri Hamraz Hay Tu (2)..",Diya Aur Toofan,1969,Kemal Ahmad,Jameel Ahmad,Mehdi Hassan,
Meri Mohabbat Ka Mujh Ko Nateeja Yeh Mila..,Zanjeer,1960,Feroz Nizami,Arsh Lakhnavi,Saleem Raza,
"Meri Nass Nass Mein Piya, Tu Nay Kya Ghol Diya..",Pyasa,1969,Subal Das,Akhtar Yousuf,Mala,
"Meri Nazar Mein Kya Ho Tum, Kya Hun Main, Nazar Say Poochh Lo..",Anchal,1962,Khalil Ahmad,Himayat Ali Shair,Ahmad Rushdi,
"Meri Nazren Hayn Talwar, Kis Ka Dil Hay Rokay War..",Shaheed,1962,Rasheed Attray,Tanvir Naqvi,Naseem Begum,
"Meri Pyari Pyari Behna, Ik Baat Zara Sach Kehna..",Mujhay Jeenay Do,1968,Muslehuddin,Qateel Shafai,Naheed Niazi,
"Meri Pyasi Tamannao Kay Malik, Mila Nazren, Tujhay Makhmoor Karun..",Naaz,1969,Nisar Bazmi,Qateel Shafai,Mala,
"Meri Qismat Bata, Meri Kya Hay Khata, Kin Gunhaon Ki Mujh Ko..",Armaan,1966,Sohail Rana,Masroor Anwar,Mala,
"Meri Rahon Peh Kyun Andhera Hay, Kahan Dooba Hua Savera Hay..",3 Phool,1961,Saleem Iqbal,Ghulam Rabbani,Saleem Raza,
"Meri Sarkar, Tu Be-Kar Biggar Jati Hay, Bigri Ban Jati Hay..",Qaidi,1962,Rasheed Attray,Aziz Kashmiri,Ahmad Rushdi,
"Meri Taqdeer Yeh To Bata, Kya Mila Barbad Kar Kay..",Diya Aur Toofan,1969,Kemal Ahmad,Rangeela,Mala,
"Meri Taraf Dekhiye Na, Dekhiye, Nazar Uthaiye..",Bhayya,1966,Robin Ghosh,Ishrat Kalkatvi,Bashir Ahmad,
"Meri Wadi, Meri Basti, Meray Mehboob Watan, Teray Qurban..",Khaibar Pass,1964,Safdar Hussain,Hazin Qadri,Munir Hussain,
Meri Wafao Ka Sila Mujha Ko Mila Hay..,Lala Rukh,1968,Saleem Iqbal,Mushir Kazmi,Mala,
"Meri Zindagi Hay Naghma, Meri Zindagai Tarana..",Salgira,1969,Nashad,Shevan Rizvi,Noorjahan,
"Mian Mithu Jee, Choori Khao Gay, Ab Nahin Khao Gay To Pachhtao Gay..",Divana,1964,Muslehuddin,Mushir Kazmi,Irene Parveen,
Mil Gei Thandak Nigahon Ko Teray Deedar Say..,Zindagi,1968,Master Abdullah,Saleem Kashar,Noorjahan,
"Mil Geya Dil Ko Qarar, Jhoom Utha Mera Pyar..",Ayaz,1960,Khawaja Khursheed Anwar,Qateel Shafai,Naheed Niazi,
"Mil Geyi, Mil Geyi, Ham Ko Pyar Ki Manzil..",Ik Nageena,1969,Amjad Bobby,Taslim Fazli,Ahmad Rushdi,
"Mil Kay Gao, Khushi Kay Taranay..",Sajda,1967,Manzoor Ashraf,Qateel Shafai,Mala,
"Milay Gi Jab Nigah Say Nigah, Aaj Raat Ko, Chamak Uthay Gi..",Sher-e-Islam,1961,Azam Baig,Qateel Shafai,Naheed Niazi,
"Milay Ham Tu Nazaray Muskaraye, Milay Do Dil, Sitaray Jagmagaye..",Inqilab,1962,N.K. Rathoor,Tajammul Hussain,Naseema Shaheen,
Milay Is Tarah Dil Ki Dunya Jaga Di..,Qulli,1968,Ali Hossain,Suroor Barabankvi,Masood Rana,
"Mili Hay Nazar Say Nazar, Chupkay Chupkay Hawa Hay Asar..",Insan,1966,Rasheed Attray,Sufi Tabassum,Naseem Begum,
"Millat Kay Jawano Ko, Yeh Pegham Suna Do..",Waqt Ki Pukar,1967,Nisar Bazmi,Fazal Karim Fazli,Noorjahan,
"Milnay Ka Moqa Hay, Galay Lag Ja..",Daagh,1969,Ali Hossain,Akhtar Yousuf,Masood Rana,
"Milta Nahin Hay Razadar Koi, Aaj Hua Hay Beqarar Koi..",Hukumat,1967,Manzoor Ashraf,Tanvir Naqvi,Mala,
"Milta Nahin Sakun, Heye Main Kya Karun..",Jugnu,1968,Manzoor,Sardar Adeeb,Runa Laila,
"Mit Geye Saray Gham, Mil Geye Jab Hazoor..",Taj Mahal,1968,Nisar Bazmi,Tanvir Naqvi,Masood Rana,
"Mitay Ga Nam-o-Nishan Tumhara, Nishan Hamara Mitanay Walo..",Azmat-e-Islam,1965,Master Ashiq Hussain,Tanvir Naqvi,Naheed Niazi,
"Mitrwa, Tarsen Mori Akhian, Jab Jab Aye Yaad Tohari..",Mousiqar,1962,Rasheed Attray,Tanvir Naqvi,Munir Hussain,
"Mohabbat Bharay Jaam Peeta Ja, Yunhi Subha Shaam Peeta Ja..",Street 77,1960,Akhtar Hussain Akhian,Saleem Tabani,Naseem Begum & Co.,
"Mohabbat Ek Doulat Thi, Luta Di Rigan Main Nay..",Sham Dhalay,1960,Rasheed Attray,Sufi Ghulam Mustafa Tabassum,Munir Hussain,
"Mohabbat Hay Jawani Ka Tarana, Mohabbat Hay Bara Rangeen Afsana..",Hatim Tai,1967,Nisar Bazmi,Tanvir Naqvi,Naseem Begum,
Mohabbat Jurm Hay Tau Ham Jurm Ka Iqrar Kartay Hain..,Taj Mahal,1968,Nisar Bazmi,Tanvir Naqvi,Mala,
"Mohabbat Ka Ghora, Jawani Ki Gari, Kabhi Maal Par..",Dil-e-Nadan,1960,G.A. Chishti,Tufail Hoshiarpuri,Naheed Niazi,
"Mohabbat Ka Maza Lijye Zara, Aahista, Aahista..",Khandan,1964,Rehman Verma,Habib Jalib,Irene Parveen,
"Mohabbat Ka Tarana Goonj Utha, Jab Saaz Hay Seenay Hayn..",Faishon,1965,Bakhshi Wazir,Qateel Shafai,Shoukat Ali,
Mohabbat Ka Tarana Mujh Say Gaya Ja Nahin Sakta..,Dil-e-Betab,1969,Master Inayat Hussain,Qateel Shafai,Ahmad Rushdi,
"Mohabbat Ka Waada Hamesha Nibhana, Na Ankhen Churana..",Shahi Mahal,1968,Tasadduq Hussain,Shabab Keranvi,Irene Parveen,
Mohabbat Kay Dam Say Yeh Dunya Haseen Hay..,Paristan,1968,Rasheed Attray,Tanvir Naqvi,Naseem Begum,
"Mohabbat Kay Diye Jala Lo, Wafa Kay Geet Gungana Lo..",Asslam-o-Alaikum,1969,Nazar,Suhail Iqbal,Saleem Shehzad & Co.,
"Mohabbat Kay Jahan Mein, Husn Kay Dam Say Ujala Hay..",Naela,1965,Master Inayat Hussain,Qateel Shafai,Mala,
"Mohabbat Kay Maro Say Yeh Kaisi Larai, Array, Maan Jao..",Begana,1966,Robin Ghosh,Saghar Siddiqi,Mohammad Ali Siddiqi,
Mohabbat Kay Qabil Hay Soorat Tumhari..,Bahu Rani,1969,Nisar Bazmi,Fyaz Hashmi,Ahmad Rushdi,
"Mohabbat Ki Dunya Luti Ja Rahi Hay, Tu Aa Ja, Sitaron Ko Neend..",Samira,1963,Safdar Hussain,Mushir Kazmi,Naseem Begum,
"Mohabbat Ki Qasm, Tu Jan Say Bhi Pyara Hay, O Meray Dildar..",Khaibar Pass,1964,Safdar Hussain,Fyaz Hashmi,Irene Parveen,
"Mohabbat Ki Saza Paye Huway Hayn, Ham Un Kay Dar Say..",Ek Manzil 2 Rahen,1962,Rasheed Attray,Qateel Shafai,Naseem Begum,
"Mohabbat Mein Sara Jahan Jal Geya Hay, Zamin Jal Geyi..",Insaniyat,1967,Manzoor Ashraf,Shabab Keranvi,Mala,
"Mohabbat Mein Teray Sar Ki Qasam, Aisa Bhi Hota Hay..",Aisa Bhi Hota Hay,1965,Nisar Bazmi,Fazal Karim Fazli,Ahmad Rushdi,
Mohabbat Rang Ban Kar Zindagi Ban Geyi..,Naach Ghar,1963,Dheer Ali,Suroor Barabankvi,Malka Parveen,
"Mohabbat, Dard Mein Dooba Hua Peigham Lay Ayi..",Peigham,1964,A. Hameed,Fyaz Hashmi,Noorjahan,
"Mohammad (Saw), Mohammad (Saw), Pukaray Chala Ja..",Azmat-e-Islam,1965,Master Ashiq Hussain,Naeem Hashmi,Saleem Raza & Co.,
"Mohay Chhor Balam, Us Paar Geye, 2 Naina Tak Tak Haar Geye..",Sahil,1960,Rasheed Attray,Saifuddin Saif,Naseem Begum,
"Mohay Dar Sa Lagay, Tujhay Dar Kyun Lagay, Chhor Sanwaria Bayyan..",Samundar,1968,Deebo,Sehba Akhtar,Runa Laila,
"Mohay Tera Pyar Tarpaye, Hey, Aur Nindiya Na Aye..",Nateeja,1963,A. Hameed,Fyaz Hashmi,Zubaida Khanum,
"Moray Bagiyan Mein Aye Bahar, Jaisay Rim Jhim Paray Phawar..",Maalan,1964,Nazir Sheeley,?,Naseema Shaheen,
"Moray Jeevan Sathi Ray, Main Kab Tak Apna Jee Tarpaun..",Rupban,1965,Satiya Saha,Ayaz Aasim,Naina Khan,
"Moray Nain Lagay Un Say, Zamana Chahay Jo Kahay..",Payel Ki Jhankar,1966,Rasheed Attray,Qateel Shafai,Naseem Begum,
"Mori Akhian Pyar Karen, Moray Balmva, Chhup Chhup Deikhen..",3 Phool,1961,Akhtar Hussain Akhian,Ghulam Rabbani,Iqbal Bano,
"Mori Chhor Do Kalai, Sajna, Chhoro, Cheez Hay Parai Sajna..",Ulfat,1967,Jami,Izhar Jami,Naseem Begum,
Mori Ghaghar Ka Pani Chhalak Chhalak Kyun Jaye..,Jaag Utha Insan,1966,Lal Mohammad Iqbal,Dukhi Premnagri,Irene Parveen & Co.,
Mori Payelia Bajay ChhamChham ChhamChham..,Jungli Phool,1968,Karim Shahabuddin,Akhtar Lakhnavi,Irene Parveen & Co.,
"Mori Pooja Kay Phool Murjhaye, Neer Akhien Mein Bhar Bhar Aye..",Devdas,1965,Akhtar Hussain Akhian,Roop Baivt,Kousar Parveen,
"Moti Dana, Danay Upar Dana..",Charagh Jalta Raha,1962,Nahal Abdullah,Ameer Khusro,Kajjan Begum & Co.,
"Moula Ali (as), Mushkil Kusha, Mujh Peh Karm Farmaiye..",Husn Ka Chor,1966,Khalil Ahmad,Himayat Ali Shair,Noorjahan,
"Moula Jab Bhi Deta Hay, Chhappar Phaar Kar Deta Hay..",Street 77,1960,Akhtar Hussain Akhian,Saleem Tabani,Fazal Hussain,
"Moula, Madad Ko Aayie, Ab Aa Bhi Jayie, Kashti Meri Bhanwar Mein Hay..",Saaz aur Aavaz,1965,Zafar Khursheed,Izhar Malihabadi,Naseem Begum,
"Mousam Bahar Ka Hay, Man Kay Singhar Ka Hay..",Aasra,1969,Nisar Bazmi,Masroor Anwar,Runa Laila,
"Mousam Bhi Suhana Hay, Din Hayn Jawani Kay..",Zinda Lash,1967,Tasadduq Hussain,Mushir Kazmi,Irene Parveen & Co.,
"Mout Ki Hay Pukar, Deep Bujha Do..",Chanda,1962,Robin Ghosh,Suroor Barabankvi,Firdousi Begum,
"Mr. Bala, Ice Cream Wala, Dil Ki Thandak..",Suhagan,1967,A. Hameed,Fyaz Hashmi,Ahmad Rushdi,
"Mubarak Ho Sada, Qayem Rahay Rishta Mohabbat Ka..",Mera Kya Qasoor,1962,Tasadduq Hussain,Mushir Kazmi,Mala,
"Mubarak, Mubarak, Salamat, Salamat, Happy Birthday To You..",Aurat Ek Kahani,1963,Masoom Rahim,Habib Jalib,Naseema Shaheen & Co.,
Muddat Hui Hay Yaar Ko Mehman Kiye Huway..,Ghalib,1961,Tasadduq Hussain,Mirza Ghalib,Noorjahan,
"Muft Hi Samjha Raha Hun, Baat Matlab Ki Janab..",Doosri Shadi,1968,M. Ashraf,Khawaja Parvez,Ahmad Rushdi,
"Mujh Ko Awaz Day Tu Kahan Hay, Teray Bin Mera Suna Suna Jahan Hay..",Ghoonghat,1962,Khawaja Khursheed Anwar,Tanvir Naqvi,Mehdi Hassan,
"Mujh Ko Hay Tujh Say Pyar, Aa Ja Chanda, Gulshan Peh Hay Nikhar..",Zanjeer,1960,Feroz Nizami,Arsh Lakhnavi,Kousar Parveen,
"Mujh Ko Maar Diya, Ulfat Ki Maar Nay, Nindiya Chheen Li..",Insaf,1960,Nathu Khan,Baqar Rizvi,Nazir Begum,
"Mujh Ko Mila Kay Khak Mein, A Meray Hamsafar, Na Ja..",Haveli,1964,Khawaja Khursheed Anwar,Tanvir Naqvi,Noorjahan,
"Mujh Ko Pyar Mila Na Mila, Teri Dunya Shad To Hay..",Vah Bei Vah,1964,Master Abdullah,Munir Niazi,Saleem Raza,
"Mujh Ko Sahil Ki Tamanna, Tujh Ko Toofanon Say Pyar..",Daal Mein Kala,1962,Muslehuddin,Fyaz Hashmi,Naheed Niazi,
"Mujh Ko Ulfat Bhi Nahin, Tujh Ko Adawat Bhi Nahin..",Tum Milay Pyar Mila,1969,Nashad,Taslim Fazli,Mujeeb Alam,
"Mujh Say Kya Achha Kiya Tu Nay, Pyar Kar Kay Pyar Ko Dhoka Diya..",Dil-e-Nadan,1960,G.A. Chishti,Ahmad Rahi,Saleem Raza,
"Mujh Say Mat Pooch, Meray Dil Ki Tamanna Kya Hay..",Dulhan,1963,Rasheed Attray,Nakhshab,Naheed Niazi,
"Mujh Say Pehli Si Mohabbat, Meray Mehboob Na Maang..",Qaidi,1962,Rasheed Attray,Faiz Ahmad Faiz,Noorjahan,
"Mujh Say Zara Bach Kay, Husn Hay Mera Naam..",Rusvai,1966,Saleem Iqbal,Shehzad Ahmad,?,
"Mujhay Aisa Piya Ka Pyar Milay, Jisay Mann Ka Meet Bana Sakun..",Hamraz,1967,Khawaja Khursheed Anwar,Qateel Shafai,Mala,
"Mujhay Arzoo Thi Jis Ki, Woh Pyam Aa Geya Hay..",Naela,1965,Master Inayat Hussain,Qateel Shafai,Mala,
Mujhay Ayi Na Jagg Say Laaj.. Keh Ghungroo Toot Geye..,Naaz,1969,Nisar Bazmi,Qateel Shafai,Mala,
"Mujhay Chand Say Dar Lagta Hay, Kuchh Batein, Kuchh Ratein..",Qatal Kay Baad,1963,Deebo,Munir Niazi,Noorjahan,
"Mujhay Chhor Kar Akela, Kahin Door Janay Walay..",Hamrahi,1966,Tasadduq Hussain,Muzaffar Warsi,Masood Rana,
"Mujhay Dunya Say Shikwa Nahin, Yahan Koi Bhi Mera Nahin..",Yeh Dunya,1960,Deebo,Wajid Chughtai,Iqbal Bano,
"Mujhay Tak, Bina Shak, Par Aisay To Na Tak..",Zarina,1962,G.A. Chishti,Tanvir Naqvi,Saleem Raza,
"Mujhay Talash Thi Jis Ki, Woh Hamsafar Tum Ho..",Jahan Tum Vahan Ham,1968,Robin Ghosh,Masroor Anwar,Ahmad Rushdi,
"Mujhay Tasvir Banani Hay, Zara Naz Dikha, Koi Andaz Dikha..",Gunahgar,1967,Rasheed Attray,Riaz Shahed,Munir Hussain,
"Mujhay Teri Qasm, Teri Jan Ki Qasm..",Main Nay Kya Jurm Kiya,1963,Tufail Farooqi,Mushir Kazmi,Nazir Begum,
"Mujhay Tum Milay, Zindagi Mil Geyi Hay..",Tumhi Ho Mehboob Meray,1969,M. Ashraf,Khawaja Parvez,Mala,
"Mujhay Tum Nazar Say Gira To Rahay Ho, Mujhay Tum Kabhi Bhi..",Doraha,1967,Sohail Rana,Masroor Anwar,Mehdi Hassan,
"Mujhay Un Ki Anjuman Mein Lay Aya, Dil Deevana, Ab Dil Kahan..",Ham Matvalay Nojavan,1965,Saleem Iqbal,Masroor Anwar,Saleem Raza,
"Mujhay, Ik Larki Say Pyar Ho Geya, Us Nay Hans Kay Dekha..",Heera Aur Pathar,1964,Sohail Rana,Masroor Anwar,Saleem Shehzad,
"Mujhay, Tum Say Mohabbat Hay, Ik Bar Zara Dheeray Say Tumhen..",Heera Aur Pathar,1964,Sohail Rana,Masroor Anwar,Ahmad Rushdi,
"Mukh Mor Kay Mat Ja Rani, Dil Tor Kay Mat Ja, Rani..",Aliya,1967,Master Inayat Hussain,Riazur Rehman Saghar,Ahmad Rushdi,
"Mukhray Ko Chhupanay Ki Ada, Lay Geyi Dil Ko..",Shikva,1963,Deebo,Munir Niazi,Masood Rana,
"Mukhray Peh Sehra Dalay, Aa Ja O Aanay Walay..",Saheli,1960,A. Hameed,Fyaz Hashmi,Naseem Begum & Co.,
"Munnay Mian, Aisi Khushian, Dekho Tum Har Saal..",Qulli,1968,Ali Hossain,Shair Siddiqi,Irene Parveen & Co.,
"Munnya Ki Hay Salgirah, Happy Happy Hurra..",Voh Kon Thi,1966,Nazir Jafri,Tishna Meeruti,Ahmad Rushdi,
"Mur Geya Meray Jeevan Ka Dhara, Ab Koi Na Raha Zindagi Ka Sahara..",Jeena Bhi Mushkil,1969,Jalal Ahmad,N/A,Fidousi Begum,
"Murli Bajaye Ja, Dil Mein Samaye Ja..",Sham Dhalay,1960,Rasheed Attray,Tanvir Naqvi,Naseem Begum,
"Mushkil Hay, Meri Nazar Kay Teer Say Bachna..",Gulfam,1961,Rasheed Attray,Habib Jalib,Naheed Niazi,
"Mushkil Mein Hay Dil, Jawan Jhootay Hayn..",20 Din,1964,Sohail Rana,Mouj Lakhnavi,Nighat Seema,
"Mushkil Mein Sab Nay Tujh Ko Pukara, Parwardigara..",Hatim Tai,1967,Nisar Bazmi,Tanvir Naqvi,Masood Rana,
"Mushkil Nikla Dil Ka Sanbhlna, Ham Nay Dekha, Lakh Sanbhal Kay..",Charagh Jalta Raha,1962,Nahal Abdullah,Fazal Ahmad Karim Fazli,Talat Mehmood,
"Muskaraye, Jhoom Jaye Mera Dil, O Piya..",Mala,1965,Khan Ataur Rahman,Suroor Barabankvi,Irene Parveen,
"Na Aana, Na Jana, Nigahen Churana, Ham Dil Walon Ko Tarsana..",Barsat Mein,1962,Hassan Latif,Tanvir Naqvi,Ahmad Rushdi,
"Na Aya Aaj Bhi Tu, Kya Yeh Be-Rukhi Kam Hay..",Devar Bhabhi,1967,Master Inayat Hussain,Fyaz Hashmi,Mala,
"Na Chhura Sako Gay Daaman, Na Nazar Bacha Sako Gay (happy)..",Daaman,1963,Khalil Ahmad,Himayat Ali Shair,Noorjahan,
"Na Chhura Sako Gay Daaman, Na Nazar Bacha Sako Gay (sad)..",Daaman,1963,Khalil Ahmad,Himayat Ali Shair,Noorjahan,
"Na Dekhiye, Idhar Udhar, Zara Qareeb Ayie, Qareen Say Qareeb Tar..",Karishma,1968,Hassan Latif,Tanvir Naqvi,Noorjahan,
"Na Dil Ki Dharkan Chhupa Sakun Gi, Na Ankh Un Say Mila Sakun Gi..",Akelay Na Jana,1966,Suhail Rana,Masroor Anwar,Nighat Seema,
Na Hotay Husn Walay To Buhat Dil Ki Khushi Hoti..,Fantoosh,1967,A. Rasheed,Hamdam Jamal,Nighat Seema,
"Na Ja Ray, Na Ja Ray, Meray Bachpan Chhor Kay..",Parosi,1968,Wazir Afzal,Zahoor Nazar,Noorjahan,
"Na Ja Ray, Na Ja, Mera Pyar Pukaray, Kaisay Jiyen Gay..",Naheed,1968,Nashad,Taslim Fazli,Noorjahan,
"Na Janay Kaisa Safar Hay Mera, Jahan Hay Manzil, Wahin Lutera..",Banjaran,1962,Deebo,Fyaz Hashmi,Noorjahan,
"Na Janay, Un Peh Deevana Kyun Dil Ho Geya..",Ghazala,1963,Rehman Verma,Tufail Hoshiarpuri,Ishrat Jahan,
"Na Jano Ham Ko Ajnabi, Milen Hayn Tujh Say Ham Kabhi..",Nadira,1967,Rehman Verma,Muzaffar Warsi,Mala,
"Na Jhatko Haath, Karo Kuchh Baat, Keh Ham Ko Neend Nahin Aati..",Nazneen,1969,M. Ashraf,Kaleem Usmani,Masood Rana,
"Na Kisi Kay Kaam Main Aa Saka, Na Kisi Kay Dil Mein Sama Saka..",Tum Na Mano,1961,Fateh Ali Khan,Muzaffar Orkzei,Javed Akhtar,
Na Kiya Badnam Kisi Ko Na Kisi Ko Tohmat Di Hay..,Mehman,1969,Master Inayat Hussain,Qateel Shafai,Mala,
"Na Koi Hamsafar Mera, Na Koi Manzil Hay..",BeReham,1967,Rehman Verma,Habib Jalib,Mala,
"Na Koi Patwar Na Manji Aur Na Koi Nao, Rehmat Kay Badal Aao..",Meri Bhabhi,1969,Amjad Bobby,Taslim Fazli,Masood Rana,
"Na Koi Waada Kiya, Na Koi Khai Qasm, Jhuk Geyi Phir Bhi Nazar..",Baji,1963,Saleem Iqbal,Ahmad Rahi,Najma Niazi,
"Na Main Chor, Na Main Chor Ka Bhai, Main Hun Ek Albela Rahi..",Neelam,1963,Manzoor Ashraf,Mushir Kazmi,Ahmad Rushdi,
"Na Milay Gi Khushi, Hay Yahi Zindagi..",Mera Ghar Meri Jannat,1968,Manzoor Ashraf,Khawaja Parvez,Mala,
"Na Milta Gar Yeh Touba Ka Sahara, Ham Kahan Jatay..",Touba,1964,A. Hameed,Fyaz Hashmi,Munir Hussain,
"Na Mulaqat Hui, Na Koi Baat Hui, Un Peh Dil Aa Geya..",Zamin Ka Chand,1961,Tasadduq Hussain,Tufail Hoshiarpuri,Naheed Niazi,
"Na Na Chhero, Hatto, Jao Jee, Aa Ja, Dil Milay Lay..",Gulfarosh,1961,Safdar Hussain,Zahoor Raja,Naheed Niazi,
"Na Na Na, Hun Hun Hun, Buri Baat Hay, Dekho Mujh Ko Na Yun..",Barsat Mein,1962,Hassan Latif,Tanvir Naqvi,Ahmad Rushdi,
"Na Raas Ayi Wafa Dil Laga Kay Dekh Liya, Array Zamanay..",Peigham,1964,A. Hameed,Fyaz Hashmi,Munir Hussain,
"Na Raha  Koi Sahara, Na Raha Koi Thikana, Janay Kahan Kahayn..",Maa Kay Aansoo,1963,Manzoor Ashraf,Shabab Keranvi,Shoukat Ali,
"Na Ras Ayi Wafa, Dil Laga Kya Dekh Liya, Array Zamanay..",Honhaar,1966,A. Hameed,Fyaz Hashmi,Mehdi Hassan,
"Na Ro Pyari Baji, Na Ro, Meray Bhi Arman Rotay Hayn..",Zamin,1965,Wazir Afzal,Mushir Kazmi,Naheed Niazi,
"Na Shakh Hi Rahi Baqi, Na Ashiyana Hay..",Maa Bahu Aur Beta,1966,Hassan Latif,Habib Jalib,Noorjahan,
Na Thay Tumhari Ada Kay Qabil..,Dak Bangla,1966,Ali Hossain,Akhtar Yousuf,Firdousi Begum,
"Na To Ghat Kay Rahay Ham, Na To Ghar Kay Rahay..",Noukari,1960,Mohammad Ali Munnu,Nazim Panipati,Munir Hussain & Co.,
"Na To Shair Hun Main, Na Musawwar Hun Main, Na Haseena Ka..",Jameela,1964,Manzoor Ashraf,Mushir Kazmi,Ahmad Rushdi,
"Na Tum Ham Say Jafa Kartay, Na Ham Tum Say Gila Kartay..",Zarina,1962,G.A. Chishti,Tanvir Naqvi,Noorjahan,
"Naach Naach Parvanay, Jab Tak Shama Jaley..",Ayaz,1960,Khawaja Khursheed Anwar,Qateel Shafai,Kousar Parveen,
"Naach Naach Ray Ghail Panchhi, Dekh Dekh Ray Dukhia..",Waqt Ki Pukar,1967,Nisar Bazmi,Fazal Karim Fazli,Mala,
"Naach Ri Jogan, Been Ki Dhun Par, Preet Nagarya Jana Hay..",Nachay Nagin Bajay Been,1965,Talib Hussain Jafri,Mushir Kazmi,Naseem Begum,
"Naach, Naach, Saru No Bahar Naach, Jhoom Uthay Yeh Raat..",Savaal,1966,Rasheed Attray,Fyaz Hashmi,Munir Hussain & Co.,
"Naag Raja, Darshan Do, Meray Mann Ki Been Suno..",Mala,1965,Khan Ataur Rahman,Suroor Barabankvi,Irene Parveen,
"Naam Lay Lay Kay Tera, Ham To Jiye Jaen Gay..",Aulad,1962,A. Hameed,Fyaz Hashmi,Naseem Begum,
"Naam Mera Abduallah, Bechta Hun Rasgulla..",Jameela,1964,Manzoor Ashraf,Mushir Kazmi,Ahmad Rushdi,
"Naam Mera Abdullah, Dekhiye Na Ghoor Kay..",Kafir,1967,Ilyas,A.K. Musarrat,Masood Rana,
"Naara-e-Haidari, Talwar Utha Lay Ay Mard-e-Momin..",Sajda,1967,Manzoor Ashraf,Qateel Shafai,Mala,
"Nach O Nach, Kath Putli Nach, Jab Aati Hay Yeh Raat..",Soye Nadia Jagay Pani,1968,Khan Ataur Rahman,Suroor Barabankvi,Aliya Ashrafi,
"Nach Rahi Hay Bahar, Dil Mera Hay Beqarar..",Yeh Bhi Ek Kahani,1964,Karim Shahabuddin,Z.R. Mani,Firdousi Begum,
"Nachay Nachay, Jiya Nachay, O Nain Toray Sang..",2 Bhai,1968,Wazir Afzal,Tajammul Hussain,Naseem Begum,
"Nachen Gayen, Mil Kay Fasanay Kahen Dil Kay..",Beta,1962,Akhtar Hussain,Mushir Kazmi,Naheed Niazi & Co.,
"Nacho, Nacho, Manwa Moray, Aaj Piya Ghar Ayeo Ray..",Devdas,1965,Akhtar Hussain Akhian,Qateel Shafai,Irene Parveen,
"Nadan Ho, Na-Samajh Ho, Aa Jaye Pyar Tum Par..",Nadira,1967,Rehman Verma,Muzaffar Warsi,Masood Rana,
"Nadiya Behti Jaye, Behti Jaye, Wadi Ho Ya Parbat Aye..",Tum Meray Ho,1968,Robin Ghosh,Suroor Barabankvi,Ahmad Rushdi,
Nadiya Ka Yeh Behta Pani Hua Hay Kis Ka..,Navab Siraj-ud-Daulah,1967,Khan Ataur Rahman,Suroor Barabankvi,Abdul Aleem,
"Nadiya Kay Beech Gori, Halchal Machaye Ray..",Neyi Laila Neya Majnu,1969,Tasadduq Hussain,Mouj Lakhnavi,Masood Rana,
"Nafrat Say Na Thukrao, Yeh Pyar Bhara Dil Hay..",Aurat Ek Kahani,1963,Masoom Rahim,Habib Jalib,Saleem Raza,
"Naghmay Jaga Raha Dil, Aaj Be-Khudi Mein Anay Ko Hayn..",Insan Badalta Hay,1961,Zafar Khursheed,Izhar Malihabadi,Nazir Begum,
"Nagin Ban Kay Nachay Jawani, Koi Sapera Aye Ga..",Samira,1963,Safdar Hussain,Fyaz Hashmi,Naheed Niazi,
"Nagin Hay Shab, Dartay Nahin Sab, Kis Kis Ko Yeh Das Jaye Gi..",Rusvai,1966,Saleem Iqbal,Shehzad Ahmad,Irene Parveen,
"Nagon Kay Raja, Aaja Pukarun Tujhay, Jogan Ban Kay..",Nachay Nagin Bajay Been,1965,Talib Hussain Jafri,Basheer Manzar,Nazir Begum,
"Nahin Khabar, Kab Mili Nazar, Aur Dil Deevana Ho Geya..",Mehtab,1962,Manzoor Ashraf,Mushir Kazmi,Ahmad Rushdi,
"Nahin Koi Sunta, Gham Ka Fasana, Yeh Kis Manzil Peh Aa Pohncha..",Aavaz Day Kahan Hay,1962,Khursheed Qais,Habib Jalib,Zubaida Khanum,
"Nain Katari Jaisa, Teikha Kajray Jaisi Dhar..",Behan Bhai,1968,A. Hameed,Tanvir Naqvi,Mala,
"Naina Tars Kar Reh Geye, Piya Aye Na Sari Raat..",Aasra,1969,Nisar Bazmi,Masroor Anwar,Runa Laila,
"Naino Kay Teer, Zulfon Kay Jaal, Dekhnay Waly, Dil Sanbhal..",Maa Bahu Aur Beta,1966,Hassan Latif,Noor Bajnoori,Noorjahan,
"Naino Mein Kajla Saja Lay, Payel Chhanka Lay, Sakhi Tujhay..",Albela,1967,Wazir Afzal,Qateel Shafai,Irene Parveen,
"Naino Mein Kajra, Hathon Mein Gajra, Ang Ang Mein Jadoo..",Ek Musafir Ek Haseena,1968,Khalil Ahmad,Kaleem Usmani,Irene Parveen,
"Naino Mein Kon Aya, Dil Ka Qarar Ban Kay, Rangeen Bahar Ban Kay..",Khyber Mail,1960,G.A. Chishti,Behzad Lakhnavi,Naseem Begum,
"Naino Nay Dekhay Sapnay Hazar, Meray Roop Singhar..",Jan Pehchan,1967,Muslehuddin,Nasir Kasganjvi,Naheed Niazi,
"Naino Say Dil Mein Koi Aye, Najar Sharmaye, Main Kya Karun..",Hamsafar,1960,Muslehuddin,Shair Siddiqi,Firdousi Begum,
"Naino Say Ghoonghat Koi Laye, Nazar Sharmaye..",Chanda,1962,Robin Ghosh,Suroor Barabankvi,?,
"Naino Say Naina Churaun.. Balam, Mujhay Jab Deikhen, Mar Jaun..",Barsat Mein,1962,Hassan Latif,Tanvir Naqvi,Noorjahan,
"Naino Say Naina Mila Lay, Sapno Ki Mehfil Saja Lay..",Lutera,1964,Saif Chughtai,Munir Jeelani,Mala,
"Naino Say Naina Milaye, Kabhi Na Sharmaye..",Ghazi Bin Abbas,1961,Safdar Hussain,Qateel Shafai,Naheed Niazi,
NaJanay Kitnay Dilon Ko Rula Kay Aye Hayn..,Aliya,1967,Master Inayat Hussain,Fyaz Hashmi,Naseem Begum,
"NaJanay Kyun, Aaj Sari Dunya Ki Khushian Mujh Say Lipt Rahi Hayn..",Bhai Jan,1966,Tasadduq Hussain,Mushir Kazmi,Mala,
"Najariya, Kahay Milai Sajna, Mora Dolay Krejwa..",Gul Bakavli,1961,Safdar Hussain,Qateel Shafai,Surayya Multanikar,
"Nanhay Raj Dularay, Akhion Kay Taray (sad)..",Landa Bazar,1964,Tasadduq Hussain,Tanvir Kazmi,Irene Parveen,
"Nanhay Raj Dularay, Akhion Kay Taray, Maa Kay Dil Say Poochhay..",Landa Bazar,1964,Tasadduq Hussain,Tanvir Kazmi,Irene Parveen,
"Nanhi Munni Guriya Rani, Ek Paheli Bhujo Na..",Andaleeb,1969,Nisar Bazmi,Kaleem Usmani,Runa Laila & Co.,
"Naqsha Teri Judai Ka, Zakhm-e-Jiggar Mein Hay..",Hamrahi,1966,Tasadduq Hussain,Muzaffar Warsi,Masood Rana,
"Nasha Lutati Raat Hay, Qyamton Ka Sath Hay, Yeh Haseen Chand..",Baap ka Baap,1964,Tasadduq Hussain,Dukhi Premnagri,Irene Parveen,
"Nashay Mein Dooba Hay Sara Alam, Nazar Kay Saghar..",Ashiq,1968,Nashad,Taslim Fazli,Naseem Begum,
Nashili Chandni Jo Hasraton Ko Gudgudaye Gi..,Dil-e-Betab,1969,Master Inayat Hussain,Qateel Shafai,Mala,
"Nawazish, Karm, Shukriya, Mehrbani, Mujhay Bakhsh Di Aap Nay Zindagani..",Main Voh Nahin,1967,A. Hameed,Himayat Ali Shair,Mehdi Hassan,
Nayi Laila Neya Majnu..,Neyi Laila Neya Majnu,1969,Tasadduq Hussain,Mouj Lakhnavi,Masood Rana,
"Nayya Par Lag Day, Kahay Der Lagai..",Ponam Ki Raat,1966,Tony Chitergi,Abid Jonpuri,Anjuman Ara,
Nazar Ki Pyas Bujha Lun To Phir Chalay Jana..,Husn Ka Chor,1966,Khalil Ahmad,Himayat Ali Shair,Mala,
"Nazar Mila Kay, Nighaen Chura Kay, Loot Liya..",Naach Ghar,1963,Dheer Ali,Suroor Barabankvi,Firdousi Begum,
"Nazar Nazar Say Lipt Raha Hay, Machal Machal Kar Shabab Tera..",Faishon,1965,Bakhshi Wazir,Qateel Shafai,Naseem Begum,
"Nazar Nazar Say Mila Kay Dekho, Na Loot Len Ham Agar..",Shola Aur Shabnam,1967,Manzoor Ashraf,Tanvir Naqvi,Mala,
"Nazar Nazar Say Mila Lo, Keh Ham Tumharay Hayn..",Chhoti Ammi,1964,Tasadduq Hussain,Mushir Kazmi,Naseem Begum,
Nazar Say Noor Bharti Meri Jan Aa Rahi Hay..,Dard,1969,M. Ashraf,Khawaja Parvez,Mehdi Hassan,
"Nazar Say Tuم Nay Mara, Jiggar Hay Para Para..",Bahadur,1967,Deebo,Fyaz Hashmi,Irene Parveen,
"Nazaron Say Haseen Hay, Baharon Ko Yaqeen Hay..",Shehnai,1968,Sohail Rana,Masroor Anwar,Ahmad Rushdi,
"Nazren Chura Kar Kahan Chal Diye, Dua Na, Salam..",Meray Bachay Meri Ankhen,1967,Deebo,Masroor Anwar,Ahmad Rushdi,
"Nazren Jhuki Hayn, Sansen Ruki Hayn, Phool Khila Hay..",Diya Aur Toofan,1969,Kemal Ahmad,Fyaz Hashmi,Runa Laila,
"Nazren Mila Kay, Main To Lut Geyi Ray..",Ham Dono,1966,Nashad,Masroor Anwar,Naseema Shaheen,
"Nazren Milao Sanwariya, Zara Meray Dil Mein To Aa..",Lakhon Fasanay,1961,Deebo,?,Tayyaba Anjum,
"Nazren Na Yun Mialo, Palken Jhapak Jhapk Kar..",Dr. Sheitan,1969,?,?,?,
Nazron Ki Zanjeer Bana Kay Aur Nazron Ko Teer Bana Kay..,Sher-e-Islam,1961,Azam Baig,Qateel Shafai,Farida Khanum,
"Nazron Say Nazren Takrain, Dil Darnay Laga..",Ham Ek Hayn,1961,?,Fyaz Hashmi,Zubaida Khanum,
Nazuk Kamar Lachak Geyi Badlon Kay Bar Say..,14 Saal,1968,Mohammad Ali Munnu,Shorsh Dehlvi,Irene Parveen & Co.,
"Neela Gaggan Hay Tera, Mera Millan Hay, Chahat Ki Roshani Hay..",Sangam,1964,Khan Ataur Rahman,Ejazul Haq Ajiz,Abdul Jabbar,
"Neelay Neelay Asman Peh, Baadal Hayn Kalay..",Yeh Jahan Valay,1965,Tasadduq Hussain,?,Irene Parveen,
"Neelay Neelay Gaggan Tallay, Dheeray Dheeray Nayya Chalay..",Shehbaz,1960,Khadim Hussain,Tanvir Naqvi,Saleem Raza,
"Nehlay Peh Dehla, Nehlay Peh Dehla..",Nehlay Peh Dehla,1964,Muslehuddin,Fyaz Hashmi,Naheed Niazi,
"Neyi Neyi Faslon Ki Laye Bahar Ray, Mitti Ko Mehnat Karay Gulzar..",Anari,1969,Ali Hossain,Akhtar Yousuf,Ahmad Rushdi,
"Nibhao Gay Waada, Yeh Ham Ko Yaqeen Tha..",Jang-e-Azadi,1968,M. Ilyas,Tanvir Naqvi,Mala,
"Nigahen Ho Geyin Purnam, Zara Awaz To Dena..",Lutera,1964,Saif Chughtai,Akhtar Raza Qazalbash,Naseem Begum,
Nigahon Kay Sawal Ka Nigahon Say Jawab Do..,Ik Nageena,1969,Amjad Bobby,Taslim Fazli,Mala,
Nigahon Mein Samaa Janay Kay Din Hayn..,Ashiq,1968,Nashad,Taslim Fazli,Mehdi Hassan,
"Nigahon Mein Shoukhi, Adaon Mein Jadoo..",Lutera,1964,Saif Chughtai,Munir Jeelani,Naheed Niazi,
"Nighaen Churanay Say Kya Faida, Kisi Ko Satanay Say Kya Faida..",Ghar Damaad,1969,Javed Sarwar,Masroor Anwar,Runa Laila,
"Nighahen Mila Kar Badal Janay Walay, Mujhay Tujh Say Koi Shikayet Nahin..",Mehboob,1962,Rasheed Attray,Qateel Shafai,Noorjahan,
"Nilon Ki Baby, Hey Ray Hey, Mujhay Maar Dala..",Yeh Dunya,1960,Deebo,Wajid Chughtai,Ahmad Rushdi,
"Nindia Aa, Aa Kar Munni Ki Ankhon Mein Meethay Meethay Khawab Saja..",Ishq-e-Habib,1965,Zafar Khursheed,Masroor Anwar,Mehdi Hassan,
"Nindiya Ri Nindiya, Tujhay Dun Ga Main, Sonay Ki Bindia..",Chhoti Si Dunya,1965,Khalil Ahmad,Ahmad Rahi,Ahmad Rushdi,
Nisar Kar Dun Nazar Kyun Na Is Nazaray Par..,Pyasa,1969,Subal Das,Akhtar Yousuf,Mujeeb Alam,
Nisar Main Teri Galion Peh A Watan Kay Jahan..,Shaheed,1962,Rasheed Attray,Faiz Ahmad Faiz,Munir Hussain,
"Nishan Koi Na Chhora, Keh Dil Ko Samjhaen..",Aliya,1967,Master Inayat Hussain,Fyaz Hashmi,Mehdi Hassan,
"Nizaron Nay Bhari Aahen.. Dil Dil Say Jo Takraya, Wallah, Maza Aya..",Naghma-e-Sehra,1966,Safdar Hussain,Qateel Shafai,Mehdi Hassan,
"Noor Hi Noor Hay, Zebaish Zeibai Hay..",Dr. Sheitan,1969,Rabbani,Bazm Ansari,Mujeeb Alam,
Noor-e-Khuda Milay Keh Habib-e-Khada (saw) Milay..,Janbaz,1966,G.A. Chishti,Zahoor Nazim,Masood Rana,
Nukta Cheen Hay Gham-e-Dil Us Ko Sunaye Na Banay..,Ghalib,1961,Tasadduq Hussain,Mirza Ghalib,Noorjahan,
"O Albeli Naar, Tu Kar Lay Mujh Sya Pyar..",Meray Armaan Meray Sapnay,1969,Satya Shaha,Ibn-e-Hassan,Anjuman Ara,
"O Babu Jee, O Bhayya Jee, Khilonay Wala Aya..",Zalim,1968,Rasheed Attray,Fyaz Hashmi,Ahmad Rushdi,
"O Babu Ray, Chhor Na Jana, Mori Behniyan Pakkar Kay..",Jugnu,1968,Inayat Hazrawi,Ather Shah Khan,Irene Parveen,
"O Babu, Main Laya, Channa Choor Masaley Dar..",Sazish,1963,Akhtar Hussain Akhian,Hakeem Ahmad Shujaa,Fazal Hussain,
"O Balma, Ghar Aa, Teri Yaad Nit Sataye..",Main Kahan Manzil Kahan,1968,Ghulam Nabi,Qateel Shafai,Mala,
"O Banki Chhori, Naina Ki Katar, Dil Kay Par Geyi..",Mala,1965,Khan Ataur Rahman,Suroor Barabankvi,Ahmad Rushdi,
"O Chanda, Ja Un Say Kehna, Keh Tum Bin Bara Kathan Hay..",Sarhad,1966,Khawaja Khursheed Anwar,Tanvir Naqvi,Noorjahan,
"O Dil Tor Kay Janay Walay, Itni Baat Batata Ja..",Neela Parbat,1969,Piyarang Qadir,Hafeez Jalandhry,Nazir Begum,
"O Dil Walay Babu Jee, O Matwalay Babu Jee, Hans Lo..",Is Dharti Par,1967,Khondkar N. Alam,M.Y. Sagar,?,
"O Dil Walay, Muskara Lay, Dunya Kitni Haseen Hay..",Rahguzar,1960,Muslehuddin,Tanvir Naqvi,G.M. Durrani,
"O Dilruba, Yeh To Bata, Jadu Yeh Kaisa Teri Mefil Mein Hay..",Naghma-e-Sehra,1966,Safdar Hussain,Qateel Shafai,Naseem Begum,
"O Door Bhataknay Walay, Kon Sunay Faryad..",Aliya,1967,Master Inayat Hussain,Fyaz Hashmi,Mala,
"O Dunya Janay, Meray Watan Ki Shaan..",Azadi Ya Mout,1966,Lal Mohammad Iqbal,Sehba Akhtar,Alam Lohar & Co.,
"O Goray Mukh Peh Unabi Dupatta, O Tera Jawab Nahin..",Bahu Rani,1969,A. Hameed,Fyaz Hashmi,Masood Rana,
"O Gori Gori, Albeli Chhori, Mosay Najaria Mila Ri..",Phool Aur Kantay,1964,Mohammad Ali Munnu,Tufail Hoshiarpuri,Mala,
"O Gori, Darshan Day, Chali Hay Kahan Ban Than Kay..",Pyasa,1969,Subal Das,Akhtar Yousuf,Mujeeb Alam,
"O Gori, Tora Jhanjhrwa JhnaJhan Bajay..",Geet Kahin Sangeet Kahin,1969,Master Tufail,Tufail Hussain,Ahmad Rushdi,
"O Gori, Zara Phir Say Baja Pailiya, Peepal Ki Chhaon Mein..",Jaag Utha Insan,1966,Lal Mohammad Iqbal,Dukhi Premnagri,Ifrahim,
"O Haseena, Nazuk Ada, Kya Khuda Nay Husn Diya..",Hamdam,1967,Zia-ud-din,Wajad Chughtai,Ahmad Rushdi,
"O Heye, Dar Geyo Chhalia Ray Ho, Ja Ray Chhalia Ray, Ho..",Phir Subah Ho Gi,1967,Nashad,Shahid Delhvi,Runa Laila,
"O Ho, Zindagi Kitni Haseen Hay, Sath Mera Agar Tum Do..",Zindagi Kitni Haseen Hay,1969,Nisar Bazmi,Khawaja Parvez,Runa Laila,
"O Jadoogar Saperay, Tu Nay Loota Mann Ko Meray..",Bombay Vala,1961,Rehman Verma,Mushir Kazmi,Zubaida Khanum,
"O Jadoogar, Sanwariya, Uff Yeh Peh Nazar..",Lakhon Fasanay,1961,Deebo,Nazar Hyederabadi,Zubaida Khanum,
"O Jagg Walon Say Kya Darna, Reet Purani Toren..",Beta,1962,Akhtar Hussain,Tanvir Naqvi,Naheed Niazi,
"O Jan-e-Man, Pyasa Badan, Tujh Ko Pukaray, Aa Ja..",Inspector,1964,Khalil Ahmad,Himayat Ali Shair,Mala,
"O Jan-e-Mann, Zara Ruk Ja, Yeh Ada Na Ham Ko Dikha..",Qatal Kay Baad,1963,Deebo,Mushir Kazmi,Masood Rana,
"O Janya, Toray Husn Kay Karn, Ek Din Ho Jaye Ray Takrar..",Banjaran,1962,Deebo,Fyaz Hashmi,Masood Rana,
"O Lampak Shampak Shampak Shoo, Chakkar Mein Hay Dunya Sari..",Eid Mubarak,1965,A. Hameed,Fyaz Hashmi,Ahmad Rushdi,
"O Mangol, Ham Mangol Hayn, Hamba Hamba Ho Ho..",Mangol,1961,Feroz Nizami,Qateel Shafai,Noorjahan & Co.,
"O Matwalay, Panchhi Nigahon Walay, Pyar Kay Saaz Par..",Jadugar,1961,Nazir Jafri,Sahil Farani,Naheed Niazi,
"O Meray Jadugar, Mili Tujh Say Nazar, Rahi Phir Na Khabar..",Hatim Tai,1967,Nisar Bazmi,Tanvir Naqvi,Mala & Co.,
"O Meray Shoukh Sanam, Hua Deevana Tera Jab Say Tujhay Dekh Liya..",Sangdil,1968,M. Ashraf,Khawaja Parvez,Masood Rana,
"O Meri Mehbooba, Batla Do Kya Hua..",Neyi Laila Neya Majnu,1969,Tasadduq Hussain,Mouj Lakhnavi,Ahmad Rushdi,
"O Moray Ghar Mein Nachay Chandni, Chanda Usay Dekhay..",Yeh Dunya,1960,Deebo,Wajid Chughtai,Aniqa Bano,
"O Moray Sanwariya, O To Say Uljhi Ray Mori Najariya..",Jang-e-Azadi,1968,M. Ilyas,Fyaz Hashmi,Mala,
O Mujh Ko Apnanay Waly.. Meray Paas Bhi Aa..,Karishma,1968,Hassan Latif,Habib Jalib,Irene Parveen,
"O My Darling, Gori, Come Idhar, Chori Chori..",Preet Na Janay Reet,1963,Subal Das,Suroor Barabankvi,Najmul Huda,
"O Nadan, Kyun Pachhtata Hay..",Tum Na Mano,1961,Fateh Ali Khan,Muzaffar Orkzei,Javed Akhtar,
"O Nakhray Wali Ja, Ham Peh Na Roab Jama..",Fasana-e-Dil,1969,M. Ashraf,Khawaja Parvez,Ahmad Rushdi,
"O Nazuk Narm Haseena, Teri Neeli Neeli Ankhon Mein..",Maa Bahu Aur Beta,1966,Hassan Latif,Habib Jalib,Masood Rana,
"O Pardesi Sayyan, Lay Kay Tori Balayyan..",Nachay Nagin Bajay Been,1965,Talib Hussain Jafri,Mushir Kazmi,Nazir Begum,
"O Rahi Nadan, Rah Samjhay Anjan..",Tanha,1964,Altaf Mehmood,Suroor Barabankvi,Altaf Mehmood,
"O Ray Balam, Na Ja, Array Sitamgar, Tujh Ko Bhula Ka..",Gehra Dagh,1964,Rasheed Attray,Fyaz Hashmi,Mala,
"O Ray Sajna, Beet Nahin Birha..",Naach Ghar,1963,Dheer Ali,Suroor Barabankvi,Mustafa Jamal Abbas,
"O Ray Sannam, Dil Yeh Kaisay Bataye, Pyar Mein Bairi Ho Gye..",Touba,1964,A. Hameed,Fyaz Hashmi,Noorjahan,
"O Sanam, Ro Ro Kay Teri Yaad Mein Ham, Yunhi Marren Gay..",Shabnam,1965,A. Hameed,Fyaz Hashmi,Noorjahan,
"O Sanwaria, Chhor Chunariya, Hath Na Mohay Laga..",Bombay Vala,1961,Rehman Verma,Mushir Kazmi,Zubaida Khanum,
"O Shehri Chhoray, Aa Ja Bin Toray, Raha Nahin Jaye..",Bombay Vala,1961,Rehman Verma,Mushir Kazmi,Zubaida Khanum,
"O Tera Pyar Sataye Ray, Sajna, Mohay Neend Na Aye Ray..",Misaal,1966,Azam Baig,Rehan,Naheed Niazi,
"Oh Kahay Dil Ki Umang, Urrun Badal Kay Sang..",Shaheed,1962,Rasheed Attray,Tufail Hoshiarpuri,Zubaida Khanum,
"Ok, Suni Na Samjha, Baat Meri, Teray Baap Nay, Keh Diya Ok..",Fasana-e-Dil,1969,M. Ashraf,Khawaja Parvez,Ahmad Rushdi,
"Oncle Tom Akela Hay, Julie, Julie, Andar Us Ka Ek Dam Khali..",Shikva,1963,Hassan Latif,Munir Niazi,Ahmad Rushdi,
"Oyi Meray Allah, Banaya Meray Samnay, Unchi Unchi Nigahen..",Saaz aur Aavaz,1965,Hassan Latif,Habib Jalib,Mala,
"Pagal Hayn Woh Log, Jo Hamen Samjhanay Aatay Hayn..",Faishon,1965,Bakhshi Wazir,Qateel Shafai,Nazir Begum,
"Pakro Pakro Ray Mujrim Bhaga, Janay Na Paye..",Qanoon,1963,Khalil Ahmad,Tanvir Naqvi,Ahmad Rushdi,
"Pal Pal Dekhun Rahen, Mera Dil Gabhraye, Dil Tarpaye..",Taqdeer,1966,Deebo,Masroor Anwar,Noorjahan,
"Pala Geyi Ray, Najariya Say Daroo..",7 Rang,1965,Subal Das,Suroor Barabankvi,Latif,
"Palkon Kay Moti Chhupatay Raho, Jis Tarah Chahay, Satatay Raho..",Jan Pehchan,1967,Muslehuddin,Nasir Kasganjvi,Ahmad Rushdi,
"Palkon Ki Ghanni Chhaun Kay Tallay, Do Peimanay Tum Lay Kay Chalay..",Nehlay Peh Dehla,1964,Muslehuddin,Fyaz Hashmi,Ahmad Rushdi,
"Palkon Peh Ashkon Kay Deep Jalay, Sham Dhalay..",Sham Dhalay,1960,Rasheed Attray,Tufail Hoshiarpuri,Naseem Begum,
"Pall Pall, Mera Jee Gabhraye, Janay Walay, Ja Kay Na Aye..",Ghoonghat,1962,Khawaja Khursheed Anwar,Tanvir Naqvi,Noorjahan,
"Panchhi To Sab Ki Baten Boojhay, Meri Bhi Boojh Kahani..",Ek Thi Maa,1960,Rehman Verma,Mushir Kazmi,Kousar Parveen,
"Panchhi, Ja Ray Ja, Tujhay Kya Bataun..",Jungli Phool,1968,Karim Shahabuddin,Akhtar Lakhnavi,Naheed Niazi,
"Panghat Peh Ghoonghat Ult Kay Na Chalna, Gori Sanbhalna..",Chori Chhuppay,1965,Hasnain,?,Shabana Majeed & Co.,
"Pankhri Hun Main Gulab Ki, Dhoom Hay Meray Shabab Ki..",Neelofar,1960,Safdar Hussain,Ahmad Rahi,Naheed Niazi,
"Paon Kahin Rakhun, Najar Kahin Jaye Ray..",2 Rastay,1961,Master Inayat Hussain,Tanvir Naqvi,Naheed Niazi,
"Papi Jagwa Bulaye, Boond Boond Pari Barkha Ki..",Neela Parbat,1969,Piyarang Qadir,Piyarang Qadir,?,
"Papiha Bolay, Nadan Jiya Dolay, Chalay Thandi Hawa..",Nadir Khan,1968,Tasadduq Hussain,Atish Ludhyanvi,Naseem Begum,
"Para Hay Mujhay Kin Balaon Say Pala, Mohabbat Hamesha..",Charagh Jalta Raha,1962,Nahal Abdullah,Fazal Ahmad Karim Fazli,Noorjahan,
"Parcham Apna Chand Sitara, Azadi Iman Hamara..",Azmat-e-Islam,1965,Master Ashiq Hussain,Tanvir Naqvi,Saleem Raza,
"Parh La-Ila-Ha-Il-Lallah, Mohammad Pak Rasool-Lallah (Saw) ..",Geet Kahin Sangeet Kahin,1969,Master Tufail,Sahil Farani,Munir Hussain,
"Parho Gay, Likho Gay, Bano Gay Nawab, Khelo Gay, Koodo Gay..",Honhaar,1966,A. Hameed,Fyaz Hashmi,Nighat Seema,
"Parwanay, Jal Na Jana, Shama Nazar Ka Dhoka Hay..",Ek Hi Rasta,1968,Deebo,Masroor Anwar,Mala,
"Patt Ghunghat Kay Kholay Kholay, Tu Aa Ja Babu Jee..",Banjaran,1962,Deebo,Himayat Ali Shair,Masood Rana,
"Patta Patta, Boota Boota, Haal Hamara Janay Hay..",Charagh Jalta Raha,1962,Nahal Abdullah,Mir Taqi Mir,Noorjahan,
"Pee Jitna Dil Chahay, Jee Jitna Dil Chahay..",12 Bajay,1961,Lal Mohammad Iqbal,Yizdani Jan,Naheed Niazi,
Pee Kay Ham To Chalay Jhoomtay Mehkhanay Say..,Ek Manzil 2 Rahen,1962,Rasheed Attray,Qateel Shafai,Iqbal Bano,
"Pee Kay Maikhanay Say, Lo, Jhoomtay Maihkhwar Chalay..",Mehkhana,1964,Nashad,Nakhshab,Naseem Begum,
"Pee, Jab Tak Teray Dam Mein Hay Dam, Saghar Ki Qasm..",Mousiqar,1962,Rasheed Attray,Tufail Hoshiarpuri,Mala,
Peepal Kay Pattay Pe Theray Na Paani..,Zalim,1968,Rasheed Attray,Fyaz Hashmi,Mala,
"Pegham Do, Touheed Ka Pegham Do, Amal Karo Quraan Par..",Azmat-e-Islam,1965,Master Ashiq Hussain,Tanvir Naqvi,Irene Parveen,
"Pehlay Pehlay Sarsoon Kay Kheit Lehraye, Aa Ja Pyar Mora..",Chhotay Sarkar,1961,Inayat Hazravi,Qateel Shafai,Mala & Co.,
"Pehli Mulaqat Hui, Lab Hilay Na Baat Hui..",C.I.D.,1969,Bakhshi Wazir,Muzaffar Warsi,?,
"Peshawar Mein Mujhay Shirin, Tujhay Farhad Kehtay Hayn..",Ishrat,1964,Safdar Hussain,Qateel Shafai,Inayat Hussain Bhatti,
"Phir Aaj Un Say Apni Mulaqat Ho Geyi, Ham Jis Say Dartay Thay..",Aliya,1967,Master Inayat Hussain,Riazur Rehman Saghar,Mala,
Phir Aisay Khayalat Aanay Lagay Keh Ham Khudbakhud Gungunanay..,Charagh Jalta Raha,1962,Nahal Abdullah,Fazal Ahmad Karim Fazli,Noorjahan,
"Phir Akelay Mein Balma Bhulaye, Sharm Mohay Aye..",Tamasha,1965,Azam Baig,Tufail Hoshiarpuri,Mala,
"Phir Darwaza Khula Koi, Hawa Chali Wirano Mein..",Shikva,1963,Hassan Latif,Munir Niazi,Najma Niazi,
"Phir Ek Bar Wohi Naghma Gunguna Do Zara, Jo Sun Raha Tha..",Gori,1968,Subal Das,Akhtar Yousuf,Sabina Yasmin,
"Phir Ek Bar Wohi Naghma Gunguna Do Zara, Jo Sun Raha Tha..",Gori,1968,Subal Das,Akhtar Yousuf,Basheer Ahmad,
"Phir Hamen Chhera Kisi Nay, Dil Bhar Aya, Ro Parhay..",Shab Bakhair,1967,Safdar Hussain,Fyaz Hashmi,Mala,
Phir Hari Beilon Kay Neechay Baitha Sham-o-Sahar..,Dhoop Aur Saye,1968,Tufail Niazi,Munir Niazi,Tufail Niazi,
Phir Hari Beilon Kay Neechay Baitha Sham-o-Sahar..,Dhoop Aur Saye,1968,Tufail Niazi,Munir Niazi,Naseem Begum,
Phir Milayn Gay Ham Dono..,Phir Milen Gay Ham Dono,1966,Satya Shaha,Shair Siddiqi,?,
"Phir Mohabbat, Teray Dar Par Hamein Lay Aayi Hay..",Sitamgar,1967,Tasadduq Hussain,Tanvir Naqvi,Masood Rana,
"Phir Subah Ho Gi, Andheray Nahin Ruknay Walay..",Phir Subah Ho Gi,1967,Nashad,Sehba Akhtar,Masood Rana,
Phir Utha Pehlu Mein Heye Dard-e-Dil..,Shahi Mahal,1968,Tasadduq Hussain,Nazim Panipati,Irene Parveen,
"Phool Hans Kay Khil Geye, Ashk Moti Ban Geye..",Husn Ka Chor,1966,Khalil Ahmad,Himayat Ali Shair,Naheed Niazi,
"Phool Khilay Murjhanay Ko, Yeh Bahar Jaye..",Tanha,1964,Altaf Mehmood,Suroor Barabankvi,Altaf Mehmood,
"Phool Mehkay Hayn, Baharon Peh Nikhar Aya Hay..",Commander,1968,Master Abdullah,Mushir Kazmi,Runa Laila,
"Phool Murjhaye, Nazron Par Udasi Chha Geyi..",Saheli,1960,A. Hameed,Fyaz Hashmi,Kousar Parveen,
"Phool Sa Nazuk Badan, Kahin Murjha Na Jaye..",Anari,1969,Ali Hossain,Akhtar Yousuf,Ahmad Rushdi,
"Phool Tu, main Pankhri, Sharm Kyun Rah Mein Aa Pari..",C.I.D.,1969,Bakhshi Wazir,Muzaffar Warsi,?,
"Phoolon Ki Mehak, Sholon Ki Lapak, Meri Zindagi Mein Aa Geyi..",Kajal,1965,Subal Das,M.D. Ahsan,Anjuman Ara,
"Pi Lay, Pi Lay, Dunya Ka Gham Karta Hay Kyun..",Doosri Shadi,1968,M. Ashraf,Khawaja Parvez,Mala,
"Pi Say Milun Gi, Teri Shikayet Un Say Karun Gi..",Zinda Lash,1967,Tasadduq Hussain,Mushir Kazmi,Irene Parveen,
"Piya Beganay Chalay Aye, Jiya Nahin Manay..",Zarina,1962,G.A. Chishti,Nakhshab,Noorjahan,
"Piya Nahin Aye, Sakhi, Un Bin Mora Jiya Gabhraye..",Darvaza,1962,Saleem Iqbal,Saifuddin Saif,Ustad Amanat Ali Khan,
"Piya Ray, Toray Angan Mein Jhoom Jhoom Jaun..",2 Bhai,1968,Wazir Afzal,Sorash Dehlvi,Naseem Begum,
"Piya, Aa Ja Ray, Ho Piya, Bin Dekhay Nahin..",Main Voh Nahin,1967,A. Hameed,Himayat Ali Shair,Mala,
"Piye Ja, Piye Ja, Yeh Peenay Kay Din Hayn..",Aur Bhi Gham Hayn,1960,Nathu Khan,Tamanna Siddiqi,Nazir Begum,
Pohnchay Hayn Dard Kay Afsanay Kahan Kahan..,Inqilab,1962,N.K. Rathoor,Naz,Khursheed Begum,
"Poochho Na Ham, Chalay Hayn Kahan, Aaj Ham Say Milay Gi..",Shabnam,1965,A. Hameed,Fyaz Hashmi,Ahmad Rushdi,
Preet Laga Kay Ho Geyi Main To Gali Gali Badnam..,Door Ki Aavaz,1969,A. Hameed,?,Mala,
"Preet Peh Jab Sham Dhal Jaye Gi, Dil Mora Reh Reh Kay Tarpaye Ga..",Sham Dhalay,1960,Rasheed Attray,Sufi Ghulam Mustafa Tabassum,Naseem Begum,
Prem Jot Jalti Rahay Hamesha Teray Darbar Ki..,Laggan,1960,Azam Baig,Munir Niazi,Saleem Raza,
"Prem, Rang Rang, Ang Ang Mein Samayo Ray..",Roopmatti Baaz Bahadur,1960,Tasadduq Hussain,Tufail Hoshiarpuri,Kousar Parveen,
Purwa Chalay To Ghoonghat Wa Khulay..,Ham Matvalay Nojavan,1965,Saleem Iqbal,Masroor Anwar,Ahmad Rushdi,
"Pyar Ban Jaun Ga, Shart Yeh Hay Magar Apnay Sanson Mein..",Nazneen,1969,M. Ashraf,Kaleem Usmani,Ahmad Rushdi,
"Pyar Bhari Yaad Teri Aa Geyi, O Dildariya, Wei Wei Wei..",Ajnabi,1962,Asghar Ali,Tanvir Naqvi,Naseem Begum,
"Pyar Bhi Hay Saza, Na Tha Maloom..",Meray Laal,1967,Lal Mohammad Iqbal,Sehba Akhtar,Masood Rana,
"Pyar Hota Nahi, Zindagi Say Juda, Hay Dard-e-Mohabbat Ka Yahi Silsala..",Phir Subah Ho Gi,1967,Nashad,Sehba Akhtar,Runa Laila,
"Pyar Ka Haq Hay, Pyar Karanay Ka Sila Sab Ko Kahan Milta Hay..",Ishara,1969,Sohail Rana,Masroor Anwar,Mala,
"Pyar Ka Jua, Kisi Ka Na Hua, Loat Ja O Deevanay..",Andhi Mohabbat,1964,Manzoor Ashraf,Mushir Kazmi,Mala & Co.,
"Pyar Ka Koi Sahara Na Raha, Gham Kay Siwa Koi Hamara Na Hua..",Insan,1966,Rasheed Attray,Sufi Tabassum,Naseem Begum,
Pyar Ka Pyam.. Tum Milay To Zindagi Mein Aa Geya Nikhar..,Qabeela,1966,Rehman Verma,Ahmad Zafar,Mala,
"Pyar Ka Samaa, Aarzoo Jawan, Soi Soi Si, Jagi Jagi Si..",Jab Say Dekha Hay Tumhen,1963,Sohail Rana,Himayat Ali Shair,Najma Niazi,
"Pyar Kar Kay Ham, Buhat Pachhtaye..",Andaleeb,1969,Nisar Bazmi,Kaleem Usmani,Noorjahan,
"Pyar Karo Gay, Pachhtao Gay, Dhoka Khao Gay..",Barat,1963,Azam Baig,Fyaz Hashmi,Naseem Begum,
"Pyar Kay Geet Liye, Raat Suhani Aayi, Teray Honton Peh..",Ghar Ka Ujala,1966,Manzoor Ashraf,Shabab Keranvi,Naseem Begum,
"Pyar Kay Ham Nay, Chheray Taranay, Aagay Kya Ho Ga, Allah Hi Janay..",Khota Paisa,1965,Rehman Verma,Qateel Shafai,Nazir Begum,
"Pyar Kay Naghmay Kis Nay Chheray, Main To Kho Geyi..",Baharen Phir Bhi Ayen Gi,1969,Shamim Nazli,Khawaja Parvez,Mala,
"Pyar Kay Pehlay Mor Peh Gori, Sath Hamara Chhor Kay Na Jana..",Beti Beta,1968,Manzoor Ashraf,Qateel Shafai,Ahmad Rushdi,
"Pyar Kehtay Hayn Jisay, Yeh Pyar Hay Hazoor..",Surayya,1961,Akhtar Hussain Akhian,Ghulam Rabbani,Kousar Parveen,
Pyar Ki Raat Kabhi Khatam Na Honay Paye..,Khan Bahadur,1960,G.A. Chishti,Ahmad Rahi,Saleem Raza,
"Pyar Ki Woh Nazar Thi Haseen, Kis Qadar Baton Mein..",Aavaz Day Kahan Hay,1962,Khursheed Qais,Habib Jalib,Zubaida Khanum,
"Pyar Kisi Say Na Karna, Kisi Say Heye Dil Na Lagana, Ray..",Chhoti Ammi,1964,Tasadduq Hussain,Mushir Kazmi,Naseem Begum,
"Pyar Kiya Hay To Sanam, Pyar Nibhana Ho Ga..",Peigham,1964,A. Hameed,Fyaz Hashmi,Munir Hussain,
Pyar Ko Paon Ki Zanjeer Bana Lun Kaisay..,Ghar Pyara Ghar,1968,Nisar Bazmi,Habib Jalib,Runa Laila,
"Pyar Mein 2 Ghari Muskara Na Sakay, Bewafa, Tujh Ko Apna..",Phool Aur Kantay,1964,Mohammad Ali Munnu,Tishna Meeruti,Mala,
"Pyar Mein Dagha Kabhi Na Dena, Yeh Zamana Kuchh Bhi Kahay..",Diya Aur Toofan,1969,Kemal Ahmad,Fyaz Hashmi,Ahmad Rushdi,
"Pyar Mein Ham A Jan-e-Tamanna, Jan Say Jayen To Mano Gay..",Kaneez,1965,Khalil Ahmad,Himayat Ali Shair,Ahmad Rushdi,
"Pyar Mein Ham Nay Khai Hay Thokar, Dil Hay Toota Magar Ham Hayn Joker..",Joker,1966,Muslehuddin,Fyaz Hashmi,Ahmad Rushdi,
"Pyar Mein Teray Ham Pyaray, Banay Banjaray, Ho..",Shab Bakhair,1967,Safdar Hussain,Fyaz Hashmi,Mala,
Pyar Mil Jaye To Har Baat Haseen Lagti Hay..,Ladla,1969,Lal Mohammad Iqbal,Masroor Anwar,Ahmad Rushdi,
Pyar Na Ho Jab Dil Mein To Jeena Hay Adhoora..,Lakhon Mein Ek,1967,Nisar Bazmi,Tanvir Naqvi,Naseem Begum,
Pyar Say Ik Nazar Dekh Lo Tum Idhar..,BeReham,1967,Rehman Verma,Muzaffar Warsi,Masood Rana,
"Pyar Tumhara, Meray Dil Mein Laga Kay Deray..",Subah Kahin Sham Kahin,1961,Nazir Jafri,Zahoor Nazar,Zubaida Khanum,
"Pyar Woh Karta Hay, Jo Thora Sa Soudai Hay..",Misaal,1966,Azam Baig,Rehan,Saleem Raza,
"Pyara Hay Mousam, Ham Hayn Deevanay, Kis Kis Ko Sunayen..",Bahadur,1967,Deebo,Fyaz Hashmi,Irene Parveen,
"Pyaray Pyaray, Yaar Hamaray, Hath Dikhatay Jaan..",Chakori,1967,Robin Ghosh,Akhtar Yousuf,Ahmad Rushdi,
"Pyari Bhabhi, Bhabhi Nahin Tu Meri Maa Hay..",Mera Kya Qasoor,1962,Tasadduq Hussain,Mushir Kazmi,Irene Parveen,
"Pyari Maa, Dua Karo, Main Jald Bara Ho Jaun..",Aadil,1966,Nisar Bazmi,Himayat Ali Shair,Naheed Niazi,
"Pyari Maa, Pyari Maa, Main Akela Yahan..",Wali Ehad,1968,Khalil Ahmad,Kaleem Usmani,Runa Laila,
"Qadam Bharao, Sahto, Bharay Chalo (1)..",Saltanat,1960,G.A. Chishti,Qateel Shafai,Inayat Hussain Bhatti,
"Qadam Bharao, Sahto, Bharay Chalo (2)..",Saltanat,1960,G.A. Chishti,Qateel Shafai,Inayat Hussain Bhatti,
"Qadam Qadam Peh Neye Dukh, Hayn Zindagi Kay Liye..",Hamrahi,1966,Tasadduq Hussain,Muzaffar Warsi,Masood Rana,
Qadar Mori Janay Na Balma..,Tangay Vala,1963,Rasheed Attray,Tanvir Naqvi,Naseem Begum,
"Qadmon Mein Taray Bachha Dun, Main Teray Liye Sar Ko Kata Dun..",Bahadur,1967,Deebo,Fyaz Hashmi,Masood Rana,
Qadmon Mein Teray Jannat Meri..,Qulli,1968,Ali Hossain,Suroor Barabankvi,Irene Parveen,
"Qareeb Aa Kay Galay Say Laga Lo, To Baat Bhi Hay..",Azad,1964,Rasheed Attray,Tanvir Naqvi,Noorjahan,
"Qasam Us Waqt Ki, Jab Zindagi Karwat Badalti Hay..",Qasm Us Waqt Ki,1969,Sohail Rana,Josh Malihabadi,Mujeeb Alam,
"Qisa-e-Gham To Sunayen Gay, Ab Nahin To Kal Sahi..",Savaal,1966,Rasheed Attray,Fyaz Hashmi,Noorjahan,
Qismat Nay Bheija Taar Keh Ab Gham Matt Kar..,Zarina,1962,G.A. Chishti,Tanvir Naqvi,Saleem Raza,
"Qissa-e-Gham Mein Tera Naam, Na Anay Den Gay..",Daastan,1969,Tasadduq Hussain,Fyaz Hashmi,Mehdi Hassan,
Raat Aayi To Saqi Nay Bari Dhoom Macha Di..,Aag Ka Darya,1966,Ghulam Nabi,Josh Malihabadi,Naseem Begum & Co.,
"Raat Ayi Hay, Chali Jaye Gi, Tum Aa Kay Matt Jana..",Street 77,1960,Akhtar Hussain Akhian,Hazin Qadri,Naheed Niazi,
"Raat Ayi, Aarzoo So Geyi, Har Khushi Dard Ban Kay Chha Geyi..",Soye Nadia Jagay Pani,1968,Khan Ataur Rahman,Suroor Barabankvi,Sabina Yasmin,
"Raat Chali Hay Jhoom Kay, Rahon Ko Teri Choom Kay, Aa Bhi Ja..",Josh,1966,Muslehuddin,Fyaz Hashmi,Ahmad Rushdi,
"Raat Dhalay To Dhalnay Do, Shama Jalay To Jalnay Do..",Aliya,1967,Master Inayat Hussain,Fyaz Hashmi,Mala,
"Raat Hay Baqi, Jam Day Saqiya, Deir Hay Kya..",Gulfam,1961,Rasheed Attray,Tanvir Naqvi,Mala & Co.,
"Raat Ki BeSkoon Khamoshi Mein, Ro Raha Hun Keh So Nahin Sakta..",Savaal,1966,Rasheed Attray,Saifuddin Saif,Mehdi Hassan,
Raat Sakhi Balma Nay Kya Kya Sataya Mujhay..,Darvaza,1962,Saleem Iqbal,Saifuddin Saif,Naseem Begum & Co.,
"Raat Saloni Aai, Baat Anokhi Lai jo Ham Kisi Say Na Kahen Gay..",Zamana Kya Kahay Ga,1961,Muslehuddin,Fyaz Hashmi,Ahmad Rushdi,
"Raat Suhani Ayi, Ho, Sang Jawani Layi, O Ho..",Yeh Bhi Ek Kahani,1964,Karim Shahabuddin,Z.R. Mani,Firdousi Begum,
"Raat Suhani Hay, Soya Soya Chand Hay, Meri Qasm Hay Tujh Ko..",Hamsafar,1960,Muslehuddin,Shoukat Hashmi,Hemant Kumar (Indian singer),
"Raat Suhani, Chhal Bal Nadiya Lehrati Bal Khati Jaye..",Hamdam,1967,Zia-ud-din,Wajad Chughtai,Saleem Shehzad,
Raat Yun Dil Mein Teri Khoi Hui Yaad Ayi..,Qasm Us Waqt Ki,1969,Sohail Rana,Faiz Ahmad Faiz,Mujeeb Alam,
"Raaz Dil Ka Sari Dunya Say Chhupatay Jayie, Pyar Kartay Jaiye..",Shabab,1964,Rasheed Attray,Qateel Shafai,Naseem Begum,
Rah Chalt Mori Chunri Rang Dali Ray..,Dil day Kay Dekho,1969,Sohail Rana,Fyaz Hashmi,Ahmad Rushdi,
"Rah Mein Chhor Kay, Ham Say Monh Mor Kay..",Chhotay Sahib,1967,Ali Hossain,Akhtar Yousuf,Mala,
"Rahat Qalb-o-Sakun Jan, Samjh Baithay Thay Ham..",7 Rang,1965,Subal Das,Suroor Barabankvi,Firdousi Begum,
Rahay Bars Bars Tu Shadman..,Main Voh Nahin,1967,A. Hameed,Himayat Ali Shair,Naseem Begum,
"Rahay Himmat Jawan Apni Sathi, Rahay Honto Peh Apnay Tarana..",Heera Aur Pathar,1964,Sohail Rana,Masroor Anwar,Khursheed Sherazi,
"Rahay Nagri Teri Abad, Lay Kay Ayi Hun Main Faryad..",Chheen Lay Azadi,1968,Safdar Hussain,Qateel Shafai,Irene Parveen,
"Rahi Bhataknay Walay, Parh La-Ila-Ha Kay Ujalay, Dil Ka Diya Jala Lay..",Aadil,1966,Nisar Bazmi,Mushir Kazmi,Mehdi Hassan,
"Rahi Ham Ik Manzil Kay, Manzil Ko Chalay Hayn Mil Kay..",Bhabhi,1960,Tasadduq Hussain,Tufail Hoshiarpuri,Munir Hussain,
"Rahon Nay Sada Di Hay, Manzil Nay Pukara Hay..",Baghi Sardar,1966,Muslehuddin,Tufail Hishiarpuri,Mala,
"Rahon Peh Chhai Hay.. Koi Aye, Koi Na Janay Kab Aye..",Ghoonghat,1962,Khawaja Khursheed Anwar,Tanvir Naqvi,Noorjahan & Co.,
"Rahun gi Ban Kay Teray Sang Sang, Ban Kay Teri Chhaya..",Katari,1968,M. Ashraf,Tanvir Naqvi,Runa Laila,
"Raj Dularay, Tera Jagmag Mukhra, Chand Ko Bhi Sharmaye..",Albela,1967,Wazir Afzal,Qateel Shafai,Munir Hussain,
"Raja, Man Kay Dulha Ban Kay Ayen Gay, Aaj Hamaray Ghar..",Maalan,1964,Nazir Sheeley,?,Naseema Shaheen,
"Rang Aisa Hay Meray Shabab Ka, Jaisay Phoolon Mein Phool Ho..",Sher-e-Islam,1961,Azam Baig,Qateel Shafai,Farida Khanum,
"Rang Bhara Dil Aaj Yahi Gaye Ga, Kash, Guzrata Yahin Waqt..",Qanoon,1963,Khalil Ahmad,Tanvir Naqvi,Najma Niazi,
"Rang Bhari Raat Ayi Ray, Chanda Ko Sath Lai Ray..",Sazish,1963,Akhtar Hussain Akhian,Hakeem Ahmad Shujaa,Kousar Parveen,
"Rang Hay Lal Gulabi, Shafaq Mein Doob Kay Niklay Gaal..",Taj Aur Talvar,1961,Safdar Hussain,Qateel Shafai,Naheed Niazi,
"Rang Mefil Ka Jamay, Raqs Apna Na Thamay..",Mujhay Jeenay Do,1968,Muslehuddin,Qateel Shafai,Naheed Niazi,
"Rang Roop, Jawani, Rut Sawan Ki Suhani..",Chanda,1962,Robin Ghosh,Suroor Barabankvi,Firdausi Begum,
"Rang-e-Mehfil Aur Na Tanhai, Zindagi, Kis Tarf Chali Ayi..",Jadugar,1961,Saleem Iqbal,Sahil Farani,Naseem Begum,
"Rangeen Faza Hay, Purkaif Hawa Hay, Ankhon Mein Meri..",Savaal,1966,Rasheed Attray,Fyaz Hashmi,Mala,
"Rangeen Fazaen, Yun Muskaraen, Kuchh Tum Batao..",Daastan,1969,Khalil Ahmad,Fyaz Hashmi,Ahmad Rushdi,
"Raqs Hay, Naghma Hay, Zulf Hay, Sham Hay..",Zindagi Kitni Haseen Hay,1969,Nisar Bazmi,Khawaja Parvez,Mala,
"Raqs Kar, Raqs Kar Dharkano Kay Saaz Par..",Aurat Aur Zamana,1968,Ghulam Nabi,Tanvir Naqvi,Runa Laila & Co.,
Raqs Mein Hay Sara Jahan.. Aye Ga Woh Mahqooba..,Ayaz,1960,Khawaja Khursheed Anwar,Tanvir Naqvi,Naheed Niazi,
"Raqs, Zanjeer Pehan Kar Bhi Kiya Jata Hay..",Zarqa,1969,Wajahat Attray,Habib Jalib,Mehdi Hassan,
"Raseelay Moray Rasia, Najaria Mila..",Mousiqar,1962,Rasheed Attray,Tanvir Naqvi,Noorjahan,
Rasheelay Moray Nainwa Kay Teekhay Baan..,Gul Bakavli,1961,Safdar Hussain,Qateel Shafai,Naseem Begum,
"Rashk-e-Chamman, Main Hun Rashk-e-Chamman..",Sajda,1967,Manzoor Ashraf,Qateel Shafai,Najma Niazi,
"Rass Kay Bharay, Toray Nain Sanwariya, O Albelay..",Shikari,1964,Muslehuddin,Qateel Shafai,Noorjahan,
"Rassya, O Man Bassya, Kaisa Jadoo Yeh Tu Nay Kiya..",Manzil Door Nahin,1968,Lal Mohammad Iqabl,Dukhi Premnagri,Naseema Shaheen,
"Reham Karo Ya Shah-e-Do-Aalam, Sallallaho Alaiye Wasallam..",Sartaj,1965,Safdar Hussain,Fyaz Hashmi,Mala,
"Reham Karo, Ya Rabb, Mohammad (Saw) Ka Wasta..",Peigham,1964,A. Hameed,Fyaz Hashmi,Noorjahan,
"Rehm Karo, Ya Shah-e-2 Aalam, Sal-Lal-La-Ho-Elai-e-Wasallam..",Eid Mubarak,1965,A. Hameed,Fyaz Hashmi,Mala,
"Rehmat Ki Nazar Mujh Pah, Meray Palnay Walay..",Aarzoo,1965,Deebo,Wajd Chughtai,Rehana Yasmin,
"Rehna Bach Kay Babu Jee, Ham Taray Banjaray, Main Nagin Hun..",Bombay Vala,1961,Rehman Verma,Mushir Kazmi,Naheed Niazi & Co.,
"Reshmi Dopatta, Meray Goray Goray Hath Mein..",Aavaz Day Kahan Hay,1962,Khursheed Qais,Ashiq Bhatti,Zubaida Khanum & Co.,
"Reya Ray Ra Ra.. Sun Sun Bhanwara, Dhun Kya Sunaye..",Ajab Khan,1961,G.A. Chishti,Ahmad Rahi,Naheed Niazi,
"Rikshaw Wala, Matwala, Rang Barangay Shehar Kay Konay Konay..",Talash,1963,Robin Ghosh,?,Basheer Ahmad,
"Rindon Par Band Ho Mehkhana, Ya Shama Say Door Ho Parwana..",Baghi Sardar,1966,Tasadduq Hussain,Qateel Shafai,Naseem Begum,
"Ro Rahi Hay Sham-e-Gham, Jalnay Lagi Tanhaiyan..",Raqqasa,1965,Master Rafiq Ali,Ahmad Rahi,Noorjahan,
"Ro Ro Haaray, Nain Becharay, Dil Kay Tukray Beh Geye..",2 Ustad,1960,Ghulam Nabi,Fyaz Hashmi,Zubaida Khanum,
"Ro Ro Kay Tujh Ko Bhulaun, Maa, Dukhray Main Kis Ko Sunau, Maa..",Beti,1964,Deebo,Fyaz Hashmi,Irene Parveen,
"Roka Nazar Ko To Dil Machal Geya, Dil Badal Geya..",2 Bhai,1968,Wazir Afzal,Sorash Dehlvi,Naseem Begum,
Rooth Gei Kyun Mujh Say Teray Payel Ki Jhankar..,Dil Mera Dharkan Teri,1968,Master Inayat Hussain,Qateel Shafai,Ahmad Rushdi,
Rooth Kay Tum Na Yun Meray Pyar Jao..,Shaheed Titumir,1969,Mansoor Ahmad,Ayaz Aasi,Basheer Ahmad,
"Rootha Na Karo, A Jan-e-Wafa Ham Say..",Papi,1968,Jameel Khusro,Ahmad Ali Aseer,Saleem Shehzad,
"Roothay Sayyan Jee Kaisay Manaun, Bedardi Kuchh Samjhay..",Aneela,1969,Nisar Bazmi,Masroor Anwar,Mala,
"Roothi Hui Hay Masoom Nazar, Kya Kehna..",Jan Pehchan,1967,Muslehuddin,Nasir Kasganjvi,Mujeeb Alam,
"Roothnay Walo, Man Bhi Jao, Raz Dilon Kay Jan Bhi Jao..",Main Kahan Manzil Kahan,1968,Ghulam Nabi,Qateel Shafai,Irene Parveen,
Roshni ki Mehfil Mein Bualaya Aap Nay Mujhay..,Shab Bakhair,1967,Safdar Hussain,Aarzoo Akbarabadi,Naseem Begum,
"Roti Hun Main Khari Khari, Ghari Ghari..",Main Nay Kya Jurm Kiya,1963,Tufail Farooqi,Mushir Kazmi,Nazir Begum,
"Roye Mera Pyar, Hey Zar Zar, Meri Faryad Bhi Sunta Nahin..",Ishrat,1964,Safdar Hussain,Qateel Shafai,Zubaida Khanum,
Roye Roye Birha Ki Mari..,Papi,1968,Jameel Khusro,Younis Hamdam,Runa Laila,
"Rudad Gham-e-Dil Mat Poochho, Behtay Hayn Jo Aansoo, Behnay Do..",Aurat Ek Kahani,1963,Masoom Rahim,Habib Jalib,Noorjahan,
"Ruk Ja, O Bewafa, Is Qadar Sangdil Na Ban..",Devdas,1965,Akhtar Hussain Akhian,Qateel Shafai,Kousar Parveen,
"Ruk Ja, Ruk Ja, Ruk Ja Ri, Chhor Kay Mujh Ko Matt Ja Ri..",Aanch,1969,Khalil Ahmad,Qateel Shafai,Ahmad Rushdi,
"Ruk Jaiye, Ham Dil Ki Batein Keh Saken, Itna Karm Farmiye..",Chattan,1967,Rasheed Attray,Qateel Shafai,Naseem Begum & Co.,
"Ruk Jao O Janay Walay, Dheer Bandha Ja..",Beta,1962,Akhtar Hussain,Tanvir Naqvi,Naheed Niazi,
"Ruk Jao, Ruk Jao, Ja Teri Meri, Meri Teri..",Sunehray Sapnay,1961,Hassan Latif,Tanvir Naqvi,?,
"Rukh Say Pardah Hata Day Zara, Saqia..",Ek Hi Rasta,1968,Deebo,Masroor Anwar,Mala,
"Rukh-e-Zulf Jo Dikhao To Maza Aa Jaye, Eid Ka Chand Dikhao..",Aadil,1966,Nisar Bazmi,Mushir Kazmi,Ahmad Rushdi,
"Rukiye, Janab-e-Aali, Ik Arz Hay Hamari..",Fantoosh,1967,A. Rasheed,Hamdam Jamal,?,
"Rut Hay Jawan, Din Hay Suhana, Dil Ho Geya Hay Deevana..",Chakori,1967,Robin Ghosh,Akhtar Yousuf,Najma Niazi,
"Rut Hay Suhani, Machlay Jawani, Aaja Meray Dil Mein..",Watan,1960,Master Inayat Hussain,Qateel Shafai,Zubaida Khanum,
"Rut Sawan Ki, Man Bhawan Ki, Toray Naina Kyun Sharmaye..",Zamin,1965,Wazir Afzal,Mushir Kazmi,Nazir Begum,
"Sa-Ray-Ga-Ma-Pa-Dha-Ni, Sarsun Phooli Ray, Ja, Lagay Hawa..",Mousiqar,1962,Rasheed Attray,?,Munir Hussain,
"Saaf Chhuptay Bhi Nahin, Samnay Aatay Bhi Nahin..",Baji,1963,Saleem Iqbal,Ahmad Rahi,Saleem Raza,
"Saathi Ray, Kenuda Kalay Amay Baray Baray (Bengali)..",Ladla,1969,Lal Mohammad Iqbal,Abdul Manan,Runa Laila,
"Saathi Ray, Teray Dil Ki Dharkan Mein Meray Dil Ki Baat..",Ladla,1969,Lal Mohammad Iqbal,Abdul Manan,Runa Laila,
"Saaz-e-Dil Chhera Hay Ham Nay, Hukm Tha Kuchh Gaaiye..",Pardah,1966,Safdar Hussain,Fyaz Hashmi,Mala,
Saaz-e-Dil Kay Taar Koi Chherta Jata Hay..,Jhalak,1964,Khalil Ahmad,Rehan,Naheed Niazi,
"Sab Dagh-e-Dil, Charag Bana Kar Jala Diye..",Azra,1962,Master Inayat Hussain,Saifuddin Saif,Noorjahan,
"Sab Kay Bhayya, Sham Ko Ghar Aa Jatay Hayn..",Khota Paisa,1965,Rehman Verma,Qateel Shafai,Pukhraj Pappu,
"Sab Qatal Ho Kay Teray Muqabil Aye Hayn, Ham Log Surkhru Hayn..",Qasm Us Waqt Ki,1969,Sohail Rana,Faiz Ahmad Faiz,Farida Khanum,
"Sabab Har Ek Mujh Say Poochhta Hay, Meray Ronay Ka..",Aurat Ka Pyar,1964,Manzoor Ashraf,Alama Tajur Najeebabadi,Ahmad Rushdi,
"Sabar Day Un Ghamzadon Ko, Hosh Kho Baithay Hayn Jo..",Peigham,1964,A. Hameed,Fyaz Hashmi,Noorjahan,
"Sadqay Teray, Meri Dunya Sari, Mamta Tujh Peh Wari..",Ladla,1969,Lal Mohammad Iqbal,Tanvir Naqvi,Runa Laila,
Safeena Dil Ka Daboya Jiggar Kay Chhalon Nay..,Papi,1968,Ali Hussain,Ajiz Faridi,Nasrin Gilani,
"Sagar Ki Moujen Deevani Toofani, Pas Apnay Nao Purani..",Rupban,1965,Satiya Saha,Ayaz Aasim,Abdul Aleem,
"Saghar Mein Jawani Jalnay Do, Dil Kay Armaan Nikalnay Do..",Baghi Sardar,1966,Tasadduq Hussain,Tufail Hishiarpuri,Mala,
"Sahara Dard Ka Hay, Kisi Ka Aasra Hay to..",Suhag,1963,Akhtar Hussain Akhian,Sahil Farani,Ali Bakhsh Zahoor,
"Saheli, Chun Lay Apna Sathi, Gori, Chun Apna Sathi..",Saheli,1960,A. Hameed,Fyaz Hashmi,Naseem Begum,
Sahelio Kahan Ho Tum Awaaz Do..,Hamraz,1967,Khawaja Khursheed Anwar,Qateel Shafai,Noorjahan,
"Sahti Rehna Sath Ray, Hath Mein Pakarh Lo Hath Ray..",Kala Pani,1963,Rehman Verma,Mushir Kazmi,Irene Parveen,
"Sajan Ki Nazron Say Bach Na Sakun Gi, Lakh Ghoonghat Nikalun..",Ghar Damaad,1969,Javed Sarwar,Masroor Anwar,Nazir Begum,
"Sajan, Tum Bhalay Rooth Jao, Mo Roothay Na Parmatma..",Laggan,1960,Azam Baig,Munir Niazi,Naheed Niazi & Co.,
"Sajjan Lagi Tori, Laggan Mann Ma, Kaha Na Hi Jaye..",Baji,1963,Saleem Iqbal,Ahmad Rahi,Noorjahan,
"Sajna Dwar Aaye, Sakhi 16 Singhar Kar Lay..",Dulhan,1963,Rasheed Attray,Fyaz Hashmi,Noorjahan,
"Sajna, Main Nay Tujh Ko Pyar Kiya, Kehta Hay Zamana..",Naheed,1968,Nashad,Khawaja Parvez,Noorjahan,
"Sajna, Roye Mera Pyar..",Papi,1968,Jameel Khusro,Ahmad Ali Khusro,Runa Laila,
"Sajna, Toota Mera Sundar Sapna, Kis Ko Pukarun, Tum Bin..",Sagar,1965,Khan Ataur Rahman,Suroor Barabankvi,Firdousi Begum,
"Sakhi Ri, Koi Dekh Na Lay, Naino Ki Chori..",Sagar,1965,Khan Ataur Rahman,Suroor Barabankvi,Irene Parveen & Co.,
"Sal-Lalla-Ho-Elaika-Ya-Rasool-Lallah, Wasallam-Elaika-Ya-Habibullah..",Ishq-e-Habib,1965,Zafar Khursheed,Masroor Anwar,Rehena Yasmin,
"Salaam, A Jan-e-Watan, Sultan-e-Watan, Marhaba..",Al-Hilal,1966,Rasheed Attray,Tufail Hoshiarpuri,Noorjahan & Co.,
"Salam Un Par, Jin Ka Rehmatul-Lill-Aalemeen (saw) Laqab..",Mera Salaam,1966,Mohammad Ali Munnu,Muzaffar Warsi,Batish,
Salam Us Par Keh Jis Nay Badshahi Mein Faqeeri Ki..,Asmat,1968,Masoom Rahim,Kaleem Usmani,Mujeeb Alam,
Salam Us Par Keh Jis Nay Bekason Ki Dastgeeri Ki..,Charagh Jalta Raha,1962,Nahal Abdullah,Mahirul Qadri,Talat Mehmood,
"Salle-Aala Nabi-e-Na, Salle-Aala Mohammad-in (saw)..",Asmat,1968,Masoom Rahim,Kaleem Usmani,Mala & Co.,
"Salle-Aala, Sayyadi, Makki, Madni, Qibla-e-Din Ho Tum..",Azmat-e-Islam,1965,Master Ashiq Hussain,Naeem Hashmi,Irene Parveen,
"Samaa Hay Barsat Ka, Dekho Jee, Maza Raat Ka..",Fareb,1965,Jami,Mushir Kazmi,Mala,
"Samaa Jab Pyar Pyara Ho, Pyar Ka Dil Ko Sahara Ho..",Maa Kay Aansoo,1963,Manzoor Ashraf,Mushir Kazmi,Ahmad Rushdi,
"Samaa Pyara Pyara, Wei Wei, Kabhi Dharkay, Kabhi Machlay..",Khaibar Pass,1964,Safdar Hussain,Mushir Kazmi,Irene Parveen,
"Samjh Na Aye, Dil Kahan Lay Jaun, Sanam Meray Sanam..",Daal Mein Kala,1962,Muslehuddin,Himayat Ali Shair,Naheed Niazi,
"Samjhatay Ghair Tum Ko, To Tum Say Pyar Kyun Kartay..",Koh-e-Noor,1966,Manzoor Ashraf,Fyaz Hashmi,Mala,
Samnay Aa Kay Tujh Ko Pukara Nahin..,Dard,1969,M. Ashraf,Khawaja Parvez,Mehdi Hassan,
"Samnay Baitho Raho Tu, Aur Main Gati Rahun..",Shukria,1964,Manzoor Ashraf,Mushir Kazmi,Naseem Begum,
"Samnay Rashk-e-Qamar Ho, To Ghazal Kyun Na Kahun..",Meray Mehboob,1966,Khalil Ahmad,Himayat Ali Shair,Masood Rana,
"Sanbhal Kay Baith Deevanay, Nazar Ka War Hota Hay..",Misaal,1966,Azam Baig,Asad Hussain Azal,Nazir Begum,
"Sanbhal Kay O Albeli, Kahan Chali Hay Akeli..",Chanda,1962,Robin Ghosh,Suroor Barabankvi,Akhtar Abbas,
"Sanbhala Hay Main Nay Buhat Apnay Dil Ko, Zaban Par Phir..",Ik Tera Sahara,1963,Master Inayat Hussain,Qateel Shafai,Saleem Raza,
"Sangeet Na Janay, Dikhlaye Ga Kab Tak Hamen, Yeh Khawab Suhanay..",Saaz aur Aavaz,1965,Hassan Latif,Habib Jalib,Mehdi Hassan,
"Sanwaray, Banwaray, Hain Nit Nit Kay Yeh Melay..",Divana,1964,Muslehuddin,Tanvir Naqvi,Noorjahan,
"Sanwariya Ayo Ray, Mann Ki Batiyan Bataun Gi Kaisay..",2 Rastay,1961,Master Inayat Hussain,Tanvir Naqvi,Naseem Begum,
"Sanwariya, Hey Hey, Diya Bara Dukh Deyo..",Baji,1963,Saleem Iqbal,Ahmad Rahi,Naseem Begum,
"Sanwariya, Ho Sanwaray, Aao Ray, Aa Aa Aa..",Hamsafar,1960,Muslehuddin,Shair Siddiqi,Sandhya Mukherjee (Indian singer),
"Sanwariya, Mann Bhayo Ray, Bolay Ray, Dolay Ray..",Salma,1960,Rasheed Attray,Zahoor Nazar,Naseem Begum,
"Sanwray, Kyun Na Roye Teri Sanwri..",Kalay Log,1965,Akhtar Hussain Akhian,Tanvir Naqvi,?,
"Sapno Mein Uri Uri Jaun, Chham Chham Nachu, Gun Gun Gaun..",Mehboob,1962,Rasheed Attray,Qateel Shafai,Mala,
"Sapno Say Kheil Rahi Hay, Roop Ki Rani..",Hamen Bhi Jeenay Do,1963,C. Faiz,Asadi,Irene Parveen,
"Saqi Aa, Jam Lay, Kuchh Nigahon Say Bhi Kaam Lay..",Navab Siraj-ud-Daulah,1967,Khan Ataur Rahman,Suroor Barabankvi,Naheed Niazi,
"Saqi Bhi Neya, Mehfil Bhi Neyi, Ab Aye Ga Ham Tak Peimana..",Ghaddar,1964,Rehman Verma,Habib Jalib,Mala,
"Saqi Thay Kuchh Log Yahan, Kya Dil Walay Deevanay Say..",Lakhon Fasanay,1961,Deebo,Akhtar Sikandari,C.H. Atma,
"Saqi, Suna Hay Tera Naam, Pemana Bhar Day, Deevan Kar Day..",Commander,1968,Master Abdullah,Mushir Kazmi,Noorjahan,
"Sar Peh Mash'hadi Lungi Bandh Kar Chalay, O Mera Albela Mahi..",Ek Manzil 2 Rahen,1962,Rasheed Attray,Qateel Shafai,Naseem Begum,
"Sar-e-Tasleem, Kham Hay, Jo Mazaj-e-Yaar Mein Aye..",Chhoti Ammi,1964,Tasadduq Hussain,Zia Sarhadi,Nazir Begum,
"Saray Jahan Ko Ham Bhool Geye, Ajji, Tum Ko Bana Kay Apna..",Yeh Jahan Valay,1965,Tasadduq Hussain,Sahil Farani,Munir Hussain,
Sari Mehfil Raqs Mein Hay Hay Aur Gardish Mein Hay Peimana..,Sajda,1967,Manzoor Ashraf,Qateel Shafai,Mala & Co.,
"Sari Sakhion Kay Balam Goray Goray, Apna Balam Kala..",Ik Nageena,1969,Amjad Bobby,Taslim Fazli,Irene Parveen,
Sath Hay Mera Hamsafar Aur Yeh Dunya Jawan Hay..,Meri Dosti Mera Pyar,1968,Tasadduq Hussain,Riazur Rehman Saghar,Mala,
"Sathi Kahan Ho, Awaz To Do, Pal Pal Mera Pyar Pukaray..",Lakhon Mein Ek,1967,Nisar Bazmi,Tanvir Naqvi,Noorjahan,
"Sathi, Bichhar Geye Hayn, Ik Pal Mein Zindagi Kay..",14 Saal,1968,Hameed Jazib,Shorsh Dehlvi,Munir Hussain,
"Sathi, Tera Mera Sathi Hay Lehrata Samandar..",Samundar,1968,Deebo,Sehba Akhtar,Ahmad Rushdi,
"Sathio, Marhaba, Marhaba, Phool Ban Kay Khilo..",Wali Ehad,1968,Khalil Ahmad,Kaleem Usmani,Shoukat Ali & Co.,
"Sathio, Mujahido, Jaag Utha Hay Sara Watan..",Mujahid,1965,Khalil Ahmad,Himayat Ali Shair,Masood Rana,
Sawan Ki Kali Ghata Chhai Ray Balamwa..,Darvaza,1962,Saleem Iqbal,Saifuddin Saif,Naseem Begum,
"Sawan Ku Rut Ayi Ray, Badariya Chhai, Rim Jhim Bajay..",Gharib,1960,Nazir Sheeley,Rais Khumar,Aniqa Bano & Co.,
"Sayyan Baray Jadugar Hey, Pehli Hi Nazar Mein Kiya Ghayel..",Ghar Pyara Ghar,1968,Nisar Bazmi,Habib Jalib,Runa Laila,
"Sayyan Bedardi, Na Ja Ray, Na Ja Ray, Chhor Kay..",Josh,1966,Muslehuddin,Fyaz Hashmi,Naheed Niazi,
"Sayyan Hamaray, Aaj Pun Aye..",Naach Ghar,1963,Dheer Ali,Suroor Barabankvi,Firdousi Begum,
"Sayyan Ja Ja Ja, Na Bolun Sang Toray, Bedardi Na Bolun..",Haveli,1964,Khawaja Khursheed Anwar,Tanvir Naqvi,Mala,
"Sayyan Ray Sayyan, Chhor Day Mori Behniya..",Maalan,1964,Nazir Sheeley,?,Naseema Shaheen,
"Sayyan Ray, Balma Ray, Balma Lagay Ray, Qasm Teri..",Seema,1963,Master Inayat Hussain,Tanvir Naqvi,Naheed Niazi,
"Sayyan, Bara Woh Hay, Jee Pyar Na Janay..",Dil Diya Dard Liya,1968,A. Hameed,Tanvir Naqvi,Mala,
"Sayyan, Bedardi Mora, Dard Na Janay Ray..",Chanda,1962,Robin Ghosh,Suroor Barabankvi,Farida Yasmin,
"Sayyan, Ja Ray Ja Jhotay, Main Kaisay Karun Eitbar..",Behan Bhai,1968,A. Hameed,Tanvir Naqvi,Mala,
"Sayyan, Tori Ho Geyi Main, Pehli Najar Mein..",Shehbaz,1960,Khadim Hussain,Tanvir Naqvi,Irene Parveen,
Saza Di Hay Naseebon Nay Kisi Ilzam Say Pehlay..,Izzat,1960,Nazir Ajmeri,Tufail Hoshiarpuri,Naheed Niazi,
"Saza Kay Qabil Hayn, Is Liye Ham, Keh Apni Koi Khata Nahi Hay..",Dulhan,1963,Rasheed Attray,Fyaz Hashmi,Noorjahan,
Seekha Kahan Say Tu Nay Andaz Bankpan Ka..,Farishta,1961,Rasheed Attray,Tanvir Naqvi,Saleem Raza,
"Seekhay Ham Say Yeh Dunya, Baat Sar-e-Mehfil Kehna..",Ghaddar,1964,Rehman Verma,Habib Jalib,Mala,
Seeti Baja Kay Mohay Kahay Ko Bulaye Ray..,Chhotay Sahib,1967,Ali Hossain,Akhtar Yousuf,Mala,
"Sehra Ki Hawa, Tuj Ko BaKhuda, Day Gawahi Meri..",Hukumat,1967,Manzoor Ashraf,Tanvir Naqvi,Mala,
Sehray Kay Phool Ban Kay Har Aarzoo Khilay Gi..,Adalat,1968,Tasadduq Hussain,Muzaffar Warsi,Mala,
"Shaam Suhani, Meri Kahani, Dil Ki Zubani..",Jeena Bhi Mushkil,1969,Jalal Ahmad,N/A,Basheer Ahmad,
"Shab-e-Mehtab Hay, Tanhai Hay, Aisay Mein Yaad Teri Ayi Hay..",Ayaz,1960,Khawaja Khursheed Anwar,Qateel Shafai,Iqbal Bano,
Shadi Ka Aaj Ham Ko Jo Pegham Mil Geya..,Ham Dono,1966,Nashad,Kaleem Usmani,Ahmad Rushdi,
"Shafaq Chehray Peh Lehrati Hay, Rukhsaron Ka Kya Kehna..",Gul Bakavli,1961,Safdar Hussain,Qateel Shafai,Saleem Raza,
"Shaheedon Ka Khoon, Tum Say Kya Keh Raha Hay..",Pardah,1966,Safdar Hussain,Fyaz Hashmi,Mala & Co.,
"Sham Dhali, Shama Jali, Parwney Aaye..",Sarhad,1966,Khawaja Khursheed Anwar,Tanvir Naqvi,Noorjahan,
"Sham Hui Na Ab Tak Aye, Radha Neer Bahaye Ram, Hey Ram..",Ghazi Bin Abbas,1961,Safdar Hussain,Qateel Shafai,Naseem Begum,
"Sham Hui, Ghar Aa Ja, Dil Tarsay, Chain Na Aye..",Sukh Ka Sapna,1962,Manzoor Ashraf,Faiz Ahmad Faiz,Noorjahan,
"Sham Ki Bela Hay, Koi Akela Hay, Aisay Mein Aa Jana..",Rahguzar,1960,Muslehuddin,Tanvir Naqvi,Kousar Parveen,
Sham Ko Shehar Mein Shamen Jala Deta Hay Tu..,Dhoop Aur Saye,1968,Tufail Niazi,Munir Niazi,Noorjahan,
"Sham-e-Gham Ayi, Aansuon Mein Dhal Geyi..",7 Rang,1965,Subal Das,Suroor Barabankvi,Firdousi Begum,
"Sham-e-Gham Phir Aa Geyi, Phir Udasi Chha Geyi..",Seema,1963,Master Inayat Hussain,Arif Razmi,Saleem Raza,
"Shama Bujh Geyi Hay, Is Mein Say Dhuwan Uthta Hay..",Seema,1963,Master Inayat Hussain,?,Saleem Raza,
Shama Jalti Jaye..,Jeena Bhi Mushkil,1969,Jalal Ahmad,N/A,Anjuman Ara,
"Shama Ka Shola Bharak Raha Hay, Dil Parwana Dharak Raha Hay..",Aadil,1966,Nisar Bazmi,Mushir Kazmi,Mala & Co.,
"Shama Kahmosh Ho Geyi Jaltay, Reh Geya Ashk Ankh Say Dhalkay..",Shehnai,1968,Sohail Rana,Masroor Anwar,Masood Rana,
"Shama-eZindagi, Tu Nay Jalai Kali Raton Mein..",Watan,1960,Master Inayat Hussain,Qateel Shafai,Inayat Hussain Bhatti,
Shano Peh Gasuon Ki Yeh Jhoomti Ghatayen..,Sonay Ki Chirya,1968,Tasadduq Hussain,Qateel Shafai,Mehdi Hassan,
"Sharir Kahin Kay, Paas Aho, Aa Bhi Jao..",Daastan,1969,Khalil Ahmad,Fyaz Hashmi,Irene Parveen,
Sharma Kay Ham Say Ankh Milanay Ka Shukriya..,Azra,1962,Master Inayat Hussain,Saifuddin Saif,Saleem Raza,
"Shehar Ka Naam Hay Karachi, Bach Kay Rehna Yahan..",Bahana,1965,Khan Ataur Rahman,Suroor Barabankvi,Ahmad Rushdi,
"Shehzaday, Meray Dil Ki Mehak..",Meray Laal,1967,Lal Mohammad Iqbal,Sehba Akhtar,Ishrat Jahan,
"Sheron Ka Woh Naara Goonja, Azadi Ya Maut..",Azadi Ya Mout,1966,Lal Mohammad Iqbal,Sehba Akhtar,Ahmad Rushdi & Co.,
"Shikasta Dil Hun, Mujhay Zindagi Say Pyar Nahin..",Asmat,1968,Masoom Rahim,Kaleem Usmani,Noorjahan,
"Shikayet Hay Itni Sarkar, Hazoor Wala, Thanedar..",Ustadon Ka Ustad,1967,Ghulam Ali,Aajiz Faridi,Ahmad Rushdi,
"Shikwa Na Kar, Gila Na Kar, Yeh Dunya Hay Pyaray..",Zamin,1965,Wazir Afzal,Mushir Kazmi,Mehdi Hassan,
"Shikwa Nahin Kisi Say, Kisi Say Gila Nahin, Qismat Mein Hi Nahin Tha..",Haveli,1964,Khawaja Khursheed Anwar,Tanvir Naqvi,Noorjahan,
"Shikwa Nahin, Gila Nahin, Dunya Nay Gar Mitay Diya..",Koh-e-Qaaf,1965,Tasadduq Hussain,Nusrat Mansoori,Naheed Niazi,
"Shor Machay Ga, Loota Mara, Babu Jee, Samjho Ishara..",Qabeela,1966,Rehman Verma,Habib Jalib,Mala,
"Shoukh Haseena, Poonch Paseena, Yeh To Bata Day..",Voh Kon Thi,1966,Nazir Jafri,Tishna Meeruti,Ahmad Rushdi,
"Shoukh Hawaen, Meri Chunri Urayen, Main To Sharmai..",Sham Dhalay,1960,Rasheed Attray,Tanvir Naqvi,Naseem Begum,
"Shoukh Nazar, Shoukh Ada, Sab Say Alag, Sab Say Juda..",Josh-e-Inteqam,1968,Tasadduq Hussain,Mushir Kazmi,Irene Parveen,
"Shouq Say Nazara Kijiye, Meray Mehkay Mehkay Husn Ka..",Ek Thi Maa,1960,Rehman Verma,Mushir Kazmi,Naheed Niazi,
"Shukar, Al-Hamd-o-Lillah, Woh Chalay Aye, Lo Chalay Aye..",14vin Sadi,1969,Azam Baig,Fyaz Hashmi,Amanat Ali Khan,
"Shukar, Al-Hamdo-Lillah, Pyar Mila Hay, Dildar Mila Hay..",Barat,1963,Azam Baig,Mushir Kazmi,Mala,
"Shukriya A Soze Gham, Har Tamanna Jal Gei..",1000 Dastan,1000,Rasheed Attray,Fyaz Hashmi,Naseem Begum,
"Shukriya, Jan-e-Mann Tera, Ho Geya Ghar Abad Mera..",Bhai Jan,1966,Tasadduq Hussain,Mushir Kazmi,Saleem Shehzad,
"Sitam Par Sitam, Gham Peh Gham, Ham Sahen Magar Chup Rahen..",Maa Beti,1963,Safdar Hussain,Qateel Shafai,Irene Parveen,
"Sitaro, Tum Bhi Gawahi Dena, Ham Aaj Ki Raat Bhi Jagay..",Chattan,1967,Rasheed Attray,Qateel Shafai,Noorjahan,
Sitaron Ki Chhaon Mein Chhup Chhup Kay roye..,Manzil Door Nahin,1968,Lal Mohammad Iqabl,Sehba Akhtar,Nighat Seema,
"So Bar Chamman Mehka, So Bar Bahar Aayi..",Sham Dhalay,1960,Rasheed Attray,Sufi Ghulam Mustafa Tabassum,Naseem Begum,
"So Ja, Pyari Bhayya Ki, Pal Bhar Ki Raat Hay, So Ja..",Main Zinda Hun,1968,Hassan Latif,Mushir Kazmi,Noorjahan,
"So Ja, So Ja, Dard Bharay Dil, Ab To So Ja..",Clerk,1960,Safdar Hussain,Ahmad Rahi,Naheed Niazi,
"Socha Tha Pyar Na Karayn Gay, Ham Na Kisi Peh Maren Gay..",Ladla,1969,Lal Mohammad Iqbal,Kaif Rizwani,Ahmad Rushdi,
"Socha Tha, Un Say Milen Gay, Kahen Gay, Aap Hamen Tarpatay Hayn..",Ishara,1969,Sohail Rana,Masroor Anwar,Ahmad Rushdi,
"Sohnay Mukhray Walay Piya Jee, Tohay Maan Liya..",Burma Road,1967,Safdar Hussain,Hazin Qadri,Mala,
"Sonay Ka Long, Main Pehan Kar, Chali Teri Gali Mein..",Watan,1960,Master Inayat Hussain,Qateel Shafai,Naheed Niazi,
Soorat Tori Daikhay Bina Nahi Chain.. Tu Aa Ja..,Darvaza,1962,Saleem Iqbal,Saifuddin Saif,Naseem Begum,
"Soye Huway Lakhon Fitnay Hayn, Ik Simti Hui Angrai Mein..",Chhoti Si Dunya,1965,Khalil Ahmad,Ahmad Rahi,Irene Parveen,
"Soye Nadiya, Jagay Pani, Kaisi Prem Kahani..",Soye Nadia Jagay Pani,1968,Khan Ataur Rahman,Suroor Barabankvi,Basheer Ahmad,
"Soye Nadiya, Jagay Pani, Kaisi Prem Kahani..",Soye Nadia Jagay Pani,1968,Khan Ataur Rahman,Suroor Barabankvi,Shehnaz Begum,
"Soye Nadiya, Jagay Pani, Kaisi Prem Kahani..",Soye Nadia Jagay Pani,1968,Khan Ataur Rahman,Suroor Barabankvi,Basheer Ahmad,
"Subah Kahin, Sham Kahin, Jhoom Raha Hay Aasman..",Subah Kahin Sham Kahin,1961,Nazir Jafri,Zahoor Nazar,Kousar Parveen,
"Subhan Allah, Yeh Chehra, Haseen Zulfon Ka Pehra..",Ladla,1969,Lal Mohammad Iqbal,Kaif Rizwani,Ahmad Rushdi,
"Sun Arz Meri, Nabiyon Kay Nabi, Mehboob-e-Khuda (saw)..",Safaid Khoon,1964,Akhtar Hussain Akhian,Tanvir Naqvi,Naseem Begum & Co.,
"Sun Gori Sun, Dhobia Ki Chhori Door Door Bhagay..",Baalam,1968,Khalil Ahmad,Himayat Ali Shair,Ahmad Rushdi,
"Sun Jana Faryad, O Babu, Sun Jana Faryad..",Qabeela,1966,Rehman Verma,Saghar Siddiqi,Naheed Niazi,
"Sun Lay Jahan Walay, Yeh Unchay Makan Walay..",Tangay Vala,1963,Rasheed Attray,Hamayet Ali Shair,Saleem Raza,
"Sun Lay O Matwalay, Yey Dunya Hay 4 Dino Ki..",Yeh Bhi Ek Kahani,1964,Karim Shahabuddin,Z.R. Mani,Farida Yasmin,
"Sun Lay Pukar Aaj Mori, Sun Lay Pukar..",Roopmatti Baaz Bahadur,1960,Tasadduq Hussain,Tufail Hoshiarpuri,Kousar Parveen,
"Sun Meray Sathi, Yeh Gham Hayn Jahan, Khushi Ka Zamana..",Yateem,1967,Saleem Iqbal,Ahmad Rahi,Irene Parveen,
"Sun Meri Sada, Zara Hosh Mein Aa, Masti Mein Kho Na Ja..",Son of Ali Baba,1961,Tasadduq Hussain,Habib Jalib,Mala,
"Sun Rassiya, Mann Bassiya..",Baji,1963,Saleem Iqbal,Ahmad Rahi,Noorjahan,
"Sun Rassya, Mann Basya, Mosay Naina Mila Kay To Na Ja..",14vin Sadi,1969,Azam Baig,Fyaz Hashmi,Noorjahan,
"Sun Ray Rasiya, Jiya Nahin Manay, Kar Kay Singhar Khari Teray Liye..",Laggan,1960,Azam Baig,Munir Niazi,Iqbal Bano,
Sun Ri Meri Pyari Guddo.. Main Chala Hun Jang Peh..,Raqqasa,1965,Master Rafiq Ali,Mushir Kazmi,Batish,
"Sun Ri Saheli, Bano Albeli, Piya Ghar Jana Paray Ga Tujh Ko..",Aanch,1969,Khalil Ahmad,Qateel Shafai,Najma Niazi,
"Sun Sanwli Surat Walay, Ik Pyar Bhara Dil Kya Bolay..",Qaidi,1962,Rasheed Attray,Nakhshab,Naseem Begum,
"Sun Sun Ray Piya Ray, Mora Dharkay Jiya..",Unchay Mahal,1962,Tufail Farooqi,Munir Niazi,Naheed Niazi,
"Sun Sun Ri Pawan, Meray Dil Ki Laggan, Woh Jan Geye..",Aavaz Day Kahan Hay,1962,Khursheed Qais,Habib Jalib,Zubaida Khanum,
"Sun Zara, Zindagi Aaj Kehti Hay Kya, Raat Ki Bahnon Mein Jhoom Lay..",Khaibar Pass,1964,Safdar Hussain,Fyaz Hashmi,Mala,
"Sun, Kya, Tum, Main, Dil, Jee, Chura Liya, Sach, Haan, Chup..",Daal Mein Kala,1962,Muslehuddin,Fyaz Hashmi,Ahmad Rushdi,
Suna Hay Keh Dil Lay Kay Detay Hayn Dhoka..,Mahal,1968,Rasheed Attray,Fyaz Hashmi,Runa Laila,
Suna Hay Teri Ankhon Mein Sitaray Jagmagatay Hayn..,Mehman,1969,Master Inayat Hussain,Qateel Shafai,Ahmad Rushdi,
"Suniye To Mohtarama, Aap Ko Zehmat Ho Gi..",Doosri Maa,1968,Lal Mohammad Iqbal,Masroor Anwar,Irene Parveen,
"Suniye To Mohtram, Zara Rokiye Qadam, Hui Jo Bhi Ham Say Khata..",Honhaar,1966,A. Hameed,Fyaz Hashmi,Ahmad Rushdi,
"Suno Jee Baat, Karo Jee Baat, Main Tum Say Ek Paheli Poochhun Gi..",Maa Kay Aansoo,1963,Manzoor Ashraf,Mushir Kazmi,Nazir Begum,
"Suno Jee Tarana Mera, Aya Hay Mera Zamana..",Ek Manzil 2 Rahen,1962,Rasheed Attray,Qateel Shafai,Mala,
"Suno Jee, Sanam Ki Zaat Buri, Hey, Judai Wali Raat Buri..",Moajza,1966,Akhtar Hussain Akhian,Sahil Farani,Nazir Begum,
"Suno Jee, Yeh Suna Hay, Jab Pyar Kisi Say Ho Jaye..",Yeh Jahan Valay,1965,Tasadduq Hussain,Sahil Farani,Mala,
"Suno Ray Dil Walo, Arrey In Haseeno Say Dil Na Lagana..",Diya Aur Toofan,1969,Kemal Ahmad,Kemal Ahmad,Rangeela,
"Suno, Bin Poochhay Tum Dil Na Lagana, Bin Samjhay..",Rupban,1965,Satiya Saha,Ayaz Aasim,Naina Khan,
"Suno, Ek Kahani Suno, Sadiyon Purani Suno, Sanwaray..",Kangan,1969,Subal Das,Akhtar Yousuf,Ahmad Rushdi,
"Suno, Suno, Man Mohnay Bacho, Sundar Salonay Bacho, Yeh Kahani..",Doctor,1965,Azam Baig,Shoukat Hashmi,Irene Parveen,
"Suno, Suno, Sarkar..",Yeh Bhi Ek Kahani,1964,Karim Shahabuddin,Z.R. Mani,Basheer Ahmad & Co.,
Takra Gein Nazren Jo Sar-e-Rah Kisi Say..,Jan-e-Arzoo,1968,Master Inayat Hussain,Qateel Shafai,Mala,
"Tali Bajay Beyi, Tali Bajay, Munna Hamara, Dudhon Nahaye..",Lori,1966,Khalil Ahmad,Himayat Ali Shair,Irene Parveen,
"Tall Hi Jayen Gay Khatar, Katt Hi Jaye Ga Safar..",Lala Rukh,1968,Saleem Iqbal,Tanvir Naqvi,Masood Rana,
"Tamanna Jawan, Nazar Bhi Haseen, Kahin Na Kahin To Dil Aye Ga..",Alf Leila,1968,Tasadduq Hussain,Mushir Kazmi,Irene Parveen,
"Tana Dharna Tana, Sara Jagg Chhana..",Sunehray Sapnay,1961,Hassan Latif,Tanvir Naqvi,?,
"Tana, Dharay Tana.. Mann Ki Nagariya Mein Aan Sajna..",Chhotay Sarkar,1961,Inayat Hazravi,Qateel Shafai,Irene Parveen,
"Tann Say Guzar Kay Mann Mein Uttar Geyi, Teri Najar Kya Jadoo Kar Geyi..",Aag,1967,Nisar Bazmi,Masroor Anwar,Irene Parveen,
"Taqdeer Hans Rahi Thi, Gham Muskara Rahe Thay..",Eid Mubarak,1965,A. Hameed,Fyaz Hashmi,Mala,
"Taqdeer Kay Malik, Tera Insaf Kahan, Is Dard Ki Dawa Kahan..",Shake Hand,1962,Bakhshi Wazir,Tajammul Hussain,Nazir Begum,
"Taqdeer Kay Toofan Say, Tujhay Main Nay Pukara..",Ik Tera Sahara,1963,Master Inayat Hussain,Qateel Shafai,Mala,
"Taqdeer Ki Gardish Peh Na Ro, A Meray Mehboob..",Bahu Rani,1969,A. Hameed,Qateel Shafai,Noorjahan,
Taqdeer Nay Is Dil Par Woh Zakham Lagaye Hayn..,Aneela,1969,Nisar Bazmi,Masroor Anwar,Mala,
"Taqdeer So Chuki Hay, Sayyah Raat Ho Geyi..",Voh Kon Thi,1966,Nazir Jafri,Tishna Meeruti,Irene Parveen,
"Tarap Rahi Hay Har Ik Tamanna, Na Tum Say Miltay ..",Piya Millan Ki Aas,1969,Saleem Iqbal,Fyaz Hashmi,Mehdi Hassan,
Tarap Tarap Kay Guzarati Hay Raat..,Khyber Mail,1960,G.A. Chishti,?,?,
"Taron Ki Chhayyan Chhayyan, Mann Bhar Lay Na, Sayyan..",Sagar,1965,Khan Ataur Rahman,Suroor Barabankvi,Irene Parveen,
"Taron Ki Mehfil Mein Chand Aya, Chandni Chha Geyi Hay..",Shadi,1964,Nazir Sheeley,?,Firdousi Begum,
"Taron Say Dugni Ho Teri Umriya, Yahi Hay Meri Dua..",Dil Divana,1967,Sohail Rana,Mushir Kazmi,Mala,
"Tarpa Diya, Jee Tarpa Diay, Kyun Dil Say Dil..",Manzil Door Nahin,1968,Lal Mohammad Iqabl,Shabbi Farooqi,Nighat Seema,
"Tarpa Kay Janay Walay, Laya Ja Meri Duaen..",Daku Ki Larki,1960,Rasheed Attray,Kaleem Usmani,Naseem Begum,
"Tarpay Hay Jiya Mora, Janay Balma Kaisa Gajab Hay..",Piya Millan Ki Aas,1969,Saleem Iqbal,Fyaz Hashmi,Mala,
"Tarrap Tarrap Kay Guzarti Hay Raat, Ruk Jao..",Khaibar Pass,1964,Safdar Hussain,Fyaz Hashmi,Noorjahan,
"Tars Na Jaye Kahin, Manzil-e-Wafa Kay Liye..",Aanch,1969,Khalil Ahmad,Qateel Shafai,Noorjahan,
"Taskeen Jo Day Jatay, Araam To Mil Jata, Kuchh Ham Bhi..",Devdas,1965,Akhtar Hussain Akhian,Roop Baivt,Saleem Raza,
Taskeen Ko Ham Na Royen Jo Zoq-e-Nazar Milay..,Ghalib,1961,Tasadduq Hussain,Mirza Ghalib,Noorjahan,
"Tera Aghaz Jalna Hay, Tera Anjam Jalna Hay..",Neelofar,1960,Safdar Hussain,Ahmad Rahi,Naheed Niazi,
Tera Dil Bhi Kahin Aye To Maza Aa Jaye..,Darvaza,1962,Saleem Iqbal,Saifuddin Saif,Ishrat Jahan,
"Tera Dil Jo Meray Dil Say Aa Mila, Diya Jagmag Chamkay Nainan Mein..",Albela,1967,Wazir Afzal,Qateel Shafai,Noorjahan,
Tera Farman Bhulaya Hay Madeenay Walay (saw)..,Bahu Begum,1965,Tasadduq Hussain,Mushir Kazmi,Saleem Raza,
"Tera Intezar Karun, BeQarar Rahu, Bar Bar..",Elaan,1967,Master Inayat Hussain,Tanvir Naqvi,Noorjahan,
"Tera Kon Yahan, Dhoondhay Pyar Kahan, Kahay Dar Dar..",Mera Kya Qasoor,1962,Tasadduq Hussain,Mushir Kazmi,Saleem Raza,
"Tera Kya Qasoor Hay Zindagi, Mujhya Dil Mila Hay Dukha Hua..",Main Chup Rahun Gi,1966,Tasadduq Hussain,Muzaffar Warsi,Irene Parveen,
Tera Mera Pyar Dekh Kar.. Pyar Mein Sub Kuchh Chalta Hay..,Insaniyat,1967,Tasadduq Hussain,Shabab Keranvi,Ahmad Rushdi,
Tera Mera Sathi Hay Lehrata Samandar..,Samundar,1968,Deebo,Sehba Akhtar,Masood Rana,
"Tera Nakhra Wakhra Janti Hun Main, Tu Hay Daghabaz..",Nazneen,1969,M. Ashraf,Kaleem Usmani,Runa Laila & Co.,
"Tera Rang Gulabi Hay, Ankhon Mein Kajlay..",Shola Aur Shabnam,1967,Manzoor Ashraf,Tanvir Naqvi,Masood Rana,
"Teray Bagher Zindagi, Bhatka Hua Khayal Thi..",Baharen Phir Bhi Ayen Gi,1969,Shamim Nazli,Khawaja Parvez,Mehdi Hassan,
"Teray Dar Peh Hay Yeh Meri Sada, Meray Soye Bhag Jaga Bhi Day..",Husn-o-Ishq,1962,Safdar Hussain,Qateel Shafai,Naheed Niazi,
"Teray Dar Say Lout Aye, Aansoo Baha Kay..",Shikari,1964,Muslehuddin,Qateel Shafai,Irene Parveen,
"Teray Darbar Mein Dukhiya Maa Ayi Hay, Meri Beti Ko Tu Zindagi Day Day..",Ishq-e-Habib,1965,Zafar Khursheed,Masroor Anwar,Rehena Yasmin,
"Teray Dil Mein Khushi Ka Khazana, Rahay Pyar Ka..",Noukari,1960,Mohammad Ali Munnu,Tanvir Naqvi,Kousar Parveen,
"Teray Gham Say Mohabbat Ho Gayi Hay, Sittam Sehnay Ki Aadat..",Shab Bakhair,1967,Safdar Hussain,Fyaz Hashmi,Mala,
"Teray Ghoonghat Mein Chor Sakhi Ray, Lakh Jattan Tu Kar Lay..",Ishq Par Zor Nahin,1963,Master Inayat Hussain,Qateel Shafai,Naseem Begum,
"Teray Haath Mein Hayn Pyaray, Teray Haath Ki Lakeeren..",Chhoti Si Dunya,1965,Khalil Ahmad,Ahmad Rahi,Ahmad Rushdi,
"Teray Hazoor Chalay Aye Ham, Apno Say Door Chalay Aye Sanam..",Hatim Tai,1967,Nisar Bazmi,Masroor Anwar,Mala,
"Teray Husn Ki Baton Mein Koi Aa Geya, Pyar Ho Geya..",Sangam,1964,Khan Ataur Rahman,?,Basheer Ahmad,
"Teray Jahan Mein, Hamen Kya Mila, Dil Preshan, Gham, Tamanna..",Rahguzar,1960,Muslehuddin,Tanvir Naqvi,Zubaida Khanum,
"Teray Liye O Jane-e-Jan, Lakhon Sitam Uthayen Gay..",Sharik-e-Hayyat,1968,A. Hameed,Fyaz Hashmi,Noorjahan,
"Teray Nakhron Ka Garm Masala, Bara Hay Mazedar..",Aasra,1969,Nisar Bazmi,Masroor Anwar,Ahmad Rushdi,
"Teray Qurban, A Meri Jan, Loshay, Tujh Sa Na Paya Tha  Na Sara Zamana..",Dost Dushman,1967,Rehman Verma,Tanvir Naqvi,Irene Parveen,
"Teray Qurban, Main Bhi Jawan, Tu Bhi Jawan, Loshay..",Zanjeer,1960,Feroz Nizami,Imdad Hussain,Imdad Hussain,
"Teray Saajan Ka Aya Bulawa, Tjhay Maikay Sy Jana Ho Ga..",Jugnu,1968,Manzoor,Fyaz Hashmi,Naheed Niazi,
"Teray Sar Par Dekh Kay Tapka, Teray Tapkay Peh Sar..",Ghalib,1961,Tasadduq Hussain,Tufail Hoshiarpuri,Zubaida Khanum,
"Teray Sath Dil Laga Kay, Tujhay Razdan Bana Kay..",Shola Aur Shabnam,1967,Manzoor Ashraf,Tanvir Naqvi,Mala,
"Teray Shabab Ka, A Jan-e-Jan, Jawab Kahan..",Shararat,1963,Deebo,Masroor Anwar,Masood Rana,
Teray Waaday Say Main Nay Zindagi Sajai Thi..,Salgira,1969,Nashad,Shevan Rizvi,Mehdi Hassan,
"Teri Aankhon Kay Bheegay Sitaray, Mujhay Apni Jan Say Bhi Pyaray..",Maa Beta,1969,Master Inayat Hussain,Masroor Anwar,Ahmad Rushdi,
"Teri Aisi Ray Uthan, Jaisay Ravi Mein Toofan, Dil Lay Geyi Mera..",Raat Kay Rahi,1960,A. Hameed,Fyaz Hashmi,Ahmad Rushdi,
"Teri Ankhon Mein Janay Kya Hay, Doob Janay Ko Jee Chahta Hay..",Paisay,1964,Robin Ghosh,Fyaz Hashmi,Firdousi Begum,
Teri Ankhon Say Meray Dil Nay Dharkana Seekha Hay..,Jaisay Jantay Nahin,1969,Nisar Bazmi,Masroor Anwar,Ahmad Rushdi,
"Teri Baat, Samjh Na Aaye, Iqrar Kabhi, Inkar Kabhi..",Divana,1964,Muslehuddin,Tanvir Naqvi,Ahmad Rushdi,
Teri Chahat Hay Meri Jan Main Kya Kya Na Bana..,Daastan,1969,Tasadduq Hussain,Fyaz Hashmi,Ahmad Rushdi,
"Teri In Matwali Ankhon Mein, Apna Dard Chhupayen Gay..",Kajal,1965,Subal Das,M.D. Ahsan,Basheer Ahmad,
"Teri Jawani Ka Sanghar Hun Main, Tu Hay Chamman..",Husn-o-Ishq,1962,Safdar Hussain,Qateel Shafai,Zubaida Khanum,
"Teri Khair Sakhia, Day Ja Rah-e-Moula..",Andhi Mohabbat,1964,Manzoor Ashraf,Hazin Qadri,Naseem Begum,
"Teri Khair Sakhia, Day Ja Rah-e-Moula..",Andhi Mohabbat,1964,Manzoor Ashraf,Hazin Qadri,Saleem Raza,
"Teri Khatir Jal Rahay Hayn, Kab Say Parwanay..",Peigham,1964,A. Hameed,Fyaz Hashmi,Noorjahan,
"Teri Khatir, Zamanay Bhar Ko Thukra Kay Ham Aye Hayn..",Wali Ehad,1968,Khalil Ahmad,Kaleem Usmani,Runa Laila,
"Teri Khushboo, Hawa Mein Aa Rahi Hay, Nazar Ki Pyas..",Phool Aur Kantay,1964,Mohammad Ali Munnu,Tufail Hoshiarpuri,Saleem Raza,
"Teri Meethi Meethi Baton Mein Koi Aa Geya, Pyar Ho Geya..",Sangam,1964,Khan Ataur Rahman,Ayaz Hashmi,Asmat Ara,
Teri Mehfil Say Yeh Deevana Chala Jaye Ga..,Dard,1969,M. Ashraf,Shabab Keranvi,Mehdi Hassan,
"Teri Nazar Say Tootay Sitaray, Khulay Na Tera Pyar Dekhna..",Chori Chhuppay,1965,Hasnain,?,Shabana Majeed & Co.,
"Teri Nigahon Nay Woh Jadoo Kiya, Pyaray Jiya..",Shake Hand,1962,Bakhshi Wazir,Tajammul Hussain,Naheed Niazi,
"Teri Payal Ki Jhankar, Lootey Dil Ka Qarar, Ajji Wallah..",Sangdil,1968,M. Ashraf,Khawaja Parvez,Ahmad Rushdi,
"Teri Qasm Hay, Ghalt Mera Intikhab Nahin..",Mahal,1968,Rasheed Attray,Fyaz Hashmi,Mehdi Hassan,
"Teri Qasm, Dekho, Ham Teray Ho Geye..",Janbaz,1966,G.A. Chishti,Zahoor Nazim,Naseem Begum,
"Teri Shan, Shan-e-Qalandri, Tu Bara Gharib Nawaz Hay, Allah Hooo..",Zamin,1965,Wazir Afzal,Mushir Kazmi,Sain Akhtar & Co.,
"Teri Tasvir Banata Hun, Mita Deta Hun, Tujh Say Behtar, Teri Tasvir..",Karvan,1964,Robin Ghosh,Shair Siddiqi,Saleem Raza,
Teri Tasvir Dekhun Ya Teri Yadon Mein Kho Jaun..,Meray Laal,1967,Lal Mohammad Iqbal,Sehba Akhtar,Firdousi Begum,
"Teri Tasvir Mein Jo Baat Hay, Woh Tujh Mein Kahan..",Saiqa,1968,Nisar Bazmi,Masroor Anwar,Mala,
"Teri Us Nigah Ka Shukria, Mujhay Jis Nay Jeena Sikha Diya..",Farangi,1964,Rasheed Attray,Qateel Shafai,Naseem Begum,
"Teri Us Nigah Ka Shukriya, Mujhay Jis Na Jeena Sikha Diya..",Kala Pani,1963,Rehman Verma,Mushir Kazmi,Naseem Begum,
"Teri Yaad Aa Geyi, Gham Khushi Mein Dhall Geye..",Chand Aur Chandni,1968,Karim Shahabuddin,Suroor Barabankvi,Masood Rana,
"Teri Zaat Hay Mazhar-e-Noor-e-Khuda, Balaghul-Ala-Be-Kamale-Hi..",Farangi,1964,Rasheed Attray,Qateel Shafai,Noorjahan & Co.,
"Tez Hayn Dil Ki Dharkanay, Sun Zara Mehrban..",Taqdeer,1966,Deebo,Masroor Anwar,Noorjahan,
"Thaki Thaki Si Zindagi, Bujhi Bujhi Si Shaam Hay..",Aavara,1968,Muslehuddin,Ahmad Rahi,Mujeeb Alam,
"Tham Kar Sun Lo Baat, Hamara Dil Dharkay..",3 & 3,1963,Rehman Verma,Mushir Kazmi,?,
"Tham Lo Banhon Mein Ham Ko, Iltija Hay Dekho..",Son of Ali Baba,1961,Tasadduq Hussain,Habib Jalib,Mala,
"Thandi Pawanya, Sawan Maheena, Nachay Gi Nagin, Bajay Gi Beena..",Nachay Nagin Bajay Been,1965,Talib Hussain Jafri,Shabab Keranvi,Naseem Begum,
"Thandi Thandi Hawa, Kahay Yeh Dilruba..",Lutera,1964,Saif Chughtai,Munir Jeelani,Naheed Niazi,
"Thandi Thandi Hawaen, Bheegi Bheegi Fazaen..",12 Bajay,1961,Lal Mohammad Iqbal,Shabi Farooqi,Naheed Niazi,
"Tharr Tharr Mora Kanpay Ray Jiya, Tu Mujh Ko Mila, Kuchh Na Raha..",Sangdil,1968,M. Ashraf,Khawaja Parvez,Mala,
"Thehar Thehar Kay Teer Chalayen Gay, Mast Nazar Kya Dil Tham Lo..",Shaheed,1962,Rasheed Attray,Tanvir Naqvi,Naheed Niazi,
"Thehro Zara, Aisay Na Jao Dil Tor Kay..",Ik Nageena,1969,Amjad Bobby,Taslim Fazli,Mala,
"Thehro, Sitam Ki Lehro, Sath Na Chhoot Jaye..",Samundar,1968,Deebo,Sehba Akhtar,Runa Laila,
"Theis Lagati Hay Yeh Dunya, Is Ko Rulana Aata Hay..",Devdas,1965,Akhtar Hussain Akhian,Roop Baivt,Naseem Begum,
"Theriye, Aap Say Kuchh Kehna Hay, Ho Gi Phir Mulaqat Kahan..",Doosri Shadi,1968,M. Ashraf,Fyaz Hashmi,Mala,
"Thi Wafa Ki Aarzoo, Tum Bewafa Kyun Ho Geye..",Zanjeer,1960,Feroz Nizami,Arsh Lakhnavi,Kousar Parveen,
"Thori Agar Pee Hay, Kuchh Harj Nahin, Yaara..",Tangay Vala,1963,Rasheed Attray,Tanvir Naqvi,Saleem Raza,
"Three Cheers For Bhabhi, Hip Hip Hurray..",Devar Bhabhi,1967,Master Inayat Hussain,Fyaz Hashmi,Ahmad Rushdi,
"Thukra Diya Jin Ko Dunya Nay, Ab Kon Hay Un Ka Teray Siwa..",Mera Ghar Meri Jannat,1968,Manzoor Ashraf,Khawaja Parvez,Masood Rana,
"To Jo Door Hay, Meray Dilruba, Yeh Bahar, Kaisi Bahar Hay..",Doctor,1965,Azam Baig,Shoukat Hashmi,Saleem Raza,
"To Say Naina Milay, Naina Milay To Phir Dil Kyun Jalay..",Aasra,1969,Nisar Bazmi,Masroor Anwar,Runa Laila,
"Toot Geye Sab Rishtay Natay, Chhor Geye Sab Sath (bol)..",Asslam-o-Alaikum,1969,Nazar,?,Saleem Shehzad,
"Toota Ik Tara, Chamka Andheyara, Kon Hay Mera..",Aakhri Station,1965,Khan Ataur Rahman,Suroor Barabankvi,Irene Parveen,
"Tor Kay Asha Jeevan Ki, Milnay Say Majboor Kiya..",Sagar,1965,Khan Ataur Rahman,B.A. Deep (Basheer Ahmad),Farida Yasmin,
"Toray Dawar Ay Ray, Bigri Bana Day Mori Ray..",Shehbaz,1960,Khadim Hussain,Tanvir Naqvi,Irene Parveen,
"Touba, Touba, Touba, Mana Keh Jawani Hay Deevani..",Husn Ka Chor,1966,Khalil Ahmad,Himayat Ali Shair,Mala,
"Touheed Kay Matwalo, Batil Ko Mita Dein Gay, Yeh Aaj Qasm Kha Lo..",Moajza,1966,Akhtar Hussain Akhian,Sahil Farani,Saleem Raza,
"Tu Basray Ki Shehzadi, Main Shehzada Baghdad Ka..",Paristan,1968,Rasheed Attray,Tanvir Naqvi,Ahmad Rushdi,
"Tu Been Baja, Main Naachhun Gi, Naino Say Nain Mila..",Saperan,1961,Manzoor Ashraf,Shabab Keranvi,Irene Parveen,
"Tu Bhi Haseen, Dil Bhi Jawan.. O Ma-Sha-Allah, Kya Baat Hay..",Talash,1963,Robin Ghosh,?,Bashir Ahmad,
"Tu Day Day Mora Kangna, Tu Kya Lagay Mora, Ja Ja Ja Ray..",2 Bhai,1968,Wazir Afzal,Tajammul Hussain,Naseem Begum,
"Tu Haseen, Tera Jahan Haseen, Kho Geya Hay Dil Yahin Kahin..",Jab Say Dekha Hay Tumhen,1963,Sohail Rana,Himayat Ali Shair,Ahmad Rushdi,
"Tu Hay BeKasson Ka Daata, Main Gada-e-BeNawa Hun..",Sharik-e-Hayyat,1968,A. Hameed,Jan Mohammad,Munir Hussain,
"Tu Hay Khushnaseeb A Dil, Teray Din Badal Geye..",Khilona,1968,Khalil Ahmad,Himayat Ali Shair,Mala,
"Tu Hay Mera Dilruba, Main Nay Tujhay Dil Diya, Teri Adaon Nay Mara..",Sazish,1963,Master Abdullah,Basheer Manzar,Zubaida Khanum,
"Tu Hay Neyi Laila, Main Hun Neya Majnu..",Neyi Laila Neya Majnu,1969,Tasadduq Hussain,Mouj Lakhnavi,Ahmad Rushdi,
Tu Hay Sarapa Taj Mahal A Jan-e-Ghazal..,Taj Mahal,1968,Nisar Bazmi,Kaleem Usmani,Salamat Ali,
"Tu Hayn Anjan, Meri Jan, Tu Sun Lay Mujh Say..",Beti Beta,1968,Manzoor Ashraf,Qateel Shafai,Ahmad Rushdi,
"Tu Hi Bata Day Chanda, Aaj Meray Mann Mein Chupkay Say..",Manzil,1960,Feroz Nizami,Tanvir Naqvi,Noorjahan,
"Tu Husn Ki Shehzadi, Main Ishq Ka Shehzada..",Phir Subah Ho Gi,1967,Nashad,Masroor Anwar,Ahmad Rushdi,
"Tu Husn Say Haseen Hay, Tujh Sa Koi Nahin Hay..",Aurat Aur Zamana,1968,Ghulam Nabi,Tanvir Naqvi,Ahmad Rushdi,
"Tu Jan-e-Aarzoo Hay, Tu Kis Qadar Haseen Hay..",Zindagi,1968,Master Abdullah,Saleem Kashar,Ahmad Rushdi,
Tu Jo Chahay To Khazan Mein Bhi Shagoofay Khil Jayen..,Zamin Ka Chand,1961,Tasadduq Hussain,I.K. Durrani,Nazir Begum,
"Tu Kisi Say Pyar Kar Lay, Jo Karay Ga Pyar, Mil Jaye Ga Qarar..",Naghma-e-Sehra,1966,Safdar Hussain,Qateel Shafai,Irene Parveen,
"Tu Kon Hay, Kya Hay, Gul Hay Sharara, Shabnam Hay Keh Para ..",Habu,1961,Azam Baig,Tanvir Naqvi,Saleem Raza,
Tu Lal Lal La Day Saqi Peimana..,Jan Nisar,1961,G.H. Qadri,S.H. Qadri,Khursheed Begum,
"Tu Lehar Hay, Main Hun Lehri, Matt Daal Tu Nazar Zehri..",Baghi Sipahi,1964,Tasadduq Hussain,Sorish Dehlvi,Ahmad Rushdi,
"Tu Meray Khawabon Say Nazuk Hay, Khayalon Say Haseen Hay..",Suhag,1963,Akhtar Hussain Akhian,Tanvir Naqvi,Saleem Raza,
Tu Nay Bar Bar Kiya Mujhay Be-Qarar..,Saza,1969,Nashad,Qateel Shafai,Mala,
"Tu Nay Mujh Ko Meet Bana Kay Loot Liya, Balma..",NaKhuda,1968,Manzoor Ashraf,Tanvir Naqvi,N/A,
"Tu Nay Suna To Kisi Say Na Kehna, Moray Piya Aye Ik Bar..",Maalan,1964,Nazir Sheeley,?,Firdousi Begum,
"Tu Samnay Hay, Phir Bhi Tera Intezar Hay..",Jadugar,1961,Kousar Parveen,Sahil Farani,Saleem Raza,
"Tu Titli Hay, Tu Badal Hay, Tera Rang Amar, Tera Sang Amar..",Pyasa,1969,Subal Das,Akhtar Yousuf,Irene Parveen,
"Tu Titli Thi, Main Baadal Tha, Kuchh Din Pehlay..",Pyasa,1969,Subal Das,Akhtar Yousuf,Ahmad Rushdi,
"Tu To Bairi Ray Badassiya, Mann Ki Batian Kya Janay..",Eindhan,1966,Subal Das,Akhtar Yousuf,Naheed Niazi,
"Tu, Aa Ja, Dil Ki Taxi Mein, Dildar, Meter Chalu Hay..",Tamasha,1965,Azam Baig,Fyaz Hashmi,Ahmad Rushdi,
"Tujh Bin Beetay Nain Birha Ki Rattaiyan, Beetay Nain Rattiyan..",Tangay Vala,1963,Rasheed Attray,Hamayet Ali Shair,Mala,
"Tujh Bin Kaisay Jiyun, Tu Hi Bata, Chhor Kay Janay Walay..",Karvan,1964,Robin Ghosh,Shahir Siddiqi,Naheed Niazi,
"Tujh Ko Basaya Hay Nigahon Mein, Apni Mohabbat Ki Banhon Mein..",Ghar Damaad,1969,Javed Sarwar,Masroor Anwar,Ahmad Rushdi,
"Tujh Ko Bhi Banaya Allah Nay, Mujh Ko Bhi Banaya Allah Nay..",Josh,1966,Muslehuddin,Fyaz Hashmi,Ahmad Rushdi,
"Tujh Ko Chalna Hay Abhi, Pyar Ki Aag Mein Jalna Hay Abhi..",Madr-e-Watan,1966,Saleem Iqbal,Saifuddin Saif,Saleem Raza & Co.,
"Tujh Ko Maloom Nahin, Tujh Ko Bhala Kya Maloom..",Anchal,1962,Khalil Ahmad,Himayat Ali Shair,Saleem Raza,
"Tujh Ko Maloom Nahin, Tujh Ko Bhala Kya Maloom..",Anchal,1962,Khalil Ahmad,Himayat Ali Shair,Naheed Niazi,
Tujh Ko Mili Hay Jurm-e-Gharibi Ki Yeh Saza..,BeReham,1967,Rehman Verma,Habib Jalib,Masood Rana,
"Tujh Par Main Fida, Dilruba, Man Ka Qarar Hay Tu..",Lutera,1964,Saif Chughtai,Munir Jeelani,Irene Parveen,
"Tujh Peh Qurnabn, Sher Dil Khana, Main Teri, Tu Mera, Janana..",Sarhad,1966,Khawaja Khursheed Anwar,Tanvir Naqvi,Mala,
"Tujh Say Faryad Hay, Faryad Khudaya Meri..",Gul Bakavli,1961,Safdar Hussain,Qateel Shafai,Noorjahan,
Tujhay Apnay Dil Say Main Kaisay Bhula Dun..,Shehnai,1968,Sohail Rana,Masroor Anwar,Ahmad Rushdi,
"Tujhay Bulaye Mera Pyar, Meray Sajna..",Meray Armaan Meray Sapnay,1969,Satya Shaha,Ishrat Kalkatvi,Shehnaz Begum,
"Tujhay Chahen, Meri Banhen, Tujhay Dhoondhen..",Chakori,1967,Robin Ghosh,Akhtar Yousuf,Ahmad Rushdi,
"Tujhay Day Diya Dil, Na Dekha, Na Bhala, Teri Sadgi Nay..",Ghar Ki Laaj,1966,A. Hameed,Barq Rizvi,Munir Hussain,
"Tujhay Pyar Aye Kisi Peh Kab, Tera Jo Sitam Hay Woh Besabab..",Rahguzar,1960,Muslehuddin,Tanvir Naqvi,Saleem Raza,
"Tujhay Pyar Ki Qasm Hay, Mera Pyar Ban Kay Aa Ja..",Chand Aur Chandni,1968,Karim Shahabuddin,Suroor Barabankvi,Masood Rana,
"Tujhay Teri Maa Ki Qasm, Jan-e-Jana, Kahin Bhag Na Jana..",Janbaz,1966,G.A. Chishti,Zahoor Nazim,Masood Rana,
"Tujhay Watan Nay Pukara Hay, Ja, Meray Mehboob..",Watan Ka Sipahi,1966,Manzoor Ashraf,Habib Jalib,Noorjahan,
"Tukra Ho Chand Ka, Rukh-e-Zeba Kahen Jisay..",Aisa Bhi Hota Hay,1965,Nisar Bazmi,Masroor Anwar,Ahmad Rushdi,
"Tum Aadmi Kuchh Tehray Ho, Afsos, Keh Tum Meray Ho..",Aavara,1968,Muslehuddin,Fyaz Hashmi,Mala,
Tum Aye Ho To Yeh Dil Door Ho Geya Gham Say (bol)..,Baharen Phir Bhi Ayen Gi,1969,Shamim Nazli,Khawaja Parvez,Mehdi Hassan,
"Tum Baray Woh Ho, Tumhen Kat Kay Tukray Kar Dun..",Barat,1963,Azam Baig,Mushir Kazmi,Mala,
"Tum Bhi Nacho, Dunya Nachay, Waqt Kay Eik Isharay Par..",Mr. Allah Ditta,1966,Manzoor Ashraf,Tanvir Naqvi,Ahmad Rushdi & Co.,
"Tum Bin Naina, Hey, Na Chain Paye..",Jhalak,1964,Khalil Ahmad,Rehan,Ishrat Jahan,
"Tum Chaho Na Chao, Muskarana Paray Ga..",Jaisay Jantay Nahin,1969,Nisar Bazmi,Masroor Anwar,Ahmad Rushdi & Co.,
"Tum Chalay Chhor Kar, Meri Mehfil Sanam..",Darshan,1967,Basheer Ahmad,Basheer Ahmad,Basheer Ahmad,
Tum Hamaray Samnay Aur Ham Tumharay Samnay..,Daal Mein Kala,1962,Muslehuddin,Fyaz Hashmi,Irene Parveen,
Tum Hi Say Hay Dua Meri Kamli Walay (saw)..,Navab Siraj-ud-Daulah,1967,Khan Ataur Rahman,Suroor Barabankvi,Shehnaz Begum,
Tum Ho Haseen.. Ya Us Ka Patta Bata Do Jo Tum Say Bhi Jo Haseen Ho..,Waqt Ki Pukar,1967,Nisar Bazmi,Mouj Lakhnavi,Ahmad Rushdi,
"Tum Jo Milay, Pyar Mila, Dil Ko Qarar Aa Geya..",Millan,1964,Khan Ataur Rahman,B.A. Deep (Basheer Ahmad),Noorjahan,
"Tum Jo Milay, Pyar Mila, Dil Ko Qarar Aa Geya..",Darshan,1967,Basheer Ahmad,Basheer Ahmad,Noorjahan,
"Tum Jug Jug Geo Maharaj Ray, Ham Teri Nagaria Mein Aye..",Mousiqar,1962,Rasheed Attray,Tanvir Naqvi,Saleem Raza,
"Tum Jug Jug Geo Maharaj Ray, Ham Teri Nagaria Mein Aye..",Mousiqar,1962,Rasheed Attray,Tanvir Naqvi,Noorjahan,
"Tum Kaho To Aansuon Ko Rok Len, Jall Kay Bujhna..",Yeh Dunya,1960,Deebo,Wajid Chughtai,Iqbal Bano,
"Tum Ko Aata Hay Pyar Peh Ghussa, Ham Ko Ghusay Peh Pyar Aata Hay..",Ek Dil 2 Divanay,1964,Tasadduq Hussain,Mushir Kazmi,Ahmad Rushdi,
Tum Ko Dekha To Main Samjha Keh Qeyamat Kya Hay..,Nadira,1967,Kemal Ahmad,Muzaffar Warsi,Masood Rana,
Tum Ko Galay Laga Lun To Kya Karo Gay Tum..,Gori,1968,Karim Shahabuddin,Akhtar Yousuf,Sabina Yasmin,
"Tum Ko Meray Sar Ki Qasm, O Mehrban Chalay Aana..",Kajal,1965,Subal Das,M.D. Ahsan,Irene Parveen,
"Tum Ko Mubarak Ho Yeh Samaa, Shad Raho, Abad Raho..",Qulli,1968,Ali Hossain,Suroor Barabankvi,Ahmad Rushdi,
"Tum Ko Mubarak Khushi, Meray Liye Gham Sahi..",Chhoti Behan,1964,Lal Mohammad Iqbal,Masroor Anwar,Waseem Farooqi,
"Tum Mall Road Par Sham Dhalay, Na Teddy Ban Kar Phira Karo..",Shatranj,1964,Tasadduq Hussain,Mushir Kazmi,Munir Hussain,
Tum Meray Pyar Ki Tasvir Bani Jati Ho..,Jeena Bhi Mushkil,1969,Jalal Ahmad,Khawaja Riaz,Qazi Anwar,
"Tum Milay Pyar Mila, Ab Koi Armaan Nahin..",Aulad,1962,A. Hameed,Fyaz Hashmi,Munir Hussain,
"Tum Milay, Zindagi Muskaranay Lagi, Dil Ki Dunya Meri..",Noukari,1960,Mohammad Ali Munnu,Nazim Panipati,Zubaida Khanum,
"Tum Mujhay Apni Mohabbat Day Do, Dil Mein Rehnay Ki Ijazat Day Do..",Alf Leila,1968,Tasadduq Hussain,Shabab Keranvi,Masood Rana,
"Tum Nay Kiya Pyar Say Ishara, Kaisay Jiya Tarpay Hamara..",NaKhuda,1968,Manzoor Ashraf,Tanvir Naqvi,Irene Parveen,
"Tum Nay Waada Kiya Tha, Aanay Ka Apna, Waada Nibhanay Aa Jao..",Maa Beta,1969,Master Inayat Hussain,Masroor Anwar,Mujeeb Alam,
"Tum Poochho Aur Main Na Bataoun, Aisay To Halat Nahin..",Dil Mera Dharkan Teri,1968,Master Inayat Hussain,Qateel Shafai,Mala,
"Tum Puchhtay Ho, Kya Tum Say Kahun, Main Kis Liye Peeta Hun..",Azad,1964,Rasheed Attray,Tanvir Naqvi,Saleem Raza,
"Tum Qaum Ki Maa Ho, Socho Zara, Aurat Say Hamen Yeh Kehna Hay..",Aulad,1962,A. Hameed,Fyaz Hashmi,Naseem Begum,
"Tum Rakhio, Prabho, Aaj Mori Laaj, Sur Bhi Tu, Sur Ka Malik Bhi Tu..",Roopmatti Baaz Bahadur,1960,Tasadduq Hussain,Tufail Hoshiarpuri,Roshan Ara Begum,
"Tum Sa Haseen, Koi Nahin, Kainat Mien, Naz-o-Ada, Sharm-o-Hayya..",Meray Mehboob,1966,Khalil Ahmad,Himayat Ali Shair,Masood Rana,
"Tum Salamat Raho, Muskarao Hanso, Main Tumharay Liye..",Millan,1964,Khan Ataur Rahman,Suroor Barabankvi,Basheer Ahmad,
"Tum Say Bhi Pyar Hay.. Pyar Kar Kay Dekh Lo Jee, Kitna Mazedar Hay..",Zarina,1962,G.A. Chishti,G.A. Chishti,Naseem Begum,
"Tum Say Milay, Phir Bhi Tum Ko Na Paya, Zamanay Nay Ham Peh..",Aur Bhi Gham Hayn,1960,Nathu Khan,?,Saleem Raza,
"Tum Shad Raho, Abad Raho, Barbad Ho Koi, Kya Tum Ko Khabar..",Sunehray Sapnay,1961,Hassan Latif,Tanvir Naqvi,?,
"Tum To Aashiq, Har Haseen Kay Huway, Hatto, Ham Say Na..",Teray Shehar Mein,1965,Hassan Latif,Habib Jalib,Noorjahan,
Tum Wohi Ho Jisay Ab Pyar Mera Yaad Nahin..,Zindagi Kitni Haseen Hay,1969,Nisar Bazmi,Khawaja Parvez,Runa Laila,
"Tum Wohi Ho, Lo Tumehn Aaj Bata Detay Hayn..",Devar Bhabhi,1967,Master Inayat Hussain,Fyaz Hashmi,Ahmad Rushdi,
Tum Yun Meri Banhon Mein Lehra Kay Chalay Aye..,Shab Bakhair,1967,Safdar Hussain,Fyaz Hashmi,Munir Hussain,
"Tum Zara Muskarao, Ankhon Say Ankhen Milao..",Karvan,1964,Robin Ghosh,B.A. Deep (Basheer Ahmad),Firdausi Begum,
"Tum Zid To Kar Rahay Ho, Ham Kya Tumhen Sunayen..",Daagh,1969,Ali Hossain,Akhtar Yousuf,Mehdi Hassan,
"Tumhara Sukhriya, Itnay Karm Ki Kya Zaroorat Hay..",Tum Meray Ho,1968,Robin Ghosh,Suroor Barabankvi,Irene Parveen,
"Tumharay Liye Is Dil Mein, Itni Mohabbat Hay..",Darshan,1967,Basheer Ahmad,Basheer Ahmad,Basheer Ahmad,
"Tumharay Pyar Nay Hamen, Diya Hay Ik Neya Jahan..",Savaal,1966,Rasheed Attray,Fyaz Hashmi,Munir Hussain,
"Tumhari Zulf Ki Chhaun, Hay Meri Ankhon Par..",Dil Nay Tujhay Maan Liya,1963,Muslehuddin,Himayat Ali Shair,Ahmad Rushdi,
"Tumhen Bhool Kar Ham, Bhula Na Saken Gay..",Suhagan,1967,A. Hameed,Fyaz Hashmi,Munir Hussain,
"Tumhen Dekhun, Tumharay Chahnay Walon Ki Mehfil Mein..",Piya Millan Ki Aas,1969,Saleem Iqbal,Fyaz Hashmi,Mehdi Hassan,
"Tumhen Dil Day Kay Sayyan, Main To Haar Geyi..",Touba,1964,A. Hameed,Fyaz Hashmi,Naseem Begum,
"Tumhen Kaisay Bata Dun, Tum Meri Manzil Ho..",Doraha,1967,Sohail Rana,Masroor Anwar,Ahmad Rushdi,
Tumhen Pyar Karnay Ko Jee Chahta Hay..,Voh Kon Thi,1966,Nazir Jafri,Tishna Meeruti,Masood Rana,
"Tumhen Sitaron Nay BeIkhtiar Dekha Hay, Sharif Chand Nay Bhi..",Jan-e-Arzoo,1968,Master Inayat Hussain,Akhtar Sherani,Mujeeb Alam,
"Tumhi Ho Mehboob Meray, Main Kyun Na Tumhen Pyar Karun..",Aina,1966,Tasadduq Hussain,Khawaja Parvez,Masood Rana,
"Tumhi Ho Mehboob Meray, Main Kyun Na Tumhen Pyar Karun..",Aina,1966,Tasadduq Hussain,Khawaja Parvez,Irene Parveen,
Tumray Gun Gao (classical bol)..,Geet Kahin Sangeet Kahin,1969,Master Tufail,Tanvir Naqvi,Mehdi Hassan,
"Twinkle Twinkle Little Star, Ik Dooni Dooni, 2 Dooni 4..",Lahu Pukaray Ga,1967,Ilyas,?,Ahmad Rushdi,
"Udasiyan Dil Mein Noha Gar Hayn, Keh Gham Mein Doobi Hui Faza Hay..",Koh-e-Noor,1966,Manzoor Ashraf,Fyaz Hashmi,Noorjahan,
"Udhar Jawani, Idhar Nasha Hay, Muaf Aisay Mein Har Khata Hay..",Zinda Lash,1967,Tasadduq Hussain,Mushir Kazmi,Ahmad Rushdi,
"Uff Allah, Yeh Teer Si Chaton, Us Par Yeh Ban Than, Uff Allah..",Paisay,1964,Robin Ghosh,B.A. Deep (Basheer Ahmad),Ahmad Rushdi,
"Ujar Chuki Hay Jo Dil Ki Mehfil, Us Ki Yaadon Mein..",Aarzoo,1965,Deebo,Wajd Chughtai,Masood Rana,
"Ujar Chuki Hay Jo Dil Ki Mehfil, Us Ki Yaadon Mein..",Aarzoo,1965,Deebo,Wajd Chughtai,Irene Parveen,
"Uljhi Hui Hay Zindagi, Ashkon Kay Taar Mein..",Hamen Bhi Jeenay Do,1963,C. Faiz,Masroor Anwar,Naseem Begum,
Ultay Woh Shikway Kartay Hayn Aur Kis Ada Kay Sath..,Ishq-e-Habib,1965,Zafar Khursheed,Masroor Anwar,Khursheed Begum,
"Umad, Ghumad Mann Ki Nadi.. Hej, Mujhay Dil Ki Laggi Kehtay..",Banjaran,1962,Deebo,Masroor Anwar,Irene Parveen & Co.,
Umar Bhar Saath Nibhane Ki Saza Paue Ga..,Bahu Rani,1969,Nisar Bazmi,Qateel Shafai,Ahmad Rushdi,
Ummat Kay Ghamkhwar Sari Dunya Kay Mukhtar Mohammad (Saw)..,Insaniyat,1967,Manzoor Ashraf,Nazim Panipati,Mala,
"Un Kay Milnay Ki Yeh Nishani Hay, Aaj Phir Umangon Peh Bahar Ayi Hay..",Sitamgar,1967,Tasadduq Hussain,Fyaz Hashmi,Mala,
"Un Ko Aata Hay Pyar Peh Ghussa, Aur Ham Ko Ghussay Peh Pyar..",Khan Bahadur,1960,G.A. Chishti,Ahmad Rahi,Saleem Raza,
"Un Say Nain Mila Kar Dekho, Yeh Dhoka Bhi Kha Kar Dekho..",Teray Shehar Mein,1965,Hassan Latif,Habib Jalib,Noorjahan,
"Unchay Unchay Mahalon Say Dekho, Zara Gharibon Ki Dunya Say..",Ham Ek Hayn,1961,?,Fyaz Hashmi,Saleem Raza,
"Unhi Rahon Mein Phir Mil Jao, Jahan Pehlay Milay Tha Sajna..",Jaisay Jantay Nahin,1969,Nisar Bazmi,Masroor Anwar,Mala,
Unki Nazron Say Mohabbat Ka Jo Pegham Mila..,Ham Dono,1966,Nashad,Kaleem Usmani,Runa Laila,
Us Be-Wafa Ka Shehar Hay Aur Ham Hayn Dosto..,Shaheed,1962,Rasheed Attray,Munir Niazi,Naseem Begum,
Us Be-Wafa Nay Dagh-e-Tamanna Diya Mujhay..,Shaam Savera,1967,Master Ashiq Hussain,Habib Jalib,Mehdi Hassan,
"Us Raat Ka Kya Kehna, Na Hosh Mein Tum, Na Hosh Mein Ham..",Baghi Sipahi,1964,Tasadduq Hussain,Mushir Kazmi,Mala,
"Usay Dekha, Usay Chaha, Usay Bhool Geye..",Jahan Tum Vahan Ham,1968,Robin Ghosh,Masroor Anwar,Ahmad Rushdi,
"Usi Nay Loot Liya, Jis Par Eitbar Kiya, Jahan Nay Khoon Bar Bar Kiya..",Moajza,1966,Tasadduq Hussain,Sahil Farani,Mala,
"Utha Lay Aap Hi Khanjar Utha Lay, Na Kar Bedard Dunya Kay Hawalay..",Gulfam,1961,Rasheed Attray,?,Munir Hussain,
"Utha Lay Jam, Array, Nadan, Jawani 2 Din Ki Mehman..",Jan Nisar,1961,G.H. Qadri,S.H. Qadri,Madhu Almas,
"Utho Sathio, Sar Say Bandho Kaffan, Karana Hay Azad Apna Wattan..",Shaheed Titumir,1969,Mansoor Ahmad,Ayaz Aasi,Abdul Hadi,
"Uunt Peh Baitha Mera Munna, Uunt Kay Peechhay Bachay..",Armaan,1966,Sohail Rana,Masroor Anwar,Naseema Shaheen & Co.,
"Waadah Karo, Chhor Kay Na Jao Gay, Ham Ko Hamesha Tum Dil Mein..",Hamraz,1967,Khawaja Khursheed Anwar,Qateel Shafai,Mala,
"Wadah Kar Kay Nibhana, Kahin Chhor Kay Na Jana..",Rivaj,1965,Master Inayat Hussain,Tanvir Naqvi,Mala,
Wafa Ki Soughat Dagh-e-Dil Hay..,Papi,1968,Jameel Khusro,Ajiz Farid,Nasrin Gilani,
"Wafaon Ka Badla, Yahan Par Sitam Hay..",Doraha,1967,Sohail Rana,Masroor Anwar,Mala,
"Wafaon Ki Ham Ko, Saza To Na Do Gay, Itna Bata Do..",Peigham,1964,A. Hameed,Fyaz Hashmi,Mala,
"Wah Ray Naseeb, Aaj Tu Nay Kaisa..",Shadi,1964,Nazir Sheeley,Saleem Nagar,Nighat Seema,
"Wah Ri Qismat, Teri Duhai, Khel Ajab Taqdeer Nay Khela..",Buzdil,1969,Khalil Ahmad,Fyaz Hashmi,Mujeeb Alam,
"Wah, Meri Jano Jiggar, Yey Teri Shoukh Nazar, Patli Kamar..",Ajnabi,1962,Asghar Ali,Tanvir Naqvi,Ahmad Rushdi,
"Wallah, Sar Say Paun Tak Moj-e-Noor Ho, Qudrat Ka Shahkar Ho..",Daaman,1963,Khalil Ahmad,Himayat Ali Shair,Ahmad Rushdi,
"Waqt Na Dekhay Rah Kisi Ki, Jo Apna Lay Khushi Us Ki..",Aag,1967,Nisar Bazmi,Masroor Anwar,Ahmad Rushdi,
"Watan Ki Shaan, Mera Hamrahi, Woh Banka, Sher Jawan, Sipahi..",Watan Ka Sipahi,1966,Manzoor Ashraf,Habib Jalib,Naseem Begum,
"Watan Say Ulfat Hay Jurm Apna, Yeh Jurm Ta Zindagi Karen Gay..",Ek Hi Rasta,1968,Deebo,Habib Jalib,Mala,
"Wei Qurban, Dilbar Jan, Ya Qurban, O Khan Dil Ko War Day..",Gunahgar,1967,Rasheed Attray,Tanvir Naqvi,Naseem Begum & Co.,
"Wei Wei Qurban, O Sitam Ejad, O Sitam Ijad..",Laggan,1960,Azam Baig,Munir Niazi,Zubaida Khanum,
"Wei Wei Qurban, Tamancha Jan Wei, O Khocha BeWafa..",Jahan Bajay Shehnai,1968,Khalil Ahmad,Akhtar Yousuf,Ahmad Rushdi,
Wo Jo Ayen To Akhian Bichhaun Gi..,Izzat,1960,Nazir Ajmeri,Nazim Panipati,Kousar Parveen,
"Woh Dekho, Dharti Ko Choomay Gangunwa..",Gori,1968,Karim Shahabuddin,Akhtar Yousuf,Sabina Yasmin & Co.,
Woh Ham Say Roothen To Looten Maza Mananay Ka..,Ishara,1969,Sohail Rana,Masroor Anwar,Ahmad Rushdi,
Woh Hayn Ishrat Ki Mehfil Sajaye Huway..,Taj Aur Talvar,1961,Safdar Hussain,Qateel Shafai,Naheed Niazi,
"Woh Hayn Jan-e-Mehfil, Keh Jin Ki Tarf Dil Khicha Ja Raha Hay..",Piya Millan Ki Aas,1969,Saleem Iqbal,Fyaz Hashmi,Irene Parveen,
"Woh Husn-e-Sadah, Woh Rangeen Adayen, Kya Yaad Rakhen..",Fanoos,1963,Rasheed Attray,Nakhshab,Munir Hussain,
"Woh Mara Teer, Meray Dil Peh Keh Niklay, Hey Hey..",Inspector,1964,Khalil Ahmad,Himayat Ali Shair,Ahmad Rushdi,
"Woh Meray Samnay, Tasvir Banay Baithay Hayn..",Chakori,1967,Robin Ghosh,Akhtar Yousuf,Firdousi Begum,
"Woh Meray Samnay, Tasvir Banay Baithay Hayn..",Chakori,1967,Robin Ghosh,Akhtar Yousuf,Mujeeb Alam,
"Woh Mor Kitna Haseen Tha, Jis Mor Par, A Nazneen..",Seema,1963,Master Inayat Hussain,Arif Razmi,Saleem Raza,
"Woh Mujh Say Door Sahi, Meray Dil Say To Door Nahin..",Millan,1964,Khan Ataur Rahman,B.A. Deep (Basheer Ahmad),Basheer Ahmad,
Woh Nabiyon Mein Rehmat Laqab Panay Wala (saw)..,Tasvir,1966,Khalil Ahmad,Moulana Altaf Hussain Hali,Masood Rana,
Woh Niqab-e-Rukh Ult Kar.. Koi Ja Kay Un Say Keh Day..,Jalva,1966,Nashad,Kaleem Usmani,Mujeeb Alam,
"Woh Samnay Aa Jatay Hayn, Tasvir Haseen Banti Hay..",Barat,1963,Azam Baig,Mushir Kazmi,Munir Hussain,
Woh Shoukh Apnay Hath Say Mujh Ko Pila Geya..,Aurat Ka Pyar,1964,Manzoor Ashraf,Mushir Kazmi,Naseem Begum,
"Woh Zamana Zaroor Aye Ga, Admi Admi Ko Mohabbat Say..",Farishta,1961,Rasheed Attray,Tanvir Naqvi,Saleem Raza,
"Wohi Ham Hayn, Wohi Tanhaiyan, Phir Raat Dhali, Ik Aag Lagi..",Tum Meray Ho,1968,Robin Ghosh,Suroor Barabankvi,Mala,
"Ya Abbi, Ya Rafiq.. Qais Hay Tu, Tu Hay Sehra, Tu Hay Mehmal..",Zarqa,1969,Rasheed Attray,Sultan Mehmood Ashufta,Naseem Begum & Co.,
"Ya Allah, Sakhi Moula.. Bhook Insan Ko Deevana Bana Deti Hay..",Paisay,1964,Robin Ghosh,Shair Siddiqi,Ahmad Rushdi,
"Ya Habibi, Yeh Kya Ho Geya, Ya Habibi, Mujhay Ishq Ho Geya..",Taj Aur Talvar,1961,Safdar Hussain,Qateel Shafai,Batish,
"Ya Khuda, Der Hay Kya, Waqt Suhan Aye, Jhoot Ka Dour Katay..",Vah Bei Vah,1964,Master Abdullah,Tanvir Naqvi,Naheed Niazi,
"Ya Khuda, Meri Madad Ko Aa, Ya Khuda, Ya Khuda..",Mujahid,1965,Khalil Ahmad,Tanvir Naqvi,Mala,
"Ya Nabi (saw), Salam Elaika, Ya Rasool (saw), Salam Elaika..",Watan Ka Sipahi,1966,Manzoor Ashraf,Habib Jalib,Azam Chishti,
"Ya Qalbi, Ya Aini, Mujhay Kar Day Mastana, Main Jhoomun..",Al-Hilal,1966,Rasheed Attray,Qateel Shafai,Naseem Begum,
"Ya Rab, Yeh Balaon Mein Griftar Na Ho Jaye..",Aag Ka Darya,1966,Ghulam Nabi,Josh Malihabadi,Noorjahan,
"Ya Zarqa.. Mera Dil Tha BeQarar, Tha Tumhara Intezar..",Zarqa,1969,Wajahat Attray,Khawaja Parvez,Munir Hussain,
"Yaad Aye Tori, ChhamChham Akhian Royen..",Beta,1962,Akhtar Hussain,Mushir Kazmi,Naheed Niazi,
Yaad Kar Kar Kay Sari Sari Raat Main Roti Rahi..,Qaidi,1962,Rasheed Attray,Ahmad Rahi,Noorjahan,
"Yaad Karo Hamdam, Woh Pyar Bhara Mousam..",Meray Bachay Meri Ankhen,1967,Deebo,Masroor Anwar,Masood Rana,
"Yaad Karta Hay Zamana, Unhi Insano Ko..",Hamrahi,1966,Tasadduq Hussain,Muzaffar Warsi,Masood Rana,
"Yaad Karun Tujhay, Sham Saveray, Meray Labbon Peh Geet Hayn Teray..",Mousiqar,1962,Rasheed Attray,Tanvir Naqvi,Noorjahan,
"Yaar Hua Begana, Apna Khatam Hua Yaarana..",Tumhi Ho Mehboob Meray,1969,M. Ashraf,Khawaja Parvez,Ahmad Rushdi,
"Yaar Meray, Kya Soch Raha Hay, Kharay Kharay..",3 & 3,1963,Rehman Verma,Mushir Kazmi,?,
"Yaar-e-Man, Khush Qadam, Khush Ada, Marhaba, Marhaba..",Mujahid,1965,Khalil Ahmad,Fyaz Hashmi,Mala,
"Yaari Hay Koi Khel Nahin, Har Ehad Nibhana Partha Hay (2xbol)..",Hukumat,1967,Manzoor Ashraf,Tanvir Naqvi,Masood Rana,
"Yaaro, Na Dil Lagana, Zamana Kharab Hay, Ban Jao Gay Nishana..",Baghi Sipahi,1964,Tasadduq Hussain,Sorish Dehlvi,Ahmad Rushdi,
"Yahan Har Cheez Bikti Hay, Kharidaro, Batao, Kya Kharido Gay..",Kala Aadmi,1963,Safdar Hussain,Qateel Shafai,Saleem Chodhary,
"Yahan Shama Jalti Nahin Aas Ki, Yahan Sard Hay Aag Ehsas Ki..",Divana,1964,Muslehuddin,Tanvir Naqvi,Noorjahan & Co.,
"Yahi Sahi To Chalo, Yun Bhi Pyar Kar Len Gay..",Geet Kahin Sangeet Kahin,1969,Master Tufail,Akhtar Yousuf,Mujeeb Alam,
"Yahi Soch Soch Kho Jati Hun, Hey Allah, Main Gum Sum Ho Jati Hun..",Barsat Mein,1962,Hassan Latif,Tanvir Naqvi,Noorjahan,
"Yahi Woh But Hay, Jis Ki Pooja Sari Dunya Karti Hay..",Barsat Mein,1962,Hassan Latif,Tanvir Naqvi,Saleem Raza & Co.,
"Yeh Arzoo Jawan Jawan, Yeh Chandni Duhwan Duhwan..",Kajal,1965,Subal Das,M.D. Ahsan,Firdousi Begum,
Yeh Baithay Baithay Dil-e-Nakam..,Kaisay Kahun,1965,Altaf Mehmood,Suroor Barabankvi,Firdousi Begum,
"Yeh Bombay Wala, Khara Tamasha Dekhay Hay Footpath Par..",Bombay Vala,1961,Rehman Verma,Mushir Kazmi,Batish & Co.,
"Yeh Dil Bhi Tumhara Hay, Yeh Ghar Bhi Tumhara Hay..",Meray Laal,1967,Lal Mohammad Iqbal,Sehba Akhtar,Nighat Seema,
"Yeh Dil Bhi Tumhara Hay, Yeh Ghar Bhi Tumhara Hay..",Meray Laal,1967,Lal Mohammad Iqbal,Sehba Akhtar,Nighat Seema,
"Yeh Dil Hay Mera, O Bholay Piya, Tor Na Dena..",Mangol,1961,Feroz Nizami,Parvez Chishti,Noorjahan,
"Yeh Dil Hay Tera Deevana, To Kahay Ko 
Sharmana..",Hamsafar,1960,Muslehuddin,Shoukat Hashmi,Batish,
"Yeh Dil Hi Nahin Hay Tumhara Nishana, Sitamgar Tumhen..",Baghi Sardar,1966,Tasadduq Hussain,Habib Jalib,Naseem Begum,
"Yeh Dil Ki Hasrat Machal Rahi Hay, Keh Aarzoo Muskara Rahi Hay..",Janbaz,1966,G.A. Chishti,Zahoor Nazim,Masood Rana,
"Yeh Dunya 2 Dhari Talwar, Dekho Jee, Dekho Jee..",Janbaz,1966,G.A. Chishti,Zahoor Nazim,Nazir Begum,
"Yeh Dunya Gol Mol Hay, Is Ka Bheid Kisi Nay Na Paya..",Saheli,1960,A. Hameed,Nazim Panipati,Fazal Hussain & Co.,
"Yeh Dunya Haseen Hay, Haseeno Kay Dam Say, Ajji..",Dil Kay Tukray,1965,Safdar Hussain,Fyaz Hashmi,Mala,
"Yeh Dunya, Kisi Ki Hui Hay Na Ho Gi, Isi Tarah ChupChap..",Kaneez,1965,Khalil Ahmad,Himayat Ali Shair,Masood Rana,
"Yeh Dunya, Tash Ki Bazi, Is Ko Salam Karo..",Chhotay Sarkar,1961,Inayat Hazravi,Qateel Shafai,Fazal Hussain,
"Yeh Dunya, Woh Mehfil Hay Jahan, Matim Bhi Hay, Naghma Bhi Hay..",Taqdeer,1966,Deebo,Fyaz Hashmi,Masood Rana,
"Yeh Gham Zindagi Kay, Kabhi Kam Na Hon Gay..",Neelofar,1960,Safdar Hussain,Ahmad Rahi,Inayat Hussain Bhatti,
"Yeh Gori Gori Banhen, Jee, Rok Len Gay Rahen..",Gehra Dagh,1964,Rasheed Attray,Fyaz Hashmi,Naseem Begum & Co.,
"Yeh Haseen Bahar Keh Rahi Hay Bar Bar, In Ko Yun Na Beqarar..",Chhotay Sarkar,1961,Inayat Hazravi,Qateel Shafai,Mala,
Yeh Haseen Sham Aur Aap Kay Qareeb Hayn Ham..,Chhotay Sarkar,1961,Rehman Verma,Rasheed Sajid,Naheed Niazi,
"Yeh HAseen Taron Ki Anjuman, Bhala Kis Liye Hay Maggan..",Papi,1968,Ali Hussain,Anjum Lakhnavi,Nighat Seema,
"Yeh Haseen Wadian, Yeh Samaa, Dekh Kay Dil Mera Gungunanay Laga..",Tum Milay Pyar Mila,1969,Nashad,Taslim Fazli,Irene Parveen & Co.,
"Yeh Haseen, Nazneen, Yeh Pyar Kay Dushman Haseen..",Hamraz,1967,Khawaja Khursheed Anwar,Qateel Shafai,Mehdi Hassan,
"Yeh Hawa Bhi Gungunaye, Yeh Faza Bhi Muskaraye..",Uljhan,1967,Noor Alam Khandkar,Yaqoob Saghar,Firdousi Begum,
"Yeh Hawa, Yeh Faza, Pur Bahar Hay, Pas Aa, Mera Dil, Beqarar Hay..",Aur Bhi Gham Hayn,1960,Nathu Khan,Shabbi Farooqi,Nazir Begum,
"Yeh Hay Engilstani Kot, Nahin Hay Is Mein Koi Khot..",Landa Bazar,1964,Tasadduq Hussain,Habib Jalib,Ahmad Rushdi,
"Yeh Husn, Yeh Shabab, Hamen Bakhsh Dijiye..",Kon Kisi Ka,1966,Manzoor Ashraf,Fyaz Hashmi,Ahmad Rushdi,
"Yeh Jawani, Yeh Jawani, Dushman-e-Iman-o-Jan..",1000 Dastan,1000,Rasheed Attray,Fyaz Hashmi,Naseem Begum,
"Yeh Jeena, Kya Jeena, Raha Preet Ka Geet Adhoora, Toot Geya..",Vah Bei Vah,1964,Master Abdullah,Master Abdullah,Noorjahan,
"Yeh Judai Ka Gham, Seh Na Saken Gay Ham..",Zamin Ka Chand,1961,Tasadduq Hussain,Tufail Hoshiarpuri,Nazir Begum,
"Yeh Kaghzi Phool Jaisay Chehray, Mazzaq Uratay Hayn Aadmi Ka..",Devar Bhabhi,1967,Master Inayat Hussain,Fyaz Hashmi,Mehdi Hassan,
"Yeh Kaisa Chamman Hay, Meri Zindagi Bhi Keh Khil Na Saki..",Is Dharti Par,1967,Khondkar N. Alam,M.Y. Sagar,?,
"Yeh Kaisa Gham Hay, Dil Jal Gaya, Phir Bhi Uttha Na Dhuwan..",Jab Say Dekha Hay Tumhen,1963,Sohail Rana,Himayat Ali Shair,Najma Niazi,
"Yeh Kaisa Nasha Hay, Main Kis Ajab Khumar Mein Hun..",Taqdeer,1966,Deebo,Munir Niazi,Masood Rana,
"Yeh Kaisa, Kaisa Hua Savera, Pehlay To Dunya Ujri Thi..",Ek Thi Maa,1960,Rehman Verma,Mushir Kazmi,Saleem Raza,
"Yeh Kaisi Dilnawazi Hay, Yeh Kaisi Mehman Nawazi Hay..",Aarzoo,1965,Deebo,Wajd Chughtai,Rehana Yasmin,
"Yeh Khat Nahin, Tumhara Peigham-e-Zindagi Hay..",Dard,1969,M. Ashraf,Shabab Keranvi,Mala,
"Yeh Khushi, Ajab Khushi Hay, Usay Janay Kya Zamana..",Jab Say Dekha Hay Tumhen,1963,Sohail Rana,Himayat Ali Shair,Ahmad Rushdi,
"Yeh Kon Mujh Ko Bhula Raha Hay, Andheray Rastay Mein..",Shehbaz,1960,Khadim Hussain,Tanvir Naqvi,Irene Parveen,
"Yeh Kya Kiya Keh Juda Ho Geye, Galay Mil Kay..",Noukari,1960,Mohammad Ali Munnu,Tanvir Naqvi,Kousar Parveen,
"Yeh Kya Sitam Hay, Jinhen Ham Nay Zindagi Samjha..",Zanjeer,1960,Feroz Nizami,Kaleem Usmani,Kousar Parveen,
"Yeh Main Kaisay Kahun, Dekho, Meray Dil Mein..",Ujala,1966,Dheer Ali,Suroor Barabankvi,Anjuman Ara,
"Yeh Mana Keh Tum, Dilruba, Nazneen Ho..",Nazneen,1969,M. Ashraf,Kaleem Usmani,Masood Rana,
"Yeh Masoom Chehra, Yeh Bholi Adayen, Tumhi Phir Batao..",Dil Diya Dard Liya,1968,A. Hameed,Kaleem Usmani,Ahmad Rushdi,
"Yeh Mast Nasheeli Raat, Sanwarya, Bhool Na Jana..",Jungli Phool,1968,Karim Shahabuddin,Akhtar Lakhnavi,Naheed Niazi,
"Yeh Mast Pawwan Aur Sajjan, Mora Pi Ki Dhun Peh Nachay Ray..",Gharib,1960,Nazir Sheeley,Rais Khumar,Kousar Parveen,
"Yeh Mehfil Teri, Jagmagati Rahay..",Phir Milen Gay Ham Dono,1966,Satya Shaha,Shahir Siddiqi,Firdousi Begum,
"Yeh Mehfil, Yeh Dunya, Ghari Do Ghari Hay..",12 Bajay,1961,Lal Mohammad Iqbal,Shabi Farooqi,Naheed Niazi,
"Yeh Mera Ghar Meri Jannat, Mera Ashiyan (Happy)..",Devar Bhabhi,1967,Master Inayat Hussain,Fyaz Hashmi,Noorjahan,
"Yeh Mera Ghar Meri Jannat, Mera Ashiyan (Sad)..",Devar Bhabhi,1967,Master Inayat Hussain,Fyaz Hashmi,Noorjahan,
"Yeh Meri Manzil Nahin, Har Su Andhera Hay Yayan..",Sarhad,1966,Khawaja Khursheed Anwar,Tanvir Naqvi,Noorjahan,
"Yeh Mousam Yeh Raat, Raat Mein Ik Haseena Sath..",Dara,1968,Master Rafiq Ali,Mushir Kazmi,Munir Hussain,
"Yeh Mousam, Yeh Mast Nazaray, Pyar Karo To In Say Karo..",Darshan,1967,Basheer Ahmad,Basheer Ahmad,Basheer Ahmad,
"Yeh Mukhra Ek Aina Hay, Jo Sachi Baat Batata Hay..",Yeh Jahan Valay,1965,Tasadduq Hussain,Mushir Kazmi,Mala,
"Yeh Mukhray Peh Anchal, Chanda Peh Baadal, Yeh Qad Hay Keh..",Dil Nay Tujhay Maan Liya,1963,Muslehuddin,Himayat Ali Shair,Bashir Ahmad,
"Yeh Mushkbar Geisu, Arzi Gulab Jaisay, Utra Ho Zamin Par..",Mamta,1964,Tufail Farooqi,Mushir Kazmi,Munir Hussain,
"Yeh Na Thi Hamari Qismat, Keh Wisal-e-Yaar Hota..",Ghalib,1961,Tasadduq Hussain,Mirza Ghalib,Saleem Raza,
"Yeh Nakhray Kya Baat Hay, Yeh Zulfen Kya Shaan Hay..",Dil Nay Tujhay Maan Liya,1963,Muslehuddin,Himayat Ali Shair,Ahmad Rushdi,
"Yeh Naz, Yeh Andaz, Yeh Jadoo, Yeh Adaen, Sab Mil Kar..",Gulfam,1961,Rasheed Attray,Tanvir Naqvi,Saleem Raza,
"Yeh Phool Hay Ya Sitara, Koi Bata Day Mujhay..",Pyasa,1969,Subal Das,Akhtar Yousuf,Mujeeb Alam,
"Yeh Pyar Ki Soughat Hay, Nazron Say Dil Ki Baat Hay..",Begana,1966,Robin Ghosh,Saghar Siddiqi,Firdousi Begum,
"Yeh Pyara Pyara Mousam, Din Hayn Ghazab Kay, Hey..",Samira,1963,Safdar Hussain,Fyaz Hashmi,Naseem Begum,
"Yeh Raat Bari Pyari, Yeh Dard Bara Meetha..",Aarzoo,1965,Deebo,Wajd Chughtai,Irene Parveen,
"Yeh Raat, Yeh Mehfil, Payel Ki ChhamChham, Kehti Hay ThamTham..",Dard-e-Dil,1966,Khalil Ahmad,Himayat Ali Shair,Najma Niazi,
"Yeh Raat, Yeh Tanhai, Dil Kyun Na Udas Ho..",Neelofar,1960,Safdar Hussain,Ahmad Rahi,Munir Hussain,
"Yeh Raat, Yeh Tanhayian, Bheegi Hui Hay Chandni..",Aurat Aur Zamana,1968,Ghulam Nabi,Tanvir Naqvi,Runa Laila,
"Yeh Rang-e-Mehfil, Aaj Har Dil Jawan Hay, Naghmay Bikhratay Hayn..",Al-Hilal,1966,Rasheed Attray,Qateel Shafai,Naseem Begum,
"Yeh Rukh, Yeh Ankhen, Yeh Labb, Teray Liye Hayn..",Paristan,1968,Rasheed Attray,Tanvir Naqvi,Mala & Co.,
"Yeh Rut, Yeh Rangeela Mousam, Wallah Qyamat Hay..",Lutera,1964,Saif Chughtai,Munir Jeelani,Ishrat Jahan,
"Yeh Saal, Yeh Maheenay Mein Badal Kyun Nahin Jata..",Ashiq,1968,Nashad,Taslim Fazli,Ahmad Rushdi,
"Yeh Samaa, Mouj Ka Karwan, Aaj A Hamsafar, Lay Chala Hay..",Chand Aur Chandni,1968,Karim Shahabuddin,Suroor Barabankvi,Mala,
"Yeh Samaa, Pyara Pyara Sa, Yeh Hawaen Thandi Thandi..",Darshan,1967,Basheer Ahmad,Basheer Ahmad,Mala,
"Yeh Samaa, Yeh Chandni, Yeh Raat Ki Tanhayian..",Teer Andaz,1963,Safdar Hussain,Qateel Shafai,Saleem Raza,
"Yeh Sannata, Yeh Tanhai, Yeh Naqsha Sham-e-Furqat La..",Azra,1962,Master Inayat Hussain,Tanvir Naqvi,?,
"Yeh Sar Zamin-e-Adab, Yeh Jahan Ka Shehpara, Yeh Lucknew..",Jalva,1966,Nashad,Kaleem Usmani,Mehdi Hassan,
"Yeh Shehar Karachi Hay Pyaray, Yahan Raton Mein Dil Hathon Mein..",Ustadon Ka Ustad,1967,Ghulam Ali,Aajiz Faridi,Nighat Seema,
"Yeh Shehar Nahin Dil Walon Ka, Ham Jaisay Khasta Halon Ka..",Geet Kahin Sangeet Kahin,1969,Master Tufail,Tanvir Naqvi,Masood Rana,
Yeh Sila Mohabton Ka Meri Zindagi Nay Paya Hay..,Adalat,1968,Tasadduq Hussain,Muzaffar Warsi,Mehdi Hassan,
"Yeh To Kaho, Tor Kar Dil Mera, Chhup Geye Ho Tum Kahan..",Doraha,1967,Sohail Rana,Masroor Anwar,Masood Rana,
"Yeh To Nay Kya Kiya, Mujhay Tarpa Diya, Husn Ka Shola..",Shabistan,1969,Tasadduq Hussain,Fyaz Hashmi,Mala,
"Yeh Zaindagi, Musakara, Pyar Kar, Aaj Teri Mehfil Hay..",Jadugar,1961,Saleem Iqbal,Sahil Farani,Zubaida Khanum,
"Yeh Zindagi Eik Doraha Hay, Jis Mein Log Miltay Hayn..",Doraha,1967,Sohail Rana,Masroor Anwar,Masood Rana,
"Yeh Zindagi Hay Kya, Jo Tim Say Juda Ho Juda..",Maa Beti,1963,Safdar Hussain,Parvez Chishti,Mala,
"Yun BeParda Bahir Tum Nikla Na Karo, Yeh Aadat Aurat Ko Zaiba Nahin..",Waqt Ki Pukar,1967,Nisar Bazmi,Mouj Lakhnavi,Ahmad Rushdi,
"Yun Chalay Teer-e-Nazar, Husn Badnam Na Ho, Ishq Nakam Na Ho..",BeReham,1967,Rehman Verma,Habib Jalib,Mala,
Yun Chupkay Chupkay Ankhon Mein Tasvir Tori Lehrai Hay..,Street 77,1960,Akhtar Hussain Akhian,Saleem Tabani,Musarrat Nazir,
"Yun Mil Kay Juda Ho Jayen, Afsos..",Nadir Khan,1968,Tasadduq Hussain,Atish Ludhyanvi,Munir Hussain,
"Yun Na Mera Dil Dukha, Aa Meri Banhon Mein Aa..",Soye Nadia Jagay Pani,1968,Khan Ataur Rahman,Suroor Barabankvi,Najma Niazi,
"Yun Rooth Na Gori Mujh Say, Dil Toot Geya To Tujh Say Jora Na Jaye Ga..",Samundar,1968,Deebo,Sehba Akhtar,Ahmad Rushdi,
"Yun To Lakhon Haseen Hayn Dunya Mein, Ho Ho..",Dil Mera Dharkan Teri,1968,Master Inayat Hussain,Qateel Shafai,Mala,
"Yun Zindagi Ki Rah Mein, Takra Geya Koi..",Aag,1967,Nisar Bazmi,Masroor Anwar,Mehdi Hassan,
"Zakhm-e-Dil Chhupa Kay Royen Gay, Khud Ko Azama Kay Royen Gay..",Rishta Hay Pyar Ka,1967,Nashad,Fyaz Hashmi,Naseem Begum,
Zalim Nay Aaj Hans Kay Jo Deevana Keh Diya..,Rishta Hay Pyar Ka,1967,Nashad,Fyaz Hashmi,Munir Hussain,
"Zalim, Dunya Kay Insan, Pyar Kay Badlay Dhoka Detay Hayn..",Maa Beti,1963,Safdar Hussain,Zaheer Ahmad Naqsh,Munir Hussain,
"Zalma, Ho Zalma, Chahay Rulatay, Chahay Jalatay..",Safaid Khoon,1964,Akhtar Hussain Akhian,Tanvir Naqvi,Naseem Begum,
Zamana Kis Qadr Na-Mehrban Hay..,Farishta,1961,Rasheed Attray,Tanvir Naqvi,Saleem Raza,
Zamana Kis Qadr Na-Mehrban Hay..,Farishta,1961,Rasheed Attray,Tanvir Naqvi,Noorjahan,
"Zamana Kis Qadr Na-Mehrban Hay, Khushi Hay Magar..",Farishta,1961,Rasheed Attray,Tanvir Naqvi,Naheed Niazi,
"Zamana Udas Hay, Dil Kya Udas Hay..",Sonay Ki Chirya,1968,Tasadduq Hussain,Qateel Shafai,Mala,
"Zamanay Kay Malik, Yeh Kya Zindagi Hay, Jahan Nay Meri Har Khushi..",Ek Thi Maa,1960,Rehman Verma,Atish Ludhyanvi,Kousar Parveen,
Zamanay Ki Nazar Mein Chand Taray Muskaratay Hayn..,Saheli,1960,A. Hameed,Fyaz Hashmi,Kousar Parveen,
"Zamin Kay Malik, Teri Zamin Par, Roop Yeh Kaisa Hay Aadmi Ka..",Shaheed Titumir,1969,Mansoor Ahmad,Ayaz Aasi,Abdul Hadi,
"Zara Aankh Ham Say Mila Kar To Dekho, Mohabbat Ki Dunya..",Ghar Ka Ujala,1966,Manzoor Ashraf,Shabab Keranvi,Mala,
"Zara Babu Jee, Sanbhalna, Aisi Chaal Na Chalna..",Qatal Kay Baad,1963,Deebo,Masroor Anwar,Irene Parveen,
"Zara Bach Kay Bhayya, Rehna Yahan, Yeh Dunya Sab Ko Sataye..",Beti,1964,Deebo,Fyaz Hashmi,Robina Badar & Co.,
"Zara Chup Ho Ja, Meri Khala Kay Baap..",Suhagan,1967,A. Hameed,Fyaz Hashmi,Ahmad Rushdi,
"Zara Dil Peh Hath Rakh Lo Aur Suno, Dil Ka Afsana..",Bulbul-e-Baghdad,1962,Mohammad Ali Munnu,M.A. Yousuf,Zubaida Khanum,
"Zara Hat Kay Chal, Zara Bach Kay Chal, Larkian Hayn Shahar Ki Terz Bari..",Aurat Aur Zamana,1968,Ghulam Nabi,Tanvir Naqvi,Ahmad Rushdi,
"Zara Holay Holay Mohabbat Sikhana, Abhi Ham Anari Hayn..",Shabistan,1969,Tasadduq Hussain,Fyaz Hashmi,Mala,
"Zara Poonchh Do Aa Kay Aansoo Hamaray, Jeetay Rahen..",Zamin,1965,Wazir Afzal,Mushir Kazmi,Munir Hussain,
"Zara Rukna, Paray Ga Tumhen Jhukna, Hukumat Apni Hay..",Teer Andaz,1963,G.A. Chishti,Rasheed Sajid,Saleem Raza,
"Zara Si Baat Ka Afsana Ban Geya, Kis Ko Dekha..",Tanha,1964,Altaf Mehmood,Suroor Barabankvi,?,
"Zara Thehro, Tham Jao, Salam Letay Jao, Babu..",Barat,1963,Azam Baig,Hazin Qadri,Nazir Begum,
"Zara Tum Hi Socho, Bichhar Kay Yeh Milna, Mohabbat Nahin Hay To..",Dil day Kay Dekho,1969,Sohail Rana,Fyaz Hashmi,Mujeeb Alam,
"Zara Tum Kha Kay Dekho, Idhar To Aa Kay Dekho..",Husn-o-Ishq,1962,Safdar Hussain,Qateel Shafai,Munir Hussain,
"Zara Uthti Jawani Sanbhaliye, Hey Allah, Pani Mein Aag Na Uchhaliye..",Teer Andaz,1963,G.A. Chishti,G.A. Chishti,Naheed Niazi & Co.,
"Zidd Chhor Day Babu, Kahin Baat Na Yeh Barh Jaye..",Meray Bachay Meri Ankhen,1967,Deebo,Masroor Anwar,Irene Parveen,
Zindagi Aaj Teri Deed Ki Shedai Hay..,Misaal,1966,Azam Baig,Asad Hussain Azal,Azam Baig,
Zindagi Apni Thi Ab Tak Urtay Baada Ki Tarah..,Armaan,1966,Sohail Rana,Masroor Anwar,Ahmad Rushdi,
"Zindagi Aur Mout Hay Teray Bas Mein, Pyar Chhena Agar Tu Nay..",Samira,1963,Safdar Hussain,Mushir Kazmi,Naheed Niazi,
Zindagi Dhoondti Hay Phir Usi Pyar Ko..,Lahu Pukaray Ga,1967,Ilyas,Ghulam Rabbani,Noorjahan,
"Zindagi Gham Ki Ik Raat Hay, Chahay Hans Kay Kattay..",Sitamgar,1967,Tasadduq Hussain,Fyaz Hashmi,Mala,
"Zindagi Hay Ya Kisi Ka Intezaar, Badliyon Ki Orhni Say Chandni..",Salma,1960,Rasheed Attray,Tanvir Naqvi,Noorjahan,
Zindagi Kay Dard Mein Dard Ki Awaz Hun..,Zindagi,1968,Master Abdullah,Saleem Kashar,Mehdi Hassan,
"Zindagi Kay Hazaron Rang Hayn, Khain Hanstay Ho Tum..",Soye Nadia Jagay Pani,1968,Khan Ataur Rahman,Suroor Barabankvi,Najma Niazi,
"Zindagi Kay Saaz Par Jhoom Lay, Milay Ga Dard To Phir..",Daku Ki Larki,1960,Rasheed Attray,Kaleem Usmani,Naseem Begum & Co.,
"Zindagi Ki Har Musarrat, Aap Kay Pehlu Mein Hay..",Tasvir,1966,Khalil Ahmad,Himayat Ali Shair,Noorjahan,
"Zindagi Ki Rah Mein, Yun Mil Geye Hayn Ham..",Touba,1964,A. Hameed,Fyaz Hashmi,Munir Hussain,
"Zindagi Mein Ek Pall Bhi, Chain Aye Na, Is Jahan Mein, Kash Koi..",Hamsafar,1960,Muslehuddin,Tanvir Naqvi,Saleem Raza,
"Zindagi Mein Ek Pall Bhi, Chain Aye Na, Is Jahan Mein, Kash Koi..",Hamsafar,1960,Muslehuddin,Tanvir Naqvi,Naheed Niazi,
"Zindagi Mil Geyi, Jan-e-Jan Mil Geya..",Naheed,1968,Nashad,Taslim Fazli,Mala,
"Zindagi Pyar Say Hay, Pyar Ki Dunya Tum Ho..",Sitamgar,1967,Tasadduq Hussain,Fyaz Hashmi,Mala,
"Zindagi Tum Say Mili, Tum Say Mila Pyar Hamen..",Dil Kay Tukray,1965,Manzoor Ashraf,Fyaz Hashmi,Mala,
"Zindagi, Dard Ka Fasana Hay, Aa Jao, Aanay Walay..",Aladdin Ka Beta,1960,G.A. Chishti,Ahmad Rahi,Naheed Niazi,
"Zindagi, Majboor Hay, Lachar Hay, Sans Lena Bhi Yahan Dushwar Hay..",Barsat Mein,1962,Hassan Latif,Tanvir Naqvi,Noorjahan,
"Zindagi, Majboor Hay, Lachar Hay, Sans Lena Bhi Yahan Dushwar Hay..",Barsat Mein,1962,Hassan Latif,Tanvir Naqvi,Saleem Raza,
"Zindagi, Tujh Ko Pukaray, Aa, Dolti Nayyar Lagay Kinaray..",Chingari,1964,Khawaja Khursheed Anwar,Qateel Shafai,Saleem Raza,
"Zindai Ki Har Khushi, Ashkon Mein Dhal Geyi..",Dard-e-Dil,1966,Khalil Ahmad,Himayat Ali Shair,Ahmad Rushdi,
Zulf Goray Mukhray Peh Bikhri Hui Hay..,Mamta,1964,Tufail Farooqi,Mushir Kazmi,Nazir Begum,
Zulf Ko Teri Ghataon Ka Pyam Aya Hay..,Salgira,1969,Nashad,Shevan Rizvi,Mehdi Hassan,
"Zulf Mehkti Chaal, Behkti Shoukh Adayen Lai Hun..",Fareb,1965,Jami,Mushir Kazmi,Mala,
"Zulfon Ki sham Hay, Ankhon Ka Jam Hay..",Chheen Lay Azadi,1968,Safdar Hussain,Qateel Shafai,Irene Parveen,
"Zulfon Say Pehlay Bandh Lun, Phir Dekha Jaye Ga..",Aarzoo,1965,Deebo,Mouj Lakhnavi,Naseema Shaheen,
.. Main Soona Chand Hun..,Operation Karachi,1971,Lal Mohammad Iqbal,?,Runa Laila,
"100 Bars Ki Zindagi Mein Eik Pall, Tu Agar Kar Lay Koi Accha Amal..",Insaf Aur Qanoon,1971,M. Ashraf,Taslim Fazli,Mehdi Hassan,
"100 Bars Ki Zindagi Mein Eik Pall, Tu Agar Kar Lay Koi Accha Amal..",Insaf Aur Qanoon,1971,M. Ashraf,?,Noorjahan,
"12 Mahino Kay 12 Hayn Rang, Looten Gay In Ka Maza Sang Sang..",Rangeela Aur Munawar Zarif,1973,M. Ashraf,Masroor Anwar,Ahmad Rushdi,
14Vin Raat Mein Ik Khawab Kabhi Dekha Tha..,Moashra,1975,A. Hameed,Taslim Fazli,Munir Hussain,
"2 Dilon Ki Khushiyon Ka Naam Hay, Honeymoon..",Honeymoon,1970,Javed Sarwar,Masroor Anwar,Ahmad Rushdi,
"2 Nain Mialy, 2 Dil Dharkay..",Sangam,1977,Amjad Bobby,?,Akhlaq Ahmad,
"2 Sathi Jeevan Kay, Ik Doojay Ka Sath Nibhaen Gay..",Behan Bhai,1979,Kemal Ahmad,Saeed Gilani,Mehdi Hassan,
4 Deevanay Mil Kay Sab Ka Dil Behlaen Gay..,Miss Hong Kong,1979,M. Ashraf,Masroor Anwar,Naheed Akhtar,
4 Huin Ankhen To Chot Bari Khai.. Allah Dil Geya Ray..,Pyar Ka Mousam,1975,Tasadduq Hussain,Mouj Lakhnavi,Masood Rana,
"A Abr-e-Karm, Aaj Itna Bars, Itna Bars Keh Woh Ja Na Saken..",Naseeb Apna Apna,1970,Lal Mohammad Iqbal,Masroor Anwar,Ahmad Rushdi,
"A Asmano Kay Makeen, Farya Hay Faryad Hay..",Darinda,1970,Gul Haidar,Ahmad Nadeem Qasmi,Ali Bakhsh Zahoor,
"A Babu Sahib, Janab-e-Wala, Polish Kara Lo Ham Say..",Hamlog,1970,Tasadduq Hussain,Muzaffar Warsi,Irene Parveen,
"A Be-Qarar Tamanna, Zara Thehar Jao, Nazar Mein Bhar Len Yeh Jalwa..",Meray Hamsafar,1972,Sohail Rana,Masroor Anwar,Mujeeb Alam,
"A Bhai, A Mister, Kuchh Soch Samjh Kar Baat Karo..",Seeta Maryam Margrette,1978,A. Hameed,Qateel Shafai,Ahmad Rushdi,
"A Chand, Ab Tu Chhup Ja, Tujh Say Haseen, Mahjabeen..",Darinda,1970,Gul Haidar,Qateel Shafai,Nazir Begum,
"A Chand, Lay Ja Chandni..",Goonj,1977,A. Hameed,Habib Jalib,Noorjahan,
"A Dil, Apna Dard Chhupa Kar, Geet Khushi Kay Gaye Ja..",Pehchan,1975,Nisar Bazmi,Masroor Anwar,Akhlaq Ahmad,
"A Dil, Aye Hayn Dildarm, Dekh Kay Un Ko, Khushi Say Mukarram Ham..",Shahi Faqeer,1970,Tasadduq Hussain,Mushir Kazmi,Irene Parveen,
"A Dil, Yeh Kaisi Halchal Hay, Ankhon Mein Phaila Kajal Hay..",Aashna,1970,Nisar Bazmi,Suroor Barabankvi,Mala,
"A Dost, Teri Ankh, Agar Nam Hay To Mujhay Kya..",Begum Jan,1977,A. Hameed,Qateel Shafai,Ghulam Abbas,
"A Dunya Fani, Baba, Teri Jeevay Jawani, Baba..",Pyar Ka Mousam,1975,Tasadduq Hussain,Mouj Lakhnavi,Riaz Malik,
"A Husn Ki Rani, Yeh Teri Jawani, Uff Touba..",Meri Dushmani,1976,Kemal Ahmad,Khawaja Parvez,Naheed Akhtar & Co.,
"A Husn-e-Jana, Dil Ka Fasana, Chhup Ja Keh Tujh Ko Sunaun Main..",Noreen,1970,Nisar Bazmi,Tanvir Naqvi,Ahmad Rushdi,
"A Jan-e-Arzoo, Tujhay Itna Pyar Karun..",Waaday Ki Zanjeer,1979,M. Ashraf,Qateel Shafai,Mehdi Hassan,
"A Jan-e-Tmanna, Tera Charcha Na Karen Gay..",Pehli Nazar,1977,Master Inayat Hussain,Qateel Shafai,Mehdi Hassan,
A Kash Keh Aa Jaye Nazar Yaar Ki Soorat..,Mohabbat Mar Nahin Sakti,1977,Nashad,Taslim Fazli,Masood Rana,
"A Kash, Tujhay Bhi Tera Dil Majboor Karay..",Mohabbat Rang Laye Gi,1970,Nisar Bazmi,Masroor Anwawr,Noorjahan,
"A Mehfil Kay Logo Sun Lo, Main Ranjha Hun..",Mr. Ranjha,1979,Rajab Ali,?,Masood Rana,
A Meray Dilruba..,Naqsh-e-Qadam,1979,Amjad Bobby,Masroor Anwar,Naheed Akhtar,
"A Meri Ladli, Tu Yunhi Muskaraye..","Lad, Pyar Aur Beti",1978,Kemal Ahmad,?,Mehdi Hassan,
"A Meri Zindagi Kay Saharay, Aarzuon Kay Roshan Sitaray..",Farz,1973,Nashad,Masroor Anwar,Mala,
A Mohabbat Teri Zindagi Chahtay Hayn..,Sipah Salar,1972,Rehman Verma,?,Runa Laila,
"A Mohabbat, Tera Jawab Nahin Hay..",Baharo Phool Barsao,1972,Nashad,Shevan Rizvi,Shoukat Ali,
"A Neye Suraj, Hamen Teray Ujalon Ki Qasm..",Neya Suraj,1977,Nisar Bazmi,?,Mehdi Hassan,
"A Pardanashin, Gar Aaj Kahin, Ik Aur Nazar A Ho Jaye..",Baharo Phool Barsao,1972,Nashad,Shevan Rizvi,Tasawur Khanum,
A Raat Bata Day Un Ko Meri Aankh Mein Aansoo Hayn Itnay..,Najma,1970,Master Inayat Hussain,Qateel Shafai,Saleem Raza,
"A Raat Sanjhi A, Gal Baat Sanjhi A, Sanwan Naal Sah Takran Gay..",Dara,1976,Rehman Verma,?,Mehnaz,
"A Ri Baja Bajay Ray, A Al Verga..",Anjaam,1976,Bakhshi Wazir,Hazin Qadri,Noorjahan,
"A Sab Jag Kay Rakhwalay, Mera Sajan Teray Hawalay..",Haider Ali,1978,Khawaja Khursheed Anwar,Qateel Shafai,Mehnaz,
A Sham-e-Gham Bata Keh Sehar Kitni Door Hay..,Parai Aag,1971,Khawaja Khursheed Anwar,Habib Jalib,Mehdi Hassan,
"A Shehar Kay Logo Sun Lo, Ham Pyar Sya Baz Na Ayen Gay..",Shirin Farhad,1975,Khawaja Khursheed Anwar,Qateel Shafai,Mehdi Hassan,
"A Tana, Tera Tana, Main Na Sunu Tera Tana Ray..",Bhool,1974,Robin Ghosh,Khawaja Parvez,Nadeem,
"A Zamin Kay Chand, Tera Husn..",Mr. 420,1973,Tasadduq Hussain,?,Mehdi Hassan,
"A Zindagi, A Zindagi, Main Nay Teray Har Mor Par..",Neya Savera,1970,Tasadduq Hussain,Qateel Shafai,Ahmad Rushdi,
"A Zindagi, A Zindagi, Main Nay Teray Har Mor Par..",Neya Savera,1970,Tasadduq Hussain,Qateel Shafai,Ahmad Rushdi,
"Aa Aa Qareeb Aa, Na Na Mujhay Sata..",Ham Sab Chor Hayn,1979,Nazir Ali,?,Mehnaz,
"Aa Bhi Jao Sajna, Armano Kay Gulzaron Mein..",Chand Suraj,1970,Nashad,Shevan Rizvi,Noorjahan,
Aa Dam Dam Laga Lay..,Bano Rani,1974,M. Ashraf,Kaleem Usmani,Runa Laila,
Aa Geyi Hay Woh Aag..,Road To Swat,1970,Tasadduq Hussain,Mouj Lakhnavi,Mala,
"Aa Ja Aa Ja, Kar Lay Pyar..",Dulhan Ek Raat Ki,1975,Kemal Ahmad,?,Mehnaz,
Aa Ja Ham Dono Pyar Karen..,Yadon Ki Barat,1977,Chandra Mohan,Saeed Gilani,A. Nayyar,
Aa Ja Ham Kyun Rahen..,Tehzeeb,1971,Nisar Bazmi,Saifuddin Saif,Runa Laila,
"Aa Ja Ho, Aa Ja, Roye Nainan, Jiya Ghabraye..",Aansoo Ban Geye Moti,1970,Master Inayat Hussain,Qateel Shafai,Mala,
"Aa Ja Ho, Dil Mera Tujh Ko Awaz Deta Raha, Tu Na Aya..",Honeymoon,1970,Javed Sarwar,Tanvir Naqvi,Mala,
"Aa Ja Meri Nighaon Mein, Lay Lay Mujhay Bahnon Mein..",Mujrim Kon,1970,Kemal Ahmad,?,Mala,
Aa Ja Yeh Banhen Daal Dun..,Khalish,1972,M. Ashraf,Kaleem Usmani,Mala,
"Aa Ja, Aa Ja, Pyar Kay Saharay, Sum Sum Syara..",Love in Jungle,1970,Tasadduq Hussain,Fyaz Hashmi,Mala & Co.,
"Aa Ja, Aa Ja, Romance Karen, Lovely Lovely Tanhai..",Cheekh,1977,Kemal Ahmad,Saeed Gilani,Naheed Akhtar,
"Aa Ja, Ro Ro Pukarun, Aa Ja..",Kirdar,1970,Jameel Khusro,Aarzoo Akbarabadi,Noorjahan,
Aa Jayo Ab Aa Bhi Jayo..,Hill Station,1972,Nashad,Taslim Fazli,Ahmad Rushdi,
"Aa Meray Sathi, Dil Mera Tujh Ko Tarap Tarap Kay Pukaray..",Shama Aur Parvana,1970,Nisar Bazmi,Masroor Anwar,Mujeeb Alam,
"Aa Parvanay Aa, Honton Peh Dam Tor Rahay Hayn..",Shama Aur Parvana,1970,Nisar Bazmi,Saifuddin Saif,Noorjahan,
"Aa Pyar Kar Lay, Iqrar Kar Lay, Dildar Meray Zara..",Sacha Jhoota,1974,M.A. Shaad,Taslim Fazli,Nayyara Noor,
"Aa Raaten Bhi Hayn, Muqaddar Bhi Hayn, Sitaray Bhi Hayn..",Gharnata,1971,A. Hameed,Tanvir Naqvi,Noorjahan & Co.,
"Aa Ray Aa Ray, Dil Kay Saharay, Dil Ki Har Dharkan Tujh Ko Pukaray..",Dosti,1971,A. Hameed,Kaleem Usmani,Mujeeb Alam,
Aa Sanam Pyar Karen Dil Say Iqrar Karain..,Night Club,1971,Shamim Nazli,Khawaja Parvez,Mala,
"Aag Laga Kar Chhupnay Walay, Sun Mera Afsana..",Dillagi,1974,Master Rafiq Ali,Mushir Kazmi,Masood Rana,
"Aag Lagaye, Dil Tarpaye, Ik Albeli Si Naar..",Naag Muni,1972,Nisar Bazmi,Habib Jalib,Ahmad Rushdi,
Aagay AaGay Dekhiye Hota Hay Kya..,Aaj Aur Kal,1976,Khalil Ahmad,Taslim Fazli,N/A,
"Aagay Aagay Mohtrama, Peechhay Peechhay Mohtram..",Aap Ka Khadim,1976,Khalil Ahmad,Taslim Fazli,Ahmad Rushdi,
"Aagay Tum, Peechhay Ham..",Mera Naam Hay Mohabbat,1975,M. Ashraf,Taslim Fazli,Ahmad Rushdi,
Aai Rut Mastaani Baaghon..,Meri Mohabbat Teray Havalay,1972,Kemal Ahmad,?,Mala,
"Aaj Bhi Suraj Doob Geya Hay, Aaj Bhi Tum Nahin Aaye..",Naag Muni,1972,Nisar Bazmi,Masroor Anwar,Noorjahan,
Aaj Galay Laga Lun Tujhay..,Parvarish,1979,Amjad Bobby,Masroor Anwar,Naheed Akhtar,
"Aaj Gham Day Diya, Kall Khushi Bakhsh Di..",Farz Aur Mamta,1975,M. Ashraf,Kaleem Usmani,Masood Rana,
"Aaj Gham Hay To Kya Hay, Woh Din Bhi Zaroor Aye Ga..",Mastana,1973,Kemal Ahmad,?,Masood Rana,
Aaj Gham Hay To Kya Woh Din Bhi Zaroor Aye Ga..,Mastana,1973,Kemal Ahmad,?,Nayyara Noor,
"Aaj Hay Mehfil Deed Kay Qabil, Shama Bhi Hay,  Parwana Bhi..",Shama Aur Parvana,1970,Nisar Bazmi,Masroor Anwar,Noorjahan,
Aaj Ik Sitamgar Ko Is Tarah Manana Hay..,Wehshi,1971,A. Hameed,?,Mala,
"Aaj Janay Ki Zid Na Karo, Yunhi Pehlu Mein Baithay Raho..",Baadal Aur Bijli,1973,Sohail Rana,Fyaz Hashmi,Habib Wali Mohammad,
Aaj Ka Din To Sab Say Bara Hay.. Happy Xmis To You..,Society Girl,1976,Nazir Ali,Taslim Fazli,Naheed Akhtar & Co.,
"Aaj Kall Parsun Nahin, Saal Nahin Barson Nahin..",Chakkarbaz,1974,Nashad,Taslim Fazli,Tasawur Khanum,
"Aaj Kay Insan Waqt Kay Sath Chal, Waqt Hay Bigri Hui Qismat Badal..",Subah Ka Tara,1974,Kemal Ahmad,?,Masood Rana,
Aaj Ki Raat Haseen Hay Kitni..,Pardes,1972,Azam Baig,Asghar Ali Kaousar,Mehdi Hassan,
Aaj Ki Raat Yadgar Rahay Rat Jaga Istarah Manain Hum..,Zeenat,1975,Nisar Bazmi,Taslim Fazli,Mala,
"Aaj Ki Sham, Tumharay Naam, Tum Ban Jao Sharabi..",Meri Dushmani,1976,Kemal Ahmad,Khawaja Parvez,Mehnaz,
Aaj Koi Dil Ki Mehfil Mein..,Farz Aur Mamta,1975,M. Ashraf,Kaleem Usmani,Runa Laila,
"Aaj Main Nay Pi Hay , Tumhai Qasm, Bara Maza Aya..",Amber,1978,Robin Ghosh,Kaleem Usmani,Mehnaz,
"Aaj Mehfil Saji, Hay Yeh Dil Ki Khushi, Aap Chahen Agar..",Soudagar,1972,M. Ashraf,Khawaja Parvez,Mala,
Aaj Mera Dil Jhoom Jhoom Kay Gaata Hay..,Tehzeeb,1971,Nisar Bazmi,Saifuddin Saif,Ahmad Rushdi,
"Aaj Meray Sangeet Kay Malik, Day Day Aisa Geyan..",Nadiya Kay Paar,1973,A. Hameed,?,Mehdi Hassan,
Aaj Meray Sangeet Ko Day Day..,Naam Kay Nawab,1973,A. Hameed,?,Mehdi Hassan,
"Aaj Mila Hay Mujh Ko Akhri Chance, Let Me Dance..",Baray Mian Divanay,1977,Kemal Ahmad,?,Ahmad Rushdi,
Aaj Mousam Bara Hay Suhana..,Qismat,1974,Nashad,Taslim Fazli,Mehdi Hassan,
Aaj Mujhay Kuchh Kehna Hay..,Ibadat,1979,M. Ashraf,?,Ahmad Rushdi,
Aaj Na Socho..,Inteqam Kay Sholay,1976,Karim Shahabuddin,?,Naheed Akthar,
Aaj Nahin To Kall Is Ghar Mein Chand Si Bhabhi Aye Gi..,Naseeb Apna Apna,1970,Lal Mohammad Iqbal,Masroor Anwar,Irene Parveen,
Aaj Pehli Bar Main Nay Pi Hay..,2 Badan,1974,M. Ashraf,Khawaja Parvez,Noorjahan,
Aaj Tak Yaad Hay Woh Pyar Ka Manzar Mujh Ko..,Sehray Kay Phool,1973,Nashad,Shevan Rizvi,Mehdi Hassan,
Aaj Thumkay Peh Thumka Lagana Paray Ga..,Aurat Raj,1979,?,?,Naheed Akhtar,
Aaj Tu Dushman-e-Jan Bach Kay Nahin Ja Sakta..,2 Daku,1978,Kemal Ahmad,Taslim Fazli,Mehnaz,
"Aaja Ray, Kab Say Pukaray Mera Pyar..",Meri Mohabbat Teray Havalay,1972,Kemal Ahmad,Kaleem Usmani,Masood Rana,
"Aaja Ri Aa Ja, Nindia Ri Nindia, Soye Mera Raja..",Main Akela,1972,Bakhshi Wazir,?,Naseem Begum,
"Aakhri Bar Ik Nazar Dekho Dekho, Jao Ab Subah Honay Wali Hay..",Deedar,1974,Nashad,Saifuddin Saif,Noorjahan,
Aankhen Hi Karti Hayn Sawal..,Jageer,1975,Nisar Bazmi,Masroor Anwar,Ahmad Rushdi,
Aankhon Kay Samnay Tera Jalwa Zaroor Hay..,Laila Majnu,1974,Nisar Bazmi,Saifuddin Saif,Runa Laila,
Aankhon Kay Samnay Tera Jalwa Zaroor Hay..,Laila Majnu,1974,Nisar Bazmi,Saifuddin Saif,Runa Laila,
"Aao Khushian Mana Len, Aao Mil Kay Mouj Ura Len..",Chalo Maan Geye,1970,Basheer Ahmad,Basheer Ahmad,Basheer Ahmad,
Aao Mil Kar Dance Karain..,Gora Kala,1977,Nazir Ali,Taslim Fazli,Ahmad Rushdi,
Aao Seenay Say Lag Kay Mar Jayen..,Ishq Ishq,1977,Kemal Ahmad,Taslim Fazli,Mehdi Hassan,
"Aao, Sanson Ki Dori Mein Bandh Jayen..",Playboy,1978,M. Ashraf,?,Mehnaz,
"Aap Dil Ki Anjuman Mein, Husn Ban Kar Aa Geye..",Anjuman,1970,Nisar Bazmi,Masroor Anwar,Runa Laila,
"Aap Farmayen, Kya Khariden Gay..",Umrao Jan Ada,1972,Nisar Bazmi,Saifuddin Saif,Runa Laila,
Aap Ka Husn Jo Dekha To Khuda Yaad Aya..,Ehsas,1972,Robin Ghosh,Suroor Barabankvi,Runa Laila,
Aap Ka Husn Jo Dekha To Khuda Yaad Aya..,Ehsas,1972,Robin Ghosh,Suroor Barabankvi,Mehdi Hassan,
Aap Ka Sath Hay Aur Aalme-e-Tanhahi Hay..,BeWafa,1970,Nisar Bazmi,Taslim Fazli,Ahmad Rushdi,
"Aap Kay Voat Ki Haqdar Hay Aurat, Logo..",Aurat Raj,1979,?,?,Mehnaz,
"Aap Ki Hansti Hui, Nazron Ki Jannat Chahiye..",Saheli,1978,M. Ashraf,Shabab Keranvi,Asad Amanat Ali Khan,
Aap Ko Ham Passand Kartay Hayn..,Aashi,1977,Nazir Ali,Taslim Fazli,Naheed Akhtar,
Aap Kyun Pyar Kay Izhar Say Dartay Hayn..,Wafadar,1978,Wajahat Attray,Khawaja Parvez,Noorjahan,
Aap Manen Ya Na Manen..,Bandagi,1972,Nashad,Kaleem Usmani,Nighat Seema,
"Aap Na Kahun Gi, Hazoor Na Kahun Gi..",Nazrana,1978,M. Ashraf,Qateel Shafai,Naheed Akhtar,
Aap Say Ehd-e-Wafa..,Bano Rani,1974,M. Ashraf,Kaleem Usmani,Runa Laila,
Aap Say Pyar Ka Izhar Mushkil Hay..,Tum Sa Nahin Dekha,1974,Amir Ali Khan,?,Akhlaq Ahmad,
"Aapay Nain Milanday O, Aapay Nain Churanday O..",Mastana Mahi,1971,Nazir Ali,Hazin Qadri,Mehdi Hassan,
Aarzoo Kay Kanwal Khil Geye Hayn..,Yaaden,1971,M. Ashraf,Taslim Fazli,Noorjahan,
"Aashian Jall Geya, Gulistan Lut Geya, Ham Qafs SAy Nikal Kar..",Bazi,1970,Sohail Rana,Raz Ilahabadi,Habib Wali Mohammad,
Aata Nahin Mujh Ko Gang Bajana..,Mujhay Galay Laga Lo,1976,Nazir Ali,?,Ahmad Rushdi,
"Aatay Hi Jawani Ka Mousam, Betab Nazar Ho Jati Hay..",Nanha Farishta,1974,M. Ashraf,Kaleem Usmani,Masood Rana & Co.,
"Aati Hayn Baharen, Jati Hayn Baharen..",Neya Rasta,1973,Nashad,?,Noorjahan,
"Aaya Koi Mori Atarya, Jhoom Rahi Sari Nagaria..",Honeymoon,1970,Javed Sarwar,Tanvir Naqvi,Irene Parveen & Co.,
Aaye Ga Shehri Babu Tum Dil Pe Rakhho Qaboo..,Aabshar,1978,M. Ashraf,?,Mehnaz,
Aayee Rut Mastaani Baaghon..,Meri Mohabbat Teray Havalay,1972,Kemal Ahmad,Kaleem Usmani,Ahmad Rushdi,
"Aayi Ray Aayi Ray Dekho Kali Ghata, Is Chand Say Chehray Par..",Aansoo,1971,Nazir Ali,Khawaja Parvez,Masood Rana,
Aayo Kahin Door Chalein..,Khushboo,1979,M. Ashraf,Masroor Anwar,Mehnaz,
"Ab Chhor Kay Dar Tera, Deevanay Kahan Jayen..",Nasheman,1976,M. Ashraf,?,Mala,
Ab Chhupnay Say Kya Hasil..,Sharafat,1974,Robin Ghosh,Kaleem Usmani,Runa Laila,
"Ab Kahan Main Jaun, Dil Kisay Dikhaun, Heye..",Jasoos,1977,Tafu,Fyaz Hashmi,Naheed Akhtar,
"Ab Kahan Un Ki Wafa, Yaad-e-Wafa Baqi Hay..",Kousar,1969,Inayat Hazrawi,Qateel Shafai,Naseem Begum,
"Ab Kay Jo Bahar Ayi, Rang Barangay Phool Kay Badlay Tum Ko Lay Kar Lai..",Chalo Maan Geye,1970,Basheer Ahmad,Basheer Ahmad,Mala,
Ab Keh Ham Bichhray To Shayed Kabhi Khabon Mein Milen..,Angaray,1972,A. Hameed,Ahmad Faraz,Mehdi Hassan,
"Ab Kis Ko Sunayen Gay, Is Dard Ka Afsana..",Afsana Zindagi Ka,1972,M. Ashraf,?,Noorjahan,
"Abb Kis Ko Sunayen Gay, Is Dard Ka Afsana..",Neya Rasta,1973,Nashad,?,Noorjahan,
"Abbu Mera Aye Ga, Pyar Say Mujh Ko Bulaye Ga..",General Bakht Khan,1979,Akhtar Hussain Akhian,?,Noorjahan,
"Abhagan Ko Sajna, Suhagan Bana Day..",Muthi Bhar Chaval,1978,Kemal Ahmad,?,Mehnaz,
"Abhi Aap Ki Umar Hi Kya Hay, Aji Pyar Mein Kya Rakha Hay..",Anmol,1973,Nisar Bazmi,Masroor Anwar,Ahmad Rushdi,
Abhi Aur Isi Waqt Tum Meray..,Shararat,1975,Nashad,Masroor Anwar,Ahmad Rushdi,
"Abhi Dhoond Hi Rahi Thi, Tujhay Yeh Nazar Hamari..",BeWafa,1970,Nisar Bazmi,Kaleem Usmani,Noorjahan,
Abhi Main Kamsin Hun..,Anokhi,1976,Robin Ghosh,Kaleem Usmani,Nayyara Noora,
"Abhi To Hui Hay Neyi Neyi Mulaqat, Phir Bhi BeDardi Karay Apni Baat..",Love in Jungle,1970,Tasadduq Hussain,Fyaz Hashmi,Mala,
Abhi To Main Jawan Hun..,Abhi To Main Javan Hun,1978,M. Ashraf,Abul Asar Hafeez Jalandhri,Noorjahan,
Achanak Batti Bujh Gei..,Intezar,1974,Nisar Bazmi,Masroor Anwar,Nayyara Noor,
"Achanak Tum Say Mohabbat Ho Geyi, Milai Ankh Kya..",Izzat,1975,A. Hameed,Taslim Fazli,Samar Iqbal,
"Achhi Baat Sunu, Achhi Baat Kaho..",Phool Aur Sholay,1976,M. Ashraf,Taslim Fazli,Mehdi Hassan,
"Adaon Peh Meri, Mehfil Mein Lakhon Dil Machaltay Hayn..",Shama Parvana,1970,Niaz Ahmad,M. Sultan,Shehnaz Begum,
Afsana-e- Mohabbat Hargiz Biyan Na Hota..,Jaltay Suraj Kay Neechay,1971,Subal Das,Masroor Anwar,Ahmad Rushdi,
"Afsha Na Raz Ho Tera, Kuchh Na Kaha Isi Liye..",Badguman,1972,Tasadduq Hussain,?,Mala,
"Afzal O Aala, Hal Allah..",Neik Parveen,1975,A. Hameed,Riazur Rehman Saghar,Mehnaz & Co.,
"Agar Koi Poochhay, Baharon Ka Matlab..",Mohabbat,1972,Nisar Bazmi,Qateel Shafai,Ahmad Rushdi,
"Agar Main Bata Dun, Meray Dil Mein Kya Hay..",Aansoo Ban Geye Moti,1970,Master Inayat Hussain,Qateel Shafai,Runa Laila,
"Agar Main Bata Dun, Meray Dil Mein Kya Hay..",Aansoo Ban Geye Moti,1970,Master Inayat Hussain,Qateel Shafai,Ahmad Rushdi,
Agar Tum Bura Na Mano..,Mulaqat,1973,Nisar Bazmi,Kaleem Usmani,Ahmad Rushdi,
"Agar Tum Mil Jao, Zamana Chhor Day Gay Ham..",Imandar,1974,Nashad,Taslim Fazli,Tasawur Khanum,
"Ainy, My Sweet Heart..",Ankhon Ankhon Mein,1978,M. Ashraf,?,Mehdi Hassan,
Aisa Jalwa Na Kabhi Dekha Ho Ga..,BeImaan,1973,Kemal Ahmad,Khawaja Parvez,Noorjahan,
Aisa Na Ho Keh Log Meray Pyar Say Jal Jayen..,Moashra,1975,A. Hameed,Riazur Rehman Saghar,Mehnaz,
Aisa Pilaya Karwa Sharbat..,Dharkan,1976,M. Ashraf,Taslim Fazli,Ahmad Rushdi,
"Aisa Pyar Karnay Wala Meri Jan, Tujhay Dhoonday Na Milay Ga..",Millan,1978,Nashad,Masroor Anwar,Mehdi Hassan,
"Aisay Logon Say Kya Gila Keejiye, Jin Ki Niyyat Ka Eitbar Nahin..",Aarzoo,1975,M. Ashraf,Masroor Anwar,Noorjahan,
Aisay Milen Keh Phir Na Juda Hon..,Goonj Uthi Shehnai,1976,M. Ashraf,Taslim Fazli,Rajab Ali,
Aisay Mousam Mein Chup Kyun Ho..,Shama,1974,M. Ashraf,Taslim Fazli,Naheed Akhtar,
Aisey Na Mil Mahiya..,Kon Apna Kon Praya,1972,Tufail Farooqi,?,Munir Hussain,
"Aisi Chal Main Chalun, Kaleja Hil Jaye Ga..",Anmol,1973,Nisar Bazmi,Masroor Anwar,Tasawur Khanum,
"Aisi Raat Allah, Kisi Ko Na Dikhaye..",Aashi,1977,Nazir Ali,Taslim Fazli,Ahmad Rushdi,
"Ajab Dosti Hay, Ajab Dushmani Hay, O Zalim Zamanay..",Badal Geya Insan,1975,Master Abdullah,Fyaz Hashmi,Noorjahan,
Ajab Hay Rasm-e-Jahan..,Masoom,1975,Khalil Ahmad,Muzaffar Warsi,Shoukat Ali,
"Aji O, Farz Karo..",Neiki Badi,1975,Nashad,Qateel Shafai,Ahmad Rushdi,
"Aji, Boliye Aap Ka..",Aadmi,1978,Kemal Ahmad,Qateel Shafai,Nayyara Noor,
"Aji, Mohatrama..",Rootha Na Karo,1971,Sohail Rana,?,Ahmad Rushdi,
"Ajj Pair Nein Zamin Uttay Tikday, Keh Mangi Ki Baat Ho Geyi..",Aurat Raj,1979,?,?,Mehnaz,
"Al-Fatah Kay Jawano, Kaabay Kay Pasbano..",Al-Asifa,1971,Rehman Verma,?,Noorjahan,
"Al-Fatah Kay Jawano, Kaabay Kay Pasbano (2)..",Al-Asifa,1971,Rehman Verma,?,Noorjahan,
Alam To Hay Parda-e-Taqdeer Mein..,Khak Aur Khoon,1979,Nisar Bazmi,Allama Iqbal,Mehdi Hassan,
"Alif Say Achhi, Gaaf Say Gurya, Jeem Say Japani..",Khamosh Nighahen,1971,M. Ashraf,Khawaja Parvez,Ahmad Rushdi,
Alif Say Nikli Akhian Aur Laam Say Nikla Larna..,Navabzadi,1979,Wajahat Attray,?,Naheed Akhtar,
"Allah Akbar, Tu Hay Badshahon Ka Badshah..",Pardes,1972,Nazir Ali,?,Mehdi Hassan,
"Allah Allah, Meri Mehfil Mein Woh Mehman Aya..",Ehsas,1972,Robin Ghosh,Suroor Barabankvi,Runa Laila,
"Allah Hi Allah Kiya Karo, Dukh Na Kisi Ko Diya Karo..",Pehchan,1975,Nisar Bazmi,Masroor Anwar,Naheed Akthar,
"Allah Hoo, Allah Hoo, Allah Hoo..",Laila Majnu,1974,Nisar Bazmi,Saifuddin Saif,Munir Hussain,
Allah Kay Naam Peh Jholi Bhar Day..,BeImaan,1973,Kemal Ahmad,Kaleem Usmani,Masood Rana,
"Allah Meray Kariyo Karm Ka Phera, Mujhay Bara Bharosa Tera..",Aakhri Hamla,1972,Lal Mohammad Iqbal,Taslim Fazli,Ahmad Rushdi & Co.,
"Allah Meri Touba, Baray Julmi Hayn Sayyan..",Bazigar,1971,Deebo,?,Runa Laila,
"Allah, Teri Shan, Yeh Apno Ki Ada Hay..",Saheli,1978,M. Ashraf,Shabab Keranvi,Naheed Akhtar,
"Ameeron Kay Khuda, Tu Hi Gharibon Ka Khuda Hay..",Badal Geya Insan,1975,Master Abdullah,Ahmad Rahi,Masood Rana,
Ameeron Ko Deta Hay Drum Khushiyon Kay..,Zindagi Ek Safar Hay,1972,A. Hameed,Qateel Shafai,Mehdi Hassan,
"Ammi Jee, Tum Kyun Roti Ho, Itna To Batla Do..",Nanha Farishta,1974,M. Ashraf,Kaleem Usmani,Shazia,
"Andaz Wohi Apnaya Hay, Teray Dil Ko Pasand Jo Aa Jaye..",Society Girl,1976,Nazir Ali,Taslim Fazli,Naheed Akhtar,
Andaz-e-Karam Jab Aisa Hay..,Baharon Ki Manzil,1973,Nashad,Taslim Fazli,Ahmad Rushdi,
"Andher Nagri Chopat Raja, Gaye Ja Pyaray, Bajaye Ja Baja..",Raja Jani,1976,Amjad Bobby,Taslim Fazli,Masood Rana,
Andherayon Mein Tu Nay Mujhay..,Main Bani Dulhan,1974,Nazir Ali,Khawaja Parvez,Mala,
"Andheyaron Nay Par Phelaye, Panchi Lotay Na Pi Aye..",Bedardi,1970,Feroz Gul,Asad Hussain Azal,Noorjahan,
"Andheyaron Nay Par Phelaye, Panchi Lotay Na Pi Aye..",Bedardi,1970,Feroz Gul,Asad Hussain Azal,Noorjahan,
"Angara, Mera Mann, Angara, Koi Na Mujh Say Preet Bharaye..",Jaal,1973,Nazir Ali,Masroor Anwar,Ahmad Rushdi,
Angrezi Dhun Peh Desi Nach..,Anari,1975,M. Ashraf,Taslim Fazli,Ahmad Rushdi,
Angrezi Thumkay Peh Dhalen Gay..,Apnay Huay Paraey,1977,M. Ashraf,Masroor Anwar,Ahmad Rushdi,
"Angva Kay Peirh Tallay, Sajna Say Nain Milay..",Haqeeqat,1974,M. Ashraf,Khawaja Parvez,Robina Badar & Co.,
"Ankh Mein Ghussa, Ball Mathay Par, Dil Mein Niyyat Pyar Ki..",Hamjoli,1970,M. Ashraf,Tanvir Naqvi,Ahmad Rushdi,
"Ankh Mili, Aaj Takraya Pemanay Say Pemana..",Tiger Gang,1974,?,Riazur Rehman Saghar,Runa Laila,
Ankh Yun Churana Sanam..,Daagh,1976,M. Ashraf,Kaleem Usmani,Ahmad Rushdi,
"Ankhen Ghazal Hayn Aap Ki, Aur Hont Hayn Gulab..",Saheli,1978,M. Ashraf,Shabab Keranvi,Asad Amanat Ali Khan,
"Ankhen Mila Kay, Neenden Chura Kay..",2 Badan,1974,M. Ashraf,Khawaja Parvez,Nadeem,
Ankhon Ankhon Mein Raat Bataen..,Nazr-e-Karm,1979,Kemal Ahmad,?,Mehdi Hassan,
"Ankhon Mein Nasha Halka Halka, Dil Ka Saghar Chhalka Chhalka..",Takht Aur Taj,1970,Rehman Verma,?,Irene Parveen & Co.,
"Ankhon Mein Pegham, Jawani Karti Hay Salam, O Papa Yoo Yoo..",Road To Swat,1970,Tasadduq Hussain,Mouj Lakhnavi,Mala,
Ankhon Say Tum Jana Nahin Door..,Parastish,1977,Wajid Ali Naashad,Taslim Fazli,Ahmad Rushdi,
Apna Jeevan Sheeshay Ka Khilona Hi To Hay..,Noukar,1975,M. Ashraf,Taslim Fazli,Mehdi Hassan,
"Apna Lahu, Phir Apna Lahu Hay, Aakhir Dil Tarpaye Ga..",Dushman,1974,Nisar Bazmi,Masroor Anwar,Masood Rana,
"Apna Unhen Jan Liya, Main Kaisay Usay Anjan Kahun..",Anjan,1970,Manzoor Ashraf,Khawaja Parvez,Mala,
"Apnay Bhayya Ki Shadi Mein Behna, Pehan Kar Motion Wala Gehna..",Palki,1975,Nashad,Shevan Rizvi,Naheed Akhtar,
"Apnay Hathon Ki Lakeeron Mein, Saja Lay Mujha Ko..",Dunya Gol Hay,1974,Nashad,Qateel Shafai,Shazia,
Apnay Honto Peh..,Bharosa,1977,A. Hameed,Qateel Shafai,Naheed Akhtar,
Apnay Liye To Sab Hi Jeetay Hayn Is Jahana Mein..,Daagh,1976,M. Ashraf,Kaleem Usmani,Mehnaz,
Apnay Qadmon Main Para Rehnay Dain Kaam Aain Gay..,Daaman Ki Aag,1976,M.A. Shaad,Taslim Fazli,Naheed Akhtar,
Apnay Qadmon Mein Rakh Lijye..,Tum Salamat Raho,1974,Nashad,Masroor Anwar,Mehdi Hassan,
Apnay Sanso Mein Basa Lo To Inayat Ho Gi..,Aurat Raj,1979,Rangeela,?,Rangeela,
Apnay Say Lagtay Hayn Ankhon Ko Beganay..,Pehchan,1975,Nisar Bazmi,Masroor Anwar,Naheed Akthar,
Apni Dunya Aap Basaen Gay Ham Dil Walay..,Anmol Mohabbat,1978,M. Ashraf,Riazur Rehman Saghar,Akhlaq Ahmad & Co.,
"Apni Har Khushi Teray Naam Kar Dun, Dil To Kya Zindagi..",Dushman,1974,Nisar Bazmi,Masroor Anwar,Noorjahan,
Apni Shadi Ka Ueh Sayhra..,Javani Deevani,1977,Nazir Ali,?,Ahmad Rushdi,
Apno Ki Mehfil Mein Ham Ban Kay Beganay Aye..,Reshma,1970,Amjad Bobby,Tanvir Naqvi,Mala,
Apno Nay Gham Diye To Mujhay Yaad Aa Geya..,Anjan,1970,Manzoor Ashraf,Khawaja Parvez,Mehdi Hassan,
"April Fool, April Fool (Title Song)..",April Fool,1977,Tasadduq Hussain,Mohammad Ikram,?,
"Arb-o-Ajam Nay Mana, Meri Nazar Ka Nishana, Ankhen Hayn Meri Qatil..",Shahi Faqeer,1970,Tasadduq Hussain,Mushir Kazmi,Irene Parveen,
Arosi Parosi Chahay Jo Bhi Kahay..,Gata Jaye Banjara,1972,Lal Mohammad Iqbal,?,?,
"Array Logo Pakro, Yeh Larka Deevana..",Mohabbat Aur Mehngai,1976,Kemal Ahmad,?,Naheed Akhtar,
Array Than Than Baba Aye Ho To Kab Aye Ho..,Maina,1970,Basheer Ahmad,Basheer Ahmad,Ahmad Rushdi,
"Array Tu Hay Bara Nadan, O Sajna..",Rangeela,1970,Kemal Ahmad,Kemal Ahmad,Irene Parveen,
"Array, Array, Array, Bachna Ray Babu Ray..",Doulat Aur Dunya,1972,Kemal Ahmad,?,Noorjahan,
"Array, Lag Jaye Na Nazar Kahin, Sadqa Utariye..",Chori Chori,1979,Nashad,Taslim Fazli,Imran Ali Nashad,
Asli Chehray Par Ham Nay Bhi Naqli Chehra Saja Liya..,Daaman Aur Chingari,1973,M. Ashraf,Masroor Anwar,Noorjahan,
"Aurto Apna Naam Badnam Na Karo, Mardo Ka Bazar Mein Neelan Na Karo..",Aurat Raj,1979,?,?,?,
Awaz Woh Jadoo Sa Jagati Hui Awaz..,Saheli,1978,M. Ashraf,Shabab Keranvi,Asad Amanat Ali Khan,
"Aya Sehwan Mein, Laaj Rakhio Meri,  Shehbaz Qalandar..",Parai Beti,1970,Nazar Sabir,Shabbi Farooqi,Mehdi Hassan & Co.,
"Aya Sehwan Mein, Laaj Rakhio Meri,  Shehbaz Qalandar..",Parai Beti,1970,Nazar Sabir,Shabbi Farooqi,Mehdi Hassan & Co.,
"Aye Ga Koi Aye Ga, Dharkan Dharkan Phool..",Tum Salamat Raho,1974,Nashad,Masroor Anwar,Mala,
"Ayi Ayi, Holi Ayi..",Pehli Nazar,1977,Master Inayat Hussain,Qateel Shafai,Ahmad Rushdi,
"Ayi Pyar Ki Bela Ray, Ayi Ray..",Mitti Kay Putlay,1974,M. Ashraf,Taslim Fazli,Mala,
"Ayo Is Saal, Mohabbat Ki Qasm Khayen Sanam..",BeWafa,1970,Nisar Bazmi,Kaleem Usmani,Ahmad Rushdi,
Ayo Karayn Iqrar Yun Dil Mein..,Insaniyat,1976,Nashad,Taslim Fazli,Mehdi Hassan,
"Baat Kya Hay, Kyun Nazar Sharmai Hay..",Reshma,1970,Amjad Bobby,Tanvir Naqvi,Runa Laila,
"Baaton Baaton Mein Agar Yeh Baat Barh Geyi To, Zara Soch Lo..",Aakhri Chattan,1970,Master Rafiq Ali,Mushir Kazmi,Mala,
"Babu Is Melay Mein, Jahan Kay Jhamelay Mein..",Shama Parvana,1970,Niaz Ahmad,M. Sultan,Runa Laila,
Babul To Duaen Deta Hay..,Barat,1978,M. Ashraf,Taslim Fazli,Mehdi Hassan,
"Baby, Tu Kitni Bari Ho Geyi..",Namak Harram,1974,Nashad,?,Ahmad Rushdi,
Bachpan Ki Woh Yaden Na Bhulana..,Zarq Khan,1973,Kemal Ahmad,?,Runa Laila,
Badaami Aankhon Wali..,Usay Dekha Usay Chaha,1974,Sohail Rana,Fyaz Hashmi,Ahmad Rushdi,
Badli Mein Chhupa Hay Chand..,Dushman Ki Talash,1978,Tafu,Ruby,A. Nayyar,
Badli Say Chakori Nikli..,Takrao,1978,Tafu,Khawaja Parvez,Mehnaz,
"Badlon Kay Tallay, Ham Yunhi Sham Dhalay..",Shama Aur Parvana,1970,Nisar Bazmi,Masroor Anwar,Mujeeb Alam,
"Bahar Ayi, Khulay Hayn Banwray Bhanwary, Nei Kalian Hayn Itrain..",Hamjoli,1970,M. Ashraf,Tanvir Naqvi,Irene Parveen & Co.,
Bahar Ban Kay Meri..,Qismat,1974,Nashad,Taslim Fazli,Noorjahan,
Bahar Ban Kay Meri Qismat Mein..,Qismat,1974,Nashad,Taslim Fazli,Mehdi Hassan,
"Bahar Hay Barsat, Bala Ki Sardi Hay..",Sachai,1976,Nisar Bazmi,Masroor Anwar,Mehnaz,
"Baharen, Teray Aanay Say..",Bobby And Julie,1978,Karim Shahabuddin,Adeem Hashmi,Alamgir,
Baharon Ki Manzil Bata Denay Waly..,Baharon Ki Manzil,1973,Nashad,Taslim Fazli,Noorjahan,
"Bahno Mein Bahnen Daal Kay, Thora Sa Waqt Nikal Kay..",Ham Sab Chor Hayn,1979,Nazir Ali,?,?,
"Bajao, Bajao, Meray Sang Tali..",2 Badan,1974,M. Ashraf,Khawaja Parvez,Nayyara Noor,
"Balma Ray, Hey Balma, Baba Ray, Kaisa Budha Pallay Mein Bandh Kay Chala..",Chalo Maan Geye,1970,Basheer Ahmad,Basheer Ahmad,Sabina Yasmin,
"Bambolay, Bolay Bolay.. Tujh Ko Jala Kar Rakh Na Kar Day..",Chori Chori,1979,Nashad,Taslim Fazli,Mehnaz,
"Ban Ja Banda, Banda Changa, Kar Mazdoori Aur Kha Choori..",Chakkarbaz,1974,Nashad,Taslim Fazli,Masood Rana,
"Ban Jati Hay Meri Qismat, Ho Jatay Waray Nyaray..",Jaal,1973,Nazir Ali,Masroor Anwar,Ahmad Rushdi,
Ban Kay Dulhan Aaj Ki Raat..,Dulhan Rani,1973,Nashad,?,Ahmad Rushdi,
"Ban Kay Madhosh, Meray Samnay Aya Na Karo..",Phir Chand Niklay Ga,1970,Sohail Rana,Anjum Keranvi,Ahmad Rushdi,
Ban Kay Panchhi Pyaray (classical)..,Badal Geya Insan,1975,Master Abdullah,Fyaz Hashmi,Master Abdullah,
Band Aankhon Mein Sapnay The..,Ganvar,1975,Nisar Bazmi,?,Mehdi Hassan,
"Banda To Gunahgar Hay, Mukhtar Hay Moula..",Soorat Aur Seerat,1975,M. Ashraf,?,Mehdi Hassan,
Bannay Kay Ghar Say Mehndi Laganay Koi Aa Geya..,Zeenat,1975,Nashad,Taslim Fazli,Noorjahan,
"Bansri Bajanay Walay, Neenden Churanay Walay..",Baadal Aur Bijli,1973,Sohail Rana,Sehba Akhtar,Noorjahan,
"Bant Raha Tha Jab Khuda, Sare Jahan Ki Naimten..",Nazrana,1978,M. Ashraf,Qateel Shafai,Mehdi Hassan,
"Banwra Mann, Aisay Dharka Na Tha..",Mohabbat,1972,Nisar Bazmi,?,Noorjahan,
Bara Maza Aya Larai Mein..,Gumrah,1975,Nashad,Taslim Fazli,Naheed Akthar,
Barf Kay Farsh Par..,Eisar,1975,Nisar Bazmi,Masroor Anwar,Tasawur Khanum,
"Bari Anjan Haseena Hay, Bari Nadan Haseena Hay..",Tera Gham Rahay Salamat,1973,M. Ashraf,Taslim Fazli,Masood Rana,
"Bari Bari Ankhen, Meray Dil Ko Tarpayen..",Daaman Aur Chingari,1973,M. Ashraf,Masroor Anwar,Ahmad Rushdi,
Bari Garmi Hay..,Aavara,1977,Master Inayat Hussain,?,Naheed Akhtar,
Bari Kehti Thi Dil Nahin Dun Gi.. Keh Chori Teri Pakri Geyi..,Raja Jani,1976,Amjad Bobby,Taslim Fazli,Ahmad Rushdi,
Bari Nadan Hayn Aaj Kal Kay Haseen..,Parchhaen,1974,Nashad,Taslim Fazli,Ahmad Rushdi,
"Barsat Ka Mousam Hay Sajjan, Door Na Jao..",Kharidar,1976,M. Ashraf,Kaleem Usmani,Naheed Akhtar,
"Barsat Ka Mousam Hay, Sajjan Door Na Jao..",Waqt,1976,Nashad,Taslim Fazli,Naheed Akhtar,
"Bas Geya Tu Sotanyon Kay Dawar, Sajna, Kahan Hay Tera Pyar..",Dosti,1971,A. Hameed,Qateel Shafai,Noorjahan,
"Bata A Dunya Walay, Yeh Kaisi Teri Basti Hay..",Dil Aur Dunya,1971,Kemal Ahmad,Kaleem Usmani,Rangeela,
"Bata A Meray Malik, Main Jaun Kahan..",Sharafat,1974,Robin Ghosh,Kaleem Usmani,Mehdi Hassan & Co.,
"Baten, Teri Meri Baten..",Nishani,1979,Jozi Anjum,Taslim Fazli,Naheed Akhtar,
Be Wafaon Say Wafa Na Mangiye..,Nazrana,1978,M. Ashraf,Qateel Shafai,Naheed Akhtar,
"Be-Hoshi Kay Aalam Mein, Madhoshi Kay Aalam Mein..",Insan,1977,Nazir Ali,Taslim Fazli,Mehnaz,
"Be-Iman, Chahun Tujhay Subah Shaam..",Jab Jab Phool Khilay,1975,M. Ashraf,Masroor Anwar,Mehdi Hassan,
"Be-Sharmi Ki Lay Peh Dholay, Janwaron Ki Boli Bolay..",Chakkarbaz,1974,Nashad,Taslim Fazli,Masood Rana,
"Be-Wafa Kon Hay, Kon Harjai Hay..",Shabana,1976,M. Ashraf,Taslim Fazli,Mehdi Hassan,
"Be-Wafa, Dekh Chukay Tera Pyar..",Saheli,1978,M. Ashraf,Shabab Keranvi,Naheed Akhtar,
"BeDardi Kaisi Saza Day Geya, Apna Bana Kay Dagha Day Geya..",Zindagi Kay Melay,1972,Manzoor,Taslim Fazli,Irene Parveen,
"Beetay Huway Din Ko Na Awaz Do, Na Woh Geet Chhero, Na Wo Saaz Do..",Maina,1970,Basheer Ahmad,Basheer Ahmad,Basheer Ahmad,
"Begum Jan, Bhala Kya Janay..",Begum Jan,1977,A. Hameed,Qateel Shafai,Naheed Akhtar,
"Behkay Qadm, Anjani Rahen..",Baadal Aur Bijli,1973,Sohail Rana,Khawaja Parvez,Akhlaq Ahmad,
"Behki Jawani, Yeh Dil Bhi Deevana Hay..",Sadhu Aur Sheitan,1973,Kemal Ahmad,Khawaja Parvez,Mala,
"Behna, Bhayya Ki Pyari Behna..",Sadhu Aur Sheitan,1973,Kemal Ahmad,Khawaja Parvez,Mehdi Hassan,
"Behna, O Meri Pyari Behna..",Sadhu Aur Sheitan,1973,Kemal Ahmad,Khawaja Parvez,Sultan Rahi,
Behte Khun Ko Daykh Rahay Ho..,Mohammad Bin Qasim,1979,Tasadduq Hussain,?,Mehdi Hassan,
Beta Nachay Dhinak Tin..,Insaniyat,1976,Nashad,Taslim Fazli,Ahmad Rushdi,
Bhabhi Main Tujh Par Qurban..,Masoom,1975,Khalil Ahmad,Muzaffar Warsi,Mala,
"Bhabhi, Meri Bhabhi, Tum Geo Hazaron Saal..",Anjuman,1970,Nisar Bazmi,Fyaz Hashmi,Ahmad Rushdi,
"Bhabhi, Meri Bhabhi, Tum Geo Hazaron Saal (sad)..",Anjuman,1970,Nisar Bazmi,Fyaz Hashmi,Ahmad Rushdi,
"Bhanday Kalli Kara Lo, Puranay Nawen Bana Lo (1)..",Susral,1977,M. Ashraf,Riazur Rehman Saghar,Mehdi Hassan,
"Bhanday Kalli Kara Lo, Puranay Nawen Bana Lo (2)..",Susral,1977,M. Ashraf,Riazur Rehman Saghar,Mehdi Hassan,
"Bhanwen Hovay Larai, Bhanwen Howay Jhagra..",Teray Meray Sapnay,1975,Kemal Ahmad,Taslim Fazli,Naheed Akhtar,
Bhanwroon Ki Tarah Kaliyo Say Milo..,Javani Deevani,1977,Nazir Ali,?,Ahmad Rushdi,
"Bhar Do Jholi Meri Ya Muhammad (saw), Lot Kar Na Main Jaun Ga Khali..",Bin Baadal Barsat,1975,Ghulam Farid,?,Ghulam Farid,
Bharak Rahi Hay Aag Hawaon Mein..,Salam-e-Mohabbat,1971,Khawaja Khursheed Anwar,Qateel Shafai,Mehdi Hassan,
Bhari Mehfil Mein Is Tarah Say Mehkay Ga Tera Sehra..,Palki,1975,Nashad,Shevan Rizvi,Noorjahan,
Bharm Rakh Lo Mohabbat Ka..,Dulhan Rani,1973,Nashad,?,Mala,
Bhayya Ka Tu Pukara..,Masoom,1975,Khalil Ahmad,Ahmad Faraz,Naheed Akhtar,
"Bheegay Bheegay Mousam Mein, Sathi Meray Aa Ja, Aa Ja..",Sharmili,1978,Karim Shahabuddin,Younis Hamdam,Ahmad Rushdi,
"Bheegi Bheegi Raat Mein, Yunhi Barsat Mein..",Waada,1976,Kemal Ahmad,Fyaz Hashmi,Mehdi Hassan,
"Bheegi Bheegi Raton Mein, Yunhi Baton..",Nazrana,1978,M. Ashraf,Qateel Shafai,Mehdi Hassan,
"Bheegi Bheegi, Thandi Hawa, Jhuki Jhuk Urti Ghata, Mousam Hay Deevana..",Ehsas,1972,Robin Ghosh,Akhtar Yousuf,Runa Laila,
Bheegi Hui Aankhon Ka Kajil..,BeMisal,1975,M. Ashraf,?,Mehdi Hassan,
Bheegi Hui Raat Hay Magar Jall Rahay Hayn Ham..,Noreen,1970,Nisar Bazmi,Kaleem Usmani,Mehdi Hassan,
"Bheegi Hui Raat Mein, Jaltay Huway Do Badan..",Jeenay Ki Rah,1977,Tafu,Khawaja Parvez,Naheed Akhtar & Co.,
"Bhola Bhola Mera Naam, Hansna Gana Mera Kaam..",Nadan,1973,Lal Mohammad Iqbal,?,Ahmad Rushdi,
"Bhool Hui Bari Bhool Hui, Jo Pyar Kiya..",Main Akela,1972,Bakhshi Wazir,?,Mala,
"Bhool Kar Ehd-e-Wafa, Mujh Ko Bhulanay Walay..",Najma,1970,Master Inayat Hussain,Qateel Shafai,Noorjahan,
"Bhool Sakta Nahin Yeh Dil Tujh Ko, Main Nay Yeh Azma Kay Dekh Liya..",Mohabbat Rang Laye Gi,1970,Nisar Bazmi,Masroor Anwawr,Mujeeb Alam,
Bhulai Jati Hay Ulfat..,Professor,1975,A. Hameed,Saifuddin Saif,Noorjahan,
"Bibi Jee Salam, Meray Dil Kay Naam, Koi Ho To Pegham..",Dushman,1974,Nisar Bazmi,Masroor Anwar,Rajab Ali,
Bijli Bhari Hay Meray Ang Ang Mein..,Koshish,1976,M. Ashraf,?,Naheed Akhtar,
"Bikhar Geye Baal, Badal Geyi Chaal..",Roop Behroop,1971,Lal Mohammad Iqbal,Taslim Fazli,Ivon Rafi,
"Bin Dekhay Tera Mukhra, Mann Kay Andhyaron Mein Chamkay..",Pyar Hi Pyar,1974,Nisar Bazmi,Taslim Fazli,Mehdi Hassan,
Bindiya Jo Chamki Tau Haye Main Samjhi..,Gata Jaye Banjara,1972,Lal Mohammad Iqbal,?,?,
Birha Ki Bheegi Sham..,Neiki Badi,1975,Nashad,Qateel Shafai,Shazia,
Bohat Khubsurat Hay Mera Sanam..,Aabshar,1978,M. Ashraf,?,Mehdi Hassan,
"Bol Be-Khabray, Ham Yaaron Mein Kon Tera Ustad Hay..",2 Baghi,1970,Manzoor Ashraf,Tanvir Naqvi,Masood Rana,
"Bol Bol Doeperia, Main Kahan Geyi Thi..",Mr. 420,1970,Lal Mohammad Iqbal,Dukhi Premnagri,Irene Parveen,
"Bol Gori, Bol, Na Na, Main To Say Na Bolun Gi..",Parai Beti,1970,Nazar Sabir,Mouj Lakhnavi,Ahmad Rushdi,
"Bol Ri, Guria Bol, Zara..",Aas,1973,Nisar Bazmi,Masroor Anwar,Nayyara Noor,
"Bol Sakhi Ri, Apnay Pyar Ko Kaisay Aaj Rajaun..",Haider Ali,1978,Khawaja Khursheed Anwar,Qateel Shafai,Mehnaz,
"Bujh Geya Dil, Phir Bhi Ankhon Mein Meri Barsat Hay ..",Phir Chand Niklay Ga,1970,Sohail Rana,Irshadul Haq Qadoosi,Noorjahan,
Bundoo Meri Machli..,Amber,1978,Robin Ghosh,Taslim Fazli,Tamanna,
"Burhapay Mein Dil Na Lagana, Baray Mian..",Jab Jab Phool Khilay,1975,M. Ashraf,Masroor Anwar,Ahmad Rushdi,
"Burray Phassay Bhayya, Yaad Aa Geyi Mujhay Mayya..",Namak Harram,1974,Nisar Bazmi,?,Ahmad Rushdi,
"ChaCha ChaChi Geye Karachi, Dar Nahin Kisi Baat Ka..",Aulad,1976,M. Ashraf,?,Naheed Akhtar,
"Chahay Budh Ho, Chahay Ho Jumerat..",Goonj Uthi Shehnai,1976,M. Ashraf,Taslim Fazli,Masood Rana,
"Chahay Hamen Tum Thukra Do, Ya Apna Bana Lo..",Waada,1976,Kemal Ahmad,Taslim Fazli,Noorjahan,
"Chal Diye O Sanam Dil Mera Tor Kar, In Andheron Mein Tanha Mujhay..",Shama Parvana,1970,Niaz Ahmad,M. Sultan,Mehdi Hassan,
"Chal Meray 2 Payyon Kay Ghoray Chal, Chal Chal Doray Chal..",Roshni,1975,Kemal Ahmad,Taslim Fazli,Ahmad Rushdi,
"Chal Meri Mastani, Nazul Shoukh Jawani, Dil Deevana Dharkay Ga..",Soudagar,1972,M. Ashraf,Khawaja Parvez,Mala,
"Chalay Hayn Dil Way, Road To Swat..",Road To Swat,1970,Tasadduq Hussain,Mouj Lakhnavi,Mala,
"Chalay Hayn Khushi Mein Lehra Kay, Nazron Mein Pyar Chhupa Kay..",Meray Hamsafar,1972,Sohail Rana,Masroor Anwar,Ahmad Rushdi,
"Chalay Ho Kahan, Zara Ruk Jao Jee..",Mera Naam Raja,1978,Bakhshi Wazir,?,Naheed Akhtar,
"Chalay Thandi Hawa ThamTham, Lay Lay Sayyan, Mujh Say Pyar Nibhanay..",Najma,1970,Master Inayat Hussain,Qateel Shafai,Ahmad Rushdi,
"Chali Ray, Main Na Rukun Gi Kain..",Insan,1977,Safdar Hussain,Fyaz Hashmi,Mehnaz,
Chalo Ik Faisala Kar Lain..,Mohabbat Aur Mehngai,1976,Kemal Ahmad,?,Naheed Akhtar,
"Chalo Kahin Door, Yeh Smaaj Chhor Den..",Samaj,1974,A. Hameed,Riazur Rehman Saghar,Mehdi Hassan,
"Chalo Maan Jao, Na Ab Yun Satao, Buhat Ho Chuka, Aao Jee, Pas Aao..",Meharban,1971,Basheer Ahmad,?,Basheer Ahmad,
Chalo Yunhi Roothay Raho..,Shararat,1975,Nisar Bazmi,Masroor Anwar,Mehdi Hassan,
"Chalun Lachakti Chaal, Jhatakti Rukh Peh Bikhray Baal..",Takht Aur Taj,1970,Rehman Verma,?,Mala,
Chamman Chamman Khili Hui..,Bikhray Moti,1975,Master Inayat Hussain,?,Mehdi Hassan,
Chamman Mein Gullon Ko Na Hans Hans Kay Dekh..,Jhuk Geya Aasman,1970,Deebo,Dukhi Premnagri,Mehdi Hassan,
"Champa Aur Chanbeli, Yeh Kalian Nei Naveli..",Dil Aur Dunya,1971,Kemal Ahmad,Saeed Gilani,Runa Laila,
Chand Ki Seij Peh Taron Say Saja Kay Sehra..,Jhuk Geya Aasman,1970,Deebo,Sehba Akhtar,Runa Laila & Co.,
"Chand Roja Jindagi, Jun Gujaar, Hanstay Gatay, Yaar..",Nasheman,1976,M. Ashraf,?,Ahmad Rushdi,
Chanda Meray Tu..,Angaray,1972,A. Hameed,Kaleem Usmani,Mala,
"Chanda Ray Chanda, Kuchh Tu Hi Bata Mera Afsana..",Baharo Phool Barsao,1972,Nashad,Shevan Rizvi,Noorjahan,
Chandni Aap Kay Qadmon Mein Simmat Ayi Hay..,Zebun Nisa,1976,Master Inayat Hussain,Kaleem Usmani,Rajab Ali,
"Chann Mahi Mera Jab Ghar Aye Ga, Mann Jhoomay Ga..",Saajan Rang Rangeela,1975,Nashad,?,Mala,
Charagho Ki Bijaye Ham Nay Dag-e-Dil Jalaye Hayn..,Charagh Kahan Roshni Kahan,1971,M. Ashraf,Kaleem Usmani,Masood Rana,
"Chehra Hay Tera Chand, Badan Taj Mahal..",Zubaida,1976,Kemal Ahmad,?,Mehdi Hassan,
"Chehray Peh Banawat Ka Ghusa, Ankhon Mein Chhalkata..",Baharon Ki Manzil,1973,Nashad,Taslim Fazli,Mala,
"Chehray Peh Banawat Ka Ghusa, Ankhon Mein Chhalkata..",Baharon Ki Manzil,1973,Nashad,Taslim Fazli,Ahmad Rushdi,
Chehray Peh Na Zulfen Bikhrana..,Noukar,1975,M. Ashraf,Taslim Fazli,Mehdi Hassan,
"Chhan Chhan Chhan, Mori Bajay Payeliya..",Pehli Nazar,1977,Master Inayat Hussain,Qateel Shafai,Noorjahan,
Chhanan Chhanan Barsay Badra Ray..,Baazar,1972,M. Ashraf,Shabab Keranvi,Runa Laila,
Chhannan Chhannan Bolen Kanwaray Kangna..,Saajan Rang Rangeela,1975,Nashad,?,Nayyara Noor,
"Chhap Tilak Sab Chheen Lei Ray, Mohsay Naina Milai Kay..",Roshni,1975,Kemal Ahmad,Riazur Rehman Saghar,Mehnaz,
"Chheir Koi Sargam Ragi, Taan Maar Kay Pathar Tor Dun..",Rangeela,1970,Kemal Ahmad,Kemal Ahmad,Rangeela,
"Chher Chhar Karun Ga, Awazar Karun Ga..",Phool Meray Gulshan Ka,1974,M. Ashraf,Masroor Anwar,Ahmad Rushdi,
"Chhoot Geya Teray Pyar Ka Daaman, Ab Ham Kis Ko Apna Kahen Gay..",Noreen,1970,Nisar Bazmi,Tanvir Naqvi,Noorjahan,
"Chhor Chalay, Ham Chhor Chalay, Yeh Shehar Tumhara Chhor Chalay..",Phir Chand Niklay Ga,1970,Sohail Rana,Anjum Keranvi,Ahmad Rushdi,
"Chhor Kar Chali Ho Tum Kahan, Jan-e-Jan..",Taqdeer Kahan Lay Ayi,1976,Manzoor,Ruby,Mujeeb Alam,
"Chhor Kay Sara Zamana, Tujh Say Pyar Kiya, Lut Jayen Tu Nay Agar..",Soudagar,1972,M. Ashraf,Khawaja Parvez,Ahmad Rushdi,
Chhor Kay Sari Dunya Ko Main Tujh Say Karun Gi Pyar..,Nazrana,1978,M. Ashraf,Qateel Shafai,Naheed Akhtar,
"Chhor Na Dena Mera Sath, Sathi..",Parastish,1977,Wajid Ali Naashad,Taslim Fazli,Mehnaz,
Chhoren Gay Na Daaman Kabhi Ik Doosray Ka Ham..,Al-Asifa,1971,Rehman Verma,?,Noorjahan,
Chhori Dholay Jungle Mein..,Sazish,1976,Kemal Ahmad,?,Mala,
Chhoti Si Dibya..,Aap Ka Khadim,1976,Khalil Ahmad,Taslim Fazli,Mehnaz,
"Chhoti Si Yeh Titli, Ur Kay Chali, Koi Lay Jaye Ga..",Anjan,1970,Manzoor Ashraf,Khawaja Parvez,Ahmad Rushdi,
Chhura Kay Aanchal Na Ja..,Janvar,1972,Lal Mohammad Iqbal,?,Ahmad Rushdi,
Chithi Jara Sayyan Jee Kay Naam Likh Day..,Dosti,1971,A. Hameed,Tanvir Naqvi,Noorjahan,
"Chor Chor Chor, Machaya Main Shor, Logo, Pakro..",Bin Baadal Barsat,1975,Shamim Nazli,Taslim Fazli,Mala,
"Chori Chori Sayyan, Tu Nay Likha Mora Naam Ray..",Mout Meri Zindagi,1979,Rafiq Ali,Ruby,Mehnaz,
Chori Karna Apna Kaam Hay..,Sachai,1976,Nisar Bazmi,?,Ahmad Rushdi,
Chowk Mein Khara Preshan..,Apnay Huay Paraey,1977,M. Ashraf,Masroor Anwar,Ahmad Rushdi,
"Chudrani Sarkar, Baalam Tera Tabedar..",Sayyan Anari,1976,Master Rafiq Ali,Riazur Rehman Saghar,Ghulam Abbas,
"Chun Kay Lai Kiran Phool, Daasi, Tori Karn..",Tipu Sultan,1977,Akhtar Hussain Akhian,?,Noorjahan,
"Chunri Dhalkay Gi, Payelia Chhankay Gi..",Paisa,1975,Nashad,?,Naheed Akhtar,
"Chup Chap Rehna, Kisi Say Na Kehna..",Neend Hamari Khab Tumharay,1971,M. Ashraf,Kaleem Usmani,Runa Laila,
"Chup Hayn Huzoor, Kyun, Dunya Say Door Kyun..",Ek Zalim Ek Haseena,1970,Altaf Mehmood,Shair Siddiqi,Firdousi Begum,
Come Away Come Away..,Dhamaka,1974,Lal Mohammad Iqbal,?,Saleem Shehzad,
"Daagh Woh Ham Ko Mila, Jeenay Say Nafrat Ho Gei..",Samaj,1974,A. Hameed,?,Mehdi Hassan,
"Daaman Chura Kay Na Ja Ray, Sanwriya..",Taqdeer Kahan Lay Ayi,1976,Manzoor,Ruby,Mala,
"Daaman Say Lipt Geya Deevana, Daaman Ka Bachana Mushkil Hay..",Shikva,1975,Nashad,Taslim Fazli,Mehdi Hassan,
"Daata, Teri Chokhat Peh Aya Ik Sawali..",Nasheman,1976,M. Ashraf,?,Ahmad Rushdi,
"Dada Jee, Apnay Potay Ko Samjhaen..",Parda Na Uthao,1974,M. Ashraf,?,Ahmad Rushdi,
Dadi Ammaan Ko Mubarak Ho..,Mujhay Galay Laga Lo,1976,Nazir Ali,?,Ahmad Rushdi,
"Dam, Dama Dama Mast, Pi Kay Zara Dekho, Aisa Maza Aye Ga..",Miss Hippy,1974,Robin Ghosh,?,Nayyara Noor,
Dambok Walay Babu..,Haivan,1975,A. Hameed,Taslim Fazli,Mehnaz,
Dard Utha Hay To Dil..,Neiki Badi,1975,Nashad,Qateel Shafai,Mala,
"Dard-e-Dil Kis Ko Sunayen, Koi Hamraz Nahin..",Mera Dil Meri Aarzoo,1971,M. Javed,?,Runa Laila,
"De Rahi Hay Maza, Be-Rukhi Aap Ki..",Neya Andaz,1979,A. Hameed,Qateel Shafai,Noorjahan,
"Deevana Hay, Deevana Hay, Ishq Mera Divana, Yeh Deevana, Mastana ..",Shirin Farhad,1975,Khawaja Khursheed Anwar,Qateel Shafai,Mehdi Hassan,
"Deevana Kahin Tum Ko Na, Deevana Bana Day..",Deevar,1976,M. Ashraf,?,Ghulam Abbas,
Dekh Kar Tujh Ko، Main Gham Dil Kay Bhula Deta Hun..,Mehman,1978,M. Ashraf,Masroor Anwar,Ghulam Abbas,
"Dekh Kay Dil Ka Kora Kaghaz, Likh Diya Main Nay Salaam..",Kora Kaghaz,1978,Nazir Ali,Taslim Fazli,Mehdi Hassan,
Dekh Kay Jis Ko..,Javab Do,1974,A. Hameed,?,Irene Parveen,
Dekha Jo Husn-e-Yaar Tabiyat..,Nazr-e-Karm,1979,Kemal Ahmad,?,Mehdi Hassan,
"Dekha Jo Husn-e-Yaar, Tabiyat Machal Gei..",Pyar Ka Mousam,1975,Tasadduq Hussain,Mouj Lakhnavi,Masood Rana,
Dekha Jo Mera Jalwa To Dil Tham Lo Gay..,Talash,1976,Nisar Bazmi,Masroor Anwar,Naheed Akhtar,
"Dekha Na Tha, Yeh Samaa, Teray Pyar Ka, Socha Na Tha..",Bobby And Julie,1978,Karim Shahabuddin,Adeem Hashmi,Alamgir,
Dekho Dekho Sanam Meharban Ho Gaya..,Zeenat,1975,Nisar Bazmi,Taslim Fazli,Naheed Akhtar,
"Dekho Jee Dekho, Yeh Larka Deevana..",Sadhu Aur Sheitan,1973,Kemal Ahmad,Khawaja Parvez,Noorjahan,
"Dekho Yeh Kon Aa Geya, Ban Kay Nasha Chha Geya..",2 Sathi,1975,Robin Ghosh,?,Akhlaq Ahmad,
"Dekho, Apnay Piya Say Yun Rootha Na Karo..",Mohabbat Rang Laye Gi,1970,Nisar Bazmi,Masroor Anwawr,Ahmad Rushdi,
"Dekho, Charagh-e-Jan Jalay, Raat Ho Geyi..",Khalish,1972,M. Ashraf,Kaleem Usmani,Mehdi Hassan,
"Dekho, Piya Raat..",Ab Ghar Janay Do,1979,M. Ashraf,Riazur Rehman Saghar,Naheed Akthar,
Des Parayay Janay Waly Waada Kartay Jana..,Daaman Aur Chingari,1973,M. Ashraf,Shabab Keranvi,Noorjahan,
"Dhak Dhina Dhin, Gaye Ray Jeearwa..",Anari,1975,M. Ashraf,Taslim Fazli,Ahmad Rushdi,
Dhalta Hua Woh Suraj Kehta Hay Kar Kay Ishara..,Chalo Maan Geye,1970,Basheer Ahmad,Basheer Ahmad,Basheer Ahmad,
Dhalta Hua Woh Suraj Kehta Hay Kar Kay Ishara (2)..,Chalo Maan Geye,1970,Basheer Ahmad,Basheer Ahmad,Basheer Ahmad,
Dharka Dil Mera Janay Kal Ho Kya..,Night Club,1971,Shamim Nazli,Khawaja Parvez,Mala,
"Dharkan Ek Hui To Yey Jana, Aaj Ham Dono Pyasay Hayn..","Roti, Kapra Aur Insan",1977,Bakhshi Wazir,?,Naheed Akhtar,
Dharti Bhi Jhoomay.. Masti Mein Phoolon Ko Chhomay Pawwan..,Payel,1970,Karim Shahabuddin,Shair Siddiqi,Sabina Yasmin,
"Dheeray Dheeray Zara Paun Utha, Teri Paun Ki Payel Shor Karay Gi..",Baadal Aur Bijli,1973,Sohail Rana,Sehba Akhtar,Masood Rana,
"Dholak Baja Kay Sahelian Bula Kay, Banray Kay Geet Main Gaun Gi..",Mr. Budhu,1973,Kemal Ahmad,Riazur Rehman Saghar,Mala,
Dholak Bajay Tha Tha Thayya..,Sayyan Anari,1976,Master Rafiq Ali,?,Afshan,
"Dholak Peh Jab Thap Paray Gi, Dhinak Dhinak Meray Yaar..",Phool Meray Gulshan Ka,1974,M. Ashraf,Masroor Anwar,Nadeem,
"Dhondho Ray Mera Dil, Hua Gum, Lut Geyi Main To Aaj..",Yeh Rastay Hayn Pyar Kay,1970,Azam Baig,Fyaz Hashmi,Noorjahan,
Dhoondh Rahi Theen Na-Janay Kab Say..,Teri Soorat Meri Ankhen,1971,Nashad,?,Mala,
Dhuen Ki Lakeeren..,Masoom,1975,Khalil Ahmad,Muzaffar Warsi,Ahmad Rushdi & Co.,
"Dhumma Dhumman Tarrak, Sohniye..",Susral,1977,M. Ashraf,Riazur Rehman Saghar,Mehdi Hassan,
"Di Mubarakbad Us Nay, Shukriya Is Dillagi Ka..",Mohabbat,1972,Nisar Bazmi,?,Runa Laila,
Dil Beich Kay Main Dil Ka Kharidar Beich Dun..,Achhay Mian,1978,M. Ashraf,?,Ahmad Rushdi,
"Dil Bhi Tumhara Hay, Ham Bhi Tumharay Hayn..",Insaf Aur Qanoon,1971,M. Ashraf,Taslim Fazli,Mala,
"Dil Day Baithi Nadani Mein, Aag Laga Di Yun Pani Mein..",Sharmili,1978,Karim Shahabuddin,Younis Hamdam,Naheed Akhtar,
"Dil Day Lay, Dil Lay Lay, Yeh Zindagi Kay Melay Hayn..",Zindagi Kay Melay,1972,Manzoor,Taslim Fazli,Tasawur Khanum & Co.,
"Dil Dharka, Chhanak Geya Kangna Ray..",Baghi Haseena,1973,M. Ashraf,Khawaja Parvez,Noorjahan,
"Dil Dharkay, Main Tum Say, Yeh Kaisay Kahun..",Anjuman,1970,Nisar Bazmi,Masroor Anwar,Runa Laila,
"Dil Dharke, Mera Dil Dharkay..",Tum Salamat Raho,1974,Nashad,Masroor Anwar,Noorjahan,
"Dil Diya Bhool Hui, Dil Ki Dil Hi Mein Rahi..",Izzat,1975,A. Hameed,Taslim Fazli,Mehdi Hassan,
"Dil Hay To Dil Say Kaam Lijiye, Day Kay Sahara Mujhay Thaam Lijiye..",Reshma,1970,Amjad Bobby,Tanvir Naqvi,Runa Laila,
"Dil Ho Geya Deevana, Bara Samjhaya, Magar Na Mana..",Aakhri Chattan,1970,Master Rafiq Ali,Khawaja Parvez,Mala,
Dil Ka Phool To Mehkay Ga..,Bobby And Julie,1978,Karim Shahabuddin,Adeem Hashmi,Alamgir,
Dil Ki Baat Zaban Say Keh Do..,Daaman Ki Aag,1976,M.A. Shaad,Taslim Fazli,Mehdi Hassan,
"Dil Ki Dharkan Ban Kay Saajan, Aap Milay Jaisay Ho..",Maina,1970,Basheer Ahmad,Basheer Ahmad,Mala,
"Dil Ki Dharkan Pukaray Tera Naam, Sajna..",Anhoni,1973,Lal Mohammad Iqbal,?,Runa Laila,
"Dil Ki Dharkan, Madham Madham, Nazren Milen Aur Jhuk Jayen..",Jaal,1973,Nazir Ali,Khawaja Parvez,Ahmad Rushdi,
"Dil Kisi Ka Ho Geya Hay, Deevana Deevana..",Zarq Khan,1973,Kemal Ahmad,?,Runa Laila,
"Dil Kisi Ko Diya, Pyar Ham Say Kiya, Ja Ray Ja, BeWafa..",Bohat Khoob,1978,Nazir Ali,Taslim Fazli,Samar Iqbal & Co.,
"Dil Ko Jalana Ham Nay Chhor Diya, Chhor Diya..",Mohabbat Zindagi Hay,1975,M. Ashraf,Masroor Anwar,Ahmad Rushdi,
Dil Ko Jalanay Say Kaam Nahin Chalta..,Mehman,1978,M. Ashraf,Masroor Anwar,Ahmad Rushdi & Co.,
"Dil Ko Jalay Mera Sohna Mahi, Dil Hua Mujh Say Begana..",BeImaan,1973,Kemal Ahmad,Khawaja Parvez,Noorjahan,
"Dil Ko Kisi Dil Say, Jab Pyar Ho Jata Hay..",Anmol Mohabbat,1978,M. Ashraf,Riazur Rehman Saghar,Mehdi Hassan,
Dil Lay Kay Kabhi To Deikho..,Ilzam,1972,Nashad,?,Noorjahan,
"Dil Lay Kay Mukkar Geya Heye, Sajjan Be-Iman Nikla..",Shikar,1974,A. Hameed,Taslim Fazli,Mala,
Dil Mein Dildar Rehta Hay..,Mohabbat Aur Mehngai,1976,Kemal Ahmad,Taslim Fazli,Mehnaz,
"Dil Mein To Mohabbat Hay Leikn, Kehtay Huay Kyun Sharmatay Ho..",Afsana Zindagi Ka,1972,M. Ashraf,?,Mehdi Hassan,
Dil Mein Toofan Chhupaye Baitha Hun..,Neiki Badi,1975,Nashad,Qateel Shafai,Mehdi Hassan,
Dil Mein Tu..,Neya Andaz,1979,A. Hameed,Qateel Shafai,Naheed Akhtar,
"Dil Mein, Nazar Mein, Teri Tamanna Liye Huway..",Payel,1970,Karim Shahabuddin,Shair Siddiqi,Mohammad Nabi,
Dil Mera Lehraye..,Inteqam Kay Sholay,1976,Karim Shahabuddin,Masroor Anwar,Mehnaz,
"Dil Nisar Tum Par, Jan Nisar Tum Par..",Sindbad,1975,Master Abdullah,?,Noorjahan & Co.,
"Dil Peh Hamray, Koi Na Janay..",Intezar,1974,Nisar Bazmi,Masroor Anwar,Robina Badar,
Dil Sajdon Mein Laga..,Inqilab,1978,M. Javed,M. Hussain Khawar,Naheed Akhtar & Co.,
Dil Sanbhala Na Jaye..,Mohabbat Zindagi Hay,1975,M. Ashraf,Masroor Anwar,Naheed Akhtar,
"Dil Sanbhl, Ab Chal Nikkal, Tu Is Jahan Say.,..",Pyar Ka Mousam,1975,Tasadduq Hussain,Mouj Lakhnavi,Masood Rana,
"Dil Tarsey Deedar Kay Liye, Surat Aa Kay Dikha Sajna..",Rastay Ka Pathar,1976,Nashad,Masroor Anwar,Noorjahan,
Dil Teri Yaad Mein Jab Bhi Ghabraye Ga..,Shama Aur Parvana,1970,Nisar Bazmi,Masroor Anwar,Mujeeb Alam,
Dil To Deevana Hay Mera..,2 Aansoo,1976,Nazir Ali,Taslim Fazli,Ahmad Rushdi,
"Dil Tornay Waly, Zara Ankh Mila Lay..",Mehboob Mera Mastana,1976,Nashad,Taslim Fazli,Ahmad Rushdi,
"Dil Tum Ko Day Diya Hay, Is Ka Khayal Rakhna..",Naseeb Apna Apna,1970,Lal Mohammad Iqbal,Masroor Anwar,Ahmad Rushdi,
Dil Walo Ik Kaam Karo..,Gora Kala,1977,Nazir Ali,Taslim Fazli,Mehdi Hassan,
"Dil, Deewana Dil, Na Janay Kyun Dharakta Rehta Hay..",Nanha Farishta,1974,M. Ashraf,Kaleem Usmani,Naheed Akhtar & Co.,
"Dil-e-Beqarar Ko, Qarar Aa Geya Hay..",Badal Geya Insan,1975,Master Abdullah,Ahmad Rahi,Noorjahan,
Dilbar Aur Dildar Kharido..,Laila Majnu,1974,Nisar Bazmi,Saifuddin Saif,Runa Laila,
"Dilbar Dil Mein Samaa Geya, Chori Chori..",Sacha Jhoota,1974,M.A. Shaad,Taslim Fazli,Noorjahan,
"Dilbar O Meray Dilbar, Yun Mujh Ko Chhor Kar Chalay Kahan..",Honeymoon,1970,Javed Sarwar,Tanvir Naqvi,Ahmad Rushdi,
"Dildara, Dildara, Ho Dildara, Tera Ik Ishara..",Haar Geya Insan,1975,Nisar Bazmi,Riazur Rehman Saghar,Mala,
"Dildara, Mujhay Teri Nazar Nay Mara Ray..",Jalay Na Kyun Parvana,1970,Nashad,Taslim Fazli,Ahmad Rushdi,
Dillagi Mein Aisi Dil Ko Lagi Keh Dil Khoh Geya..,Dillagi,1974,Master Rafiq Ali,Riazur Rehman Saghar,Noorjahan,
"Dillun Mann Leyi, Teri Ban Geyi, Dil Jania..",Ucha Naa Pyar Da,1971,Tafu,Khawaja Parvez,Mala,
Dilon Kay Kheil Ka Jawani Naam Hay..,Noreen,1970,Nisar Bazmi,Masroor Anwar,Mala,
"Din Dhal Gya, Suraj Ka Kahin Naam Nahin Hay..",Afshan,1971,Nashad,Taslim Fazli,Mala,
Din To Kat Jata Hay..,Inteqam Kay Sholay,1976,Karim Shahabuddin,Masroor Anwar,Naheed Akhtar,
"Din Yeh Phiren Gay, Gham Na Rahen Gay..",Anjan,1970,Manzoor Ashraf,Khawaja Parvez,Mala,
"Dinva Dinva Main Ginnu, Kab Ayen Gay Sanwariya..",Mann Ki Jeet,1972,M. Ashraf,Taslim Fazli,Runa Laila,
Do Ghari Aur Rukk Jao..,BeMisal,1975,M. Ashraf,?,Mehdi Hassan,
Do Qadam Chal Kay Mujhay Chhor Kay Janay Walay..,Neelaam,1974,Nashad,Taslim Fazli,Noorjahan,
Don't Be Silly..,Sabaq,1972,Nisar Bazmi,Kaleem Usmani,Runa Laila,
"Dono Mil Kar Qasmen Khayen, Dilon Ko Gawah Rakhen..",Banda Bashar,1971,Wajahat Attray,Khawaja Parvez,Masood Rana,
Door Ham Tujh Say Ho Geye Leikan..,Baharon Ki Manzil,1973,Nashad,Taslim Fazli,Noorjahan,
"Dosti Tum Say, Dushmani Tum Say..",Prince,1978,Kemal Ahmad,Khawaja Parvez,Mehnaz,
"Dosti, Paun Ki Zanjeer Bani Jati Hay..",Mann Ki Jeet,1972,M. Ashraf,Ehsan Danish,Mehdi Hassan,
Dukh Mein Aakhir Ji Behlna..,Pyasa,1973,Nisar Bazmi,?,Ahmad Rushdi,
"Dukhia Ghatao, Jao, Piya Ko Ja Kay Batao..",Darinda,1970,Gul Haidar,Ahmad Nadeem Qasmi,Nazir Begum,
"Dukhya Maa Kay Raj Dularay, So Ja, So Ja Ray..",Kousar,1969,Inayat Hazrawi,Qateel Shafai,Naseem Begum,
Dulhan Ban Jaye Gi Hamari Guriya..,Neelaam,1974,Nashad,Taslim Fazli,Mala,
Dulhan Ban Kay Raat Ayi..,Rootha Na Karo,1971,Sohail Rana,?,Irene Parveen,
"Duniya Kab Chup Rehti Hay, Kehnay Day Jo Kehti Hay..",Pehli Nazar,1977,Master Inayat Hussain,Qateel Shafai,Noorjahan,
"Duniya Main Piyar Nahain Milay Ga, Dil Ko Qarar Nahin Milay Ga..",Night Club,1971,Shamim Nazli,Khawaja Parvez,Mala & Co.,
"Dunya Ek Paheli Hay, Tara Ra Ra Ru, Dunya Ek Fasana Hay, Tara Ra Ra Ru..",Anokhi,1976,M. Ashraf,Kaleem Usmani,Naheed Akhtar,
"Dunya Hay Dil Ki Kali, Munh Peh Karay Taareef..",Badal Geya Insan,1975,Master Abdullah,Mushir Kazmi,Afshan,
Dunya Kay Samnay Kis Munh Say Tera Naam Lun ..,Samaj,1974,A. Hameed,?,Noorjahan,
Dunya Ki Jo Baten Hayn..,Aap Ka Khadim,1976,Khalil Ahmad,Masroor Anwar,Ahmad Rushdi,
"Dunya Ki Raho Mein, Hathon Mein..",Nishani,1979,Jozi Anjum,Taslim Fazli,Mehdi Hassan,
Dunya Ki Rahon Mein..,Nishani,1979,Jozi Anjum,Taslim Fazli,Naheed Akthar,
Dunya Ki Rasmon Say Daaman Koi Bachaye Kaisay..,Goonj Uthi Shehnai,1976,M. Ashraf,Taslim Fazli,Mala,
Dunya Ki Sharafat Dekh Kar..,Sharafat,1974,Robin Ghosh,Kaleem Usmani,Runa Laila,
"Dunya Ko Ab Kya Samjhaen, Kya Jeetay Ham, Kya Haar Geye..",Bazi,1970,Sohail Rana,Fyaz Hashmi,Mehdi Hassan,
Dunya Mein Ham Ko Gham Kay..,Soorat Aur Seerat,1975,M. Ashraf,?,Mehdi Hassan,
"Dunya Mein Kahin Insaf Nahin, Har Zulm Saho, Khamosh Raho..",Badguman,1972,Tasadduq Hussain,?,Mala,
"Dunya Mein Wohi Khush Qismat Hay, Jisay Pyar Kisi Ka Mil Jaye..",Tera Gham Rahay Salamat,1973,M. Ashraf,Khawaja Parvez,Mehdi Hassan,
Dunya Mein Zindagi Ka Jab Naam..,Mohabbat Ek Kahani,1977,M. Ashraf,Taslim Fazli,Mehdi Hassan,
"Dunya Say Kya Gharz, Meri Dunya To Aap Hayn..",Anmol Mohabbat,1978,Robin Ghosh,Riazur Rehman Saghar,Mehnaz,
"Dunya Say Tujh Ko Chura Lun, Is Dil Ki Tujh Ko Bana Lun Dharkan..",Anmol Mohabbat,1978,M. Ashraf,Riazur Rehman Saghar,Mehdi Hassan,
"Dunya Walay, Kaisa Nirala Tera Yeh Sansaar Hay (1)..",Charagh Kahan Roshni Kahan,1971,M. Ashraf,Kaleem Usmani,Masood Rana,
"Dunya Walay, Kaisa Nirala Tera Yeh Sansaar Hay (2)..",Charagh Kahan Roshni Kahan,1971,M. Ashraf,Kaleem Usmani,Masood Rana,
"Dunya Walo, Jahez Ki Laanat, Aaj To Hay, Kya Kal Bhi Rahya Gi..",Aaj Aur Kal,1976,Khalil Ahmad,Taslim Fazli,Noorjahan,
"Dunya Walo, Tumhari Dunya Mein, Yun Guzari Hay Zindagi Ham Nay..",Soughat,1970,Sohail Rana,Masroor Anwar,Mujeeb Alam,
"Dunya, Ajeeb Bazar Hay..",Mulaqat,1973,Nisar Bazmi,Kaleem Usmani,Mehdi Hassan,
"Eh Gall Na Bhulavin, Jind Meriye..",Muthi Bhar Chaval,1978,Kemal Ahmad,?,Mehnaz,
"Eid Ka Din Hay, Galay Ham Ko Laga Kar Milye..",Intezar,1974,Nisar Bazmi,Masroor Anwar,Mehdi Hassan,
"Eid Ka Din Hay, Gallay Hans Kay Laga Lo..",Angaray,1972,A. Hameed,Kaleem Usmani,Mala,
Ek Aanay Ki Guriya Aur Do Aanay Ka Mor Hay..,Gharana,1973,M. Ashraf,Kaleem Usmani,Ahmad Rushdi,
Ek Ajnabi Haseena Aankhoo Ku..,Jaltay Suraj Kay Neechay,1971,Subal Das,Masroor Anwar,Ahmad Rushdi,
"Ek Baat Kahun, Dil Ka Raz Kahun..",Ilzam,1972,Nashad,?,Runa Laila,
Ek Chehra Meray Khawabon Mein Basa Rehta Hay..,Prince,1978,Kemal Ahmad,Khawaja Parvez,Mehnaz,
"Ek Farmaish Hay, Keh Apna Dil Mujh Ko Day Do..",Ham Sab Chor Hayn,1979,Nazir Ali,?,Mehnaz,
"Ek Haath Peh Suraj Rakh Do, Eik Haath Peh Chand..",Daaman Aur Chingari,1973,M. Ashraf,Qateel Shafai,Noorjahan,
Ek Haseen Masoom Sa Chehra..,Main Bani Dulhan,1974,Nazir Ali,?,Mehdi Hassan,
"Ek Jawani, Lakh Deevanay, Kis Kis Ko Samjhaun..",Pyar Ka Mousam,1975,Tasadduq Hussain,Mouj Lakhnavi,Noorjahan & Co.,
Ek Jhalak Dikhlay Day Meray Yaar Ki..,Mr. Ranjha,1979,Rajab Ali,?,Mehdi Hassan,
"Ek Main, Ek Tu, Ek Jism, Ek Jan, Yeh Millan Dekhay Ga Sara Jahan..",April Fool,1977,Tasadduq Hussain,Mohammad Ikram,A. Nayyar,
Ek Pal Tu Ruko Ham Say Waada Karo..,Angaray,1972,A. Hameed,Kaleem Usmani,Irene Parveen,
"Ek Say Do Ho Jayen Gay, Phir Do Say Hongya 3..",Bahisht,1974,A. Hameed,?,Robina Badar,
Ek Thi Guriya Bari Bholi Bhali..,2 Sathi,1975,Robin Ghosh,?,Nayyara Noora,
"Ek Thi Larki Bholi Bhali, Kanwal Say Koray Nain Thay Us Kay..",Ek Thi Larki,1973,M. Ashraf,?,Ghulam Ali,
Europe Ki Haseen Sunehri Zulf..,Pardes,1972,Nazir Ali,?,Ahmad Rushdi,
"Faryad Hay, Elahi, Tooti Hay Buri Tarah Gharibon Peh Tabahi..",Kirdar,1970,Jameel Khusro,Aarzoo Akbarabadi,Noorjahan,
Filhal Pyar Karnay Ka Irada Nahin..,Mom Ki Guriya,1976,Robin Ghosh,?,Akhlaq Ahmad,
"Ga Meray Deevanay Dil, Is Dunya Say Kya Hasil..",Doulat Aur Dunya,1972,Kemal Ahmad,?,Mehdi Hassan,
"Gaddi Thak Thak Karay, Dil Dhak Dhak Karay..",Har Fun Maula,1979,Wajahat Attray,Khawaja Parvez,Naheed Akhtar,
"Gali Gali Main Hun Badnam, Raja Raja O Raj Mera Naam..",Mera Naam Raja,1978,Bakhshi Wazir,?,Masood Rana,
"Gali Gali Mein Charchay Hayn, Gali Gali Mein Afsanay..",Moashra,1975,A. Hameed,Taslim Fazli,Naheed Akhtar,
"Gali Gali Nachen Banjaray, Dekhen Baray Nazaray..",Sipah Salar,1972,Rehman Verma,?,Masood Rana,
Galian Galian Dhoond Rahi Hun..,Baadal Aur Bijli,1973,Sohail Rana,Khawaja Parvez,Noorjahan,
"Galiyon Mein Bazaron Mein, Batein Teray Meray Pyar Ki..",Na Chhura Sako Gay Daaman,1975,M.A. Shad,?,Ahmad Rushdi,
"Gao Geet Gao Pyar Kay, Ho Jamalo..",Roop Behroop,1971,Lal Mohammad Iqbal,Taslim Fazli,Runa Laila,
Gar Ijazat Ho To Yeh Shab Mukhtasar Honay Na Dun..,Aashna,1970,Nisar Bazmi,Suroor Barabankvi,Mala,
Gar Ijazat Ho To Yeh Shab Mukhtasar Honay Na Dun..,Aashna,1970,Nisar Bazmi,Suroor Barabankvi,Ahmad Rushdi,
"Gatay Raho, Muskaratay Raho..",Intekhab,1978,Nisar Bazmi,Masroor Anwar,Naheed Akhtar,
"Gentleman, Genleman, Mera Naam Ho Geya..",Anari,1975,M. Ashraf,Taslim Fazli,Ahmad Rushdi,
"Geya Seena Chhann, Geyin Neenden Chhin....",Roop Behroop,1971,Lal Mohammad Iqbal,Taslim Fazli,Runa Laila,
Gham Beich Kar Haseeno Say Rahat Kharidye..,Dil Nasheen,1975,M. Ashraf,Masroor Anwar,Naheed Akhtar,
"Gham Bhula Kar Nach A Dil, Khushion Say Door Sahi..",Naseeb Apna Apna,1970,Lal Mohammad Iqbal,Masroor Anwar,Mala,
Gham Ki Barish Nay Bhi Teray Naqsh Ko Dhoya Nahin..,Kharidar,1976,M. Ashraf,?,Naheed Akhtar,
Gham Na Karo Dil Walo..,Zubaida,1976,Kemal Ahmad,Riazur Rehman Saghar,Naheed Akhtar,
Ghar Aaney Wala Hay Ik Anjana..,Tehzeeb,1971,Nisar Bazmi,Saifuddin Saif,Runa Laila,
"Ghar Ghar Mein Hayn Maa Kay Ladlay, Ghar Ghar Mein Ik Maa Hay..",Badguman,1972,Tasadduq Hussain,?,Irene Parveen,
Ghar Gulabi Shaam Hay..,Bharosa,1977,A. Hameed,Qateel Shafai,Naheed Akhtar & Co.,
Gharib Phir Gharib Hay..,Begum Jan,1977,A. Hameed,Qateel Shafai,Mehdi Hassan,
"Ghayel Hun Main, Qatil Ho Tum, Kaisay Bataun, Kaisay Chhupaun..",2 Daku,1978,Kemal Ahmad,Taslim Fazli,Naheed Akhtar,
"Ghor Andhera Chhat Jaye Ga, Suraj Hay Bas Nikalnay Wala..",Hamlog,1970,Tasadduq Hussain,Muzaffar Warsi,Mehdi Hassan,
"Ghor Say Mujh Ke Dekh, Main Hun Lakhon Mein Ek..",Reshma,1970,Amjad Bobby,Tanvir Naqvi,Mala,
Ghor Say Mujh Ko Dekh Keh Main Hun Lakhon Mein Say Ek..,BeQasoor,1970,Manzoor Ashraf,Tanvir Naqvi,Ahmad Rushdi,
"Ghuncha Sa Dayhan, Jhula Sa..",Chori Mera Kaam,1978,Kemal Ahmad,?,Mehdi Hassan,
Ghunghroo Bandh Liye..,Professor,1975,A. Hameed,Qateel Shafai,Noorjahan,
Ghungroo Saray Mil Kar Bolen..,Mulaqat,1973,Nisar Bazmi,Kaleem Usmani,Runa Laila,
Ghusay Mein Gulabi Gaal..,Khalish,1972,M. Ashraf,Kaleem Usmani,Ahmad Rushdi,
Ghussay Peh Apnay Pchhtao Gay Ik Din Zara Tum..,BeWafa,1970,Nisar Bazmi,Masroor Anwar,Ahmad Rushdi,
Gila To Yeh Hay Keh Kyun Ham Nay Tujh Say Pyar Kiya..,Afsana,1970,Nashad,Tanvir Naqvi,Mala,
Gol Mol Batain Karen Ham Kiyun..,Aabshar,1978,M. Ashraf,?,Naheed Akhtar,
"Goray Goray Gal Peh, Kala Kala Till Ray..",Gharana,1973,M. Ashraf,Kaleem Usmani,Ahmad Rushdi,
"Goray Goray Galon Wali, Kalay Kalay Balon Wali..",Nanha Farishta,1974,M. Ashraf,Kaleem Usmani,Ahmad Rushdi,
"Goray Mukhray Say Ghoonghat Sirka Day, Nahin To Ho Gi Larai Ray..",Haar Geya Insan,1975,Nisar Bazmi,Riazur Rehman Saghar,Masood Rana,
"Goray Mukhray Say Zulfen Hata Do, Badli Say Chand Niklay..",Charagh Kahan Roshni Kahan,1971,M. Ashraf,Kaleem Usmani,Masood Rana,
"Gori Ki Adaon Say Bahar Chhalkay, Heye Yeh Nigahen Array Touba..",Pyar Ka Mousam,1975,Tasadduq Hussain,Mouj Lakhnavi,Ahmad Rushdi,
"Gori Phool Sa Gulabi Rang Tera, Karay Ga Badnam..",Neya Savera,1970,Tasadduq Hussain,Qateel Shafai,Noorjhana,
Gori Phoolon Mein..,Masoom,1975,Khalil Ahmad,Muzaffar Warsi,Mehnaz & Co.,
"Gori, Kano Mein Pehan Kay Jo Jhumka, Liya Tu Nay Thumka..",Pehli Nazar,1977,Master Inayat Hussain,Qateel Shafai,Mehdi Hasan,
"Gori, Rain Millan Ki Ayi, Key Nain Teray Kajray Bharay..",Dosti,1971,A. Hameed,Tanvir Naqvi,Noorjahan & Co.,
Greban Chak Kar Liya Ham Nay..,Teri Soorat Meri Ankhen,1971,Nashad,?,Mala,
"Gulab Jaisi Hay Teri Soorat, Farishton Jaisi Teri Hansi Hay..",Ek Phool Ek Pathar,1970,Nashad,Taslim Fazli,Ahmad Rushdi,
"Gulshan Mein Baharan Hay, Aap Kay Dam Say Hi..",Badal Geya Insan,1975,Master Abdullah,?,Noorjahan,
"Gulshin Mein Jissay Dhoonda, Sehra Mein Pukar Aye..",Ek Raat,1972,Nashad,Taslim Fazli,Mehdi Hassan,
Gunahgar Tera Karm Chahtay Hayn..,Insan Aur Sheitan,1978,Kemal Ahmad,?,Masood Rana,
"Gungunati Hui, Lehrati Hui Raat Ayi..",Neya Savera,1970,Tasadduq Hussain,Qateel Shafai,Noorjahan,
"Gungunati Hui, Lehrati Hui Raat Ayi..",Neya Savera,1970,Tasadduq Hussain,Qateel Shafai,Ahmad Rushdi,
"Guzarash Hay, In Ankhon Ki, Mujhay Weeranian Day Den..",Mohabbat Mar Nahin Sakti,1977,Nashad,Taslim Fazli,Mala,
"Ha Ha Ha, Shirin, Shirin, Jan-e-Farhad..",Shirin Farhad,1975,Khawaja Khursheed Anwar,Qateel Shafai,Mehdi Hassan & Co.,
"Haan, Bohat Khoob, Bohat Khoob, Bohat Khoob Hun Main..",Bohat Khoob,1978,Nazir Ali,Taslim Fazli,Ahmad Rushdi,
"Haar Gya Insan Khuda Say, Haar Geya Insan..",Haar Geya Insan,1975,Nisar Bazmi,Riazur Rehman Saghar,Masood Rana,
Hai Kahan Woh Kali Jo Kabhi..,Anhoni,1973,Lal Mohammad Iqbal,Dukhi Premnagri,Ahmad Rushdi,
Hal-e-Dil Aaj Ham Sunaye Gay..,Charagh Kahan Roshni Kahan,1971,M. Ashraf,Kaleem Usmani,Mala,
Hal-e-Dil Aaj Ham Sunaye Gay..,Charagh Kahan Roshni Kahan,1971,M. Ashraf,Kaleem Usmani,Masood Rana,
"Hal-e-Dil Kya Kahen, Aap Kay Samnay..",Meri Zindagi Hay Naghma,1972,Nisar Bazmi,Shevan Rizvi,Mala,
"Ham Aap Kay Hayn Janab-e-Aali, Na Ham Say Itna Hijab Kijiye..",Afsana,1970,Nashad,Tanvir Naqvi,Ahmad Rushdi,
"Ham Apnay Dil Ka Afsana, Zaban Par La Nahin Saktay..",Zebun Nisa,1976,Master Inayat Hussain,Kaleem Usmani,Mala,
Ham Apni Jan Say Barh Kay Watan Say Pyar Kartay Hayn..,2 Baghi,1970,Manzoor Ashraf,Tanvir Naqvi,Masood Rana & Co.,
"Ham Bhi Kanwara Hay, Tum Bhi Kanwara Hay, Lovely Situation Hay..",Dara,1976,Rehman Verma,?,Naheed Akhtar,
Ham Bichhar Jaein Gay Sada Kay Liye..,Zaroorat,1976,A. Hameed,Saifuddin Saif,Masood Rana,
"Ham Chalay Is Jahan Say, Dil Uth Geya Yahan Say..",Dillagi,1974,Master Rafiq Ali,Mushir Kazmi,Mehdi Hassan,
"Ham Chalay To Hamaray, Sung Sung Nazar Ay Chelen..",Jageer,1975,Nisar Bazmi,Masroor Anwar,Alamgir,
"Ham Dono, Itna Pyar Karen Gay..",Baray Mian Divanay,1977,Kemal Ahmad,?,Ahmad Rushdi,
"Ham Eik Doosray Say Khafa Ho Kay Dekhen, Buhat Mil Chukay..",Tarana,1979,M. Ashraf,Masroor Anwar,Mehnaz,
"Ham Hayn Deevanay Teray, Ashiq Parwanay Teray..",Aakhri Chattan,1970,Master Rafiq Ali,Mushir Kazmi,Mala & Co.,
"Ham Hayn Sipahi, Fatah Kay Rahi, Ham Say Jo Takraye Ga..",2 Baghi,1970,Manzoor Ashraf,Tanvir Naqvi,Masood Rana,
"Ham Hayn Tumharay Rishtadar, Tum Mano Ya Na Mano..",Parai Beti,1970,Nazar Sabir,Mouj Lakhnavi,Ahmad Rushdi,
Ham Kisi Ko Bhi Yahan Yaad Nahin..,Usay Dekha Usay Chaha,1974,Sohail Rana,?,Mehdi Hassan,
Ham Ko Bhi Mohabbat Hay Leikan..,Neik Parveen,1975,A. Hameed,Qateel Shafai,Mehnaz,
Ham Ko Gharib Jan Kay..,Mohabbat Aur Mehngai,1976,Kemal Ahmad,?,Naheed Akhtar,
Ham Ko Jeenay Kay Liye Sirf Mili Eik Hi Raat..,Baazar,1972,M. Ashraf,?,Noorjahan,
Ham Ko Mita Sakay Dunya..,Aaj Aur Kal,1976,Khalil Ahmad,Taslim Fazli,Naheed AKhtar & Co.,
Ham Ko Pila Di Ray Botal Ki Sharab..,Aina Aur Soorat,1974,M. Ashraf,Masroor Anwar,Ahmad Rushdi,
"Ham Ko Tumharay Sar Ki Qasm, Pyar Tumhen Kartay Hayn Ham..",Afsana,1970,Nashad,Tanvir Naqvi,Mala,
"Ham Ko Tumharay Sar Ki Qasm, Pyar Tumhen Kartay Hayn Ham..",Afsana,1970,Nashad,Tanvir Naqvi,Ahmad Rushdi,
"Ham Mein Tum, Aur Tum Mein Ham, Gum Ho Geye..",Susral,1977,M. Ashraf,?,Mehdi Hassan,
Ham Na Hon Gay To Yaad Ayen Gi Hamari Baten..,Pakeeza,1979,M. Ashraf,Masroor Anwar,Naheed Akhtar,
Ham Na Tarsen Kabhi Phir Khushi Kay Liye..,Intekhab,1978,Nisar Bazmi,Masroor Anwar,Naheed Akhtar,
Ham Na Tarsen Kabhi Phir Khushi Kay Liye..,Intekhab,1978,Nisar Bazmi,Masroor Anwar,Ghulam Abbas,
Ham Nahin BeWafa..,Takrao,1978,Tafu,Khawaja Parvez,Naheed Akhtar,
Ham Nay Dekhay Is Dunya Mein Kaisay Kaisy Niralay Log..,Aas,1973,Nisar Bazmi,Masroor Anwar,Noorjahan,
"Ham Nay Jo Dekhay Khawab Suhanay, Aaj Un Ki Tabeer Mili..",Rangeela,1970,Kemal Ahmad,Kemal Ahmad,Rangeela,
Ham Nay Khud Chher Liya Pyar Kay Afsanay Ko..,Deedar,1974,Nashad,Saifuddin Saif,Naheed Akhtar,
"Ham Nay Kiya Hay Pyar, Zamana Lakh Banay Deevar..",Pehchan,1975,Nisar Bazmi,Masroor Anwar,Naheed Akhtar,
Ham Nay To Pyar Buhat Tum Say Chhupana Chaha..,Neend Hamari Khab Tumharay,1971,M. Ashraf,Kaleem Usmani,Mala,
"Ham Nay Tum Say Pyar Kia Hay, Ulfat Ka Iqrar Kiya Hay..",Insan Aur Aadmi,1970,M. Ashraf,?,Rangeela,
"Ham Peh Ilzam To Waisay Bhi Hay, Aisay Bhi Sahi..",Ilzam,1972,Nashad,?,Noorjahan,
Ham Peh Marne Lagi Eik Larki..,Aap Say Kya Parda,1979,Nashad,?,Mehdi Hassan,
"Ham Rahay Pyasay Kay Pyasay, Lakhon Sawan Aa Geye..",Ek Raat,1972,Nashad,Taslim Fazli,Noorjahan,
"Ham Rahi, Aisi Rahon Kay, Jin Ki Koi Manzil Hi Nahin..",Beyond The Last Mountain,1976,Sohail Rana,Ubaid Ullah Aleem,Akhlaq Ahmad,
Ham Sab Chor Hayn..,Ham Sab Chor Hayn,1979,Nazir Ali,?,Ahmad Rushdi,
"Ham Sathi Hayn Deevanay, Albelay Aur Mastanay..",Jalay Na Kyun Parvana,1970,Nashad,Taslim Fazli,Ahmad Rushdi,
Ham Say Chhura Kay Daaman..,Aurat Ek Paheli,1976,Nazir Ali,Riazur Rehman Saghar,Naheed Akthar,
"Ham Say Jo Naina Churaye Mehndi Bagh Mein, Sakhi Tora Sayyan Bhulaye..",Deedar,1974,Nashad,Saifuddin Saif,Asif Javed,
"Ham Say Na Bigar A Larki, Apno Say Na Lar A Larki..",Naseeb Apna Apna,1970,Lal Mohammad Iqbal,Masroor Anwar,Ahmad Rushdi,
"Ham To Akelay Reh Geye Sajna, Paas Bhula Lay..",Tera Gham Rahay Salamat,1973,M. Ashraf,?,Mala,
Ham To Janay Seedhi Si Baat..,Imandar,1974,Nashad,Taslim Fazli,Ahmad Rushdi,
Ham Tum Dono Saath Rahen Gay..,Allah Meri Touba,1974,Amjad Bobby,?,Mala,
Ham Tum Ik Doojay Mein Kho Jayen..,Soorat Aur Seerat,1975,M. Ashraf,?,Mehdi Hassan,
"Ham Tum Yunhi Chaltay Rahen, In Rahon Mein Subah-o-Shaam..",Anmol Mohabbat,1978,Robin Ghosh,Riazur Rehman Saghar,Mehnaz,
"Ham Tumharay, Tum Hamaray, Ho Gaye..",April Fool,1977,Tasadduq Hussain,Mohammad Ikram,A. Nayyar,
"Ham Yunhi Hamsafar Ban Kay Chaltay Rahen, Ham Na Badlen Kabhhi..",Salakhen,1977,Kemal Ahmad,Taslim Fazli,Mehnaz,
Hamara Kya Hay Dil Agar Jafa Ki Chot Kha Geya..,Deedar,1974,Nashad,Saifuddin Saif,Noorjahan,
"Hamaray Dil Say Matt Khelo, Khilona Toot Jaye Ga..",Daaman Aur Chingari,1973,M. Ashraf,Taslim Fazli,Mehdi Hassan,
Hamaray Samnay Aa Kar Khuda Ki Shaan Baithay Hayn..,Umrao Jan Ada,1972,Nisar Bazmi,Saifuddin Saif,Ahmad Rushdi,
"Hamari Sanso Mein Aaj Tak Woh, Hina Ki Khushbu Mehak Rahi Hay..",Meray Huzoor,1977,M. Ashraf,?,Mehdi Hassan,
"Hamari Sanso Mein Aaj Tak Woh, Hina Ki Khushbu Mehak Rahi Hay..",Meray Huzoor,1977,M. Ashraf,?,Noorjahan,
Hamen Aaj Apna Banao To Janen..,Pazeb,1972,Lal Mohammad Iqbal,Fyaz Hashmi,Runa Laila,
"Hamen Gham Mila Hamesha, Soorat Badal Badal Kay..",Mehman,1978,M. Ashraf,Masroor Anwar,Naheed Akhtar,
Hamen Kho Kar Buhat Pachhtao Gay..,Ehsas,1972,Robin Ghosh,Suroor Barabankvi,Runa Laila,
Han Pyar Kay Deevanay..,Naqsh-e-Qadam,1979,Amjad Bobby,Masroor Anwar,Asad Amanat Ali Khan,
Hangama Hay Kyun Barpa..,Aap Ka Khadim,1976,Khalil Ahmad,Taslim Fazli,Mehdi Hassan,
Hanso Kay Main Ganwar Hun..,Ganvar,1975,Nisar Bazmi,?,Mehdi Hassan,
Hanstay Hanstay Jeena..,Behan Bhai,1979,Kemal Ahmad,?,Mehdi Hassan,
"Har Aadmi, Alag Sahi, Magar Umang Eik Hay..",Zindagi Ek Safar Hay,1972,A. Hameed,Qateel Shafai,Mehdi Hassan,
Har Dharkan Mein Jaag Utha Hay Ek Neya Pegham..,Dushman,1974,Nisar Bazmi,Masroor Anwar,Ahmad Rushdi,
Har Larka Hota Hay Shadi Ka..,Yadon Ki Barat,1977,Chandra Mohan,?,Ahmad Rushdi,
"Hari Bhari Abadian, Geet Gati Wadian..",Aavaz,1978,A. Hameed,?,Ghulam Abbas,
"Hari Hari Mehndi Kay Neechay Surkh Gulab, Teray Khawab..",Beyond The Last Mountain,1976,Sohail Rana,?,Mehnaz & Co.,
"Haseen Tum Sa Tasawur Nahin Hay, Khawab Nahin..",Matrei Maa,1970,A. Hameed,Tanvir Naqvi,Munir Hussain,
"Haseen Wadion Say Poochho, Pyar Karti Hayn..",Aina,1977,Robin Ghosh,Taslim Fazli,Nayyara Noor,
Hasrat-e-Deed Ko Tarsa Kay Chala Jaun Ga..,Professor,1975,A. Hameed,Saifuddin Saif,Mehdi Hassan,
"Hathon Mein Kangna, Jhanjar Meray Paon Mein..",Umrao Jan Ada,1972,Nisar Bazmi,Saifuddin Saif,Runa Laila & Co.,
Hathon Mein Meray Haath Tumhara..,Taqdeer Kahan Lay Ayi,1976,Manzoor,Ruby,Mala,
Hatt Kay Budhan..,Ucha Naa Pyar Da,1971,Tafu,Khawaja Parvez,Munawar Zarif,
"Hawa Aanchal Urati Hay, Uranay Do, Galay Hamen Lagati Hay..",Jhuk Geya Aasman,1970,Deebo,Himayat Ali Shair,Runa Laila & Co.,
"Hawa Dheeray Behna, Ghata Dheeray Chalna..",Payel,1970,Karim Shahabuddin,Shair Siddiqi,?,
"Hawa Ko Kyun Na Chumun Main, Khushi Say Kyun Na Jhumun Main..",Honeymoon,1970,Deebo,Sehba Akhtar,Masood Rana,
"Hawaon Mein Teri Sanson Ki Mehak Hay, Fazaon Mein Teray Jalwon..",Shama Aur Parvana,1970,Nisar Bazmi,Masroor Anwar,Mujeeb Alam,
"Hay Jo Bhi Singer-e-Azam, Hamaray Samnay Aye..",Dilruba,1975,M. Ashraf,Taslim Fazli,Ahmad Rushdi & Co.,
"Hay Kis Ka Intezar, Har Ik Baat Ho Geyi.. Chalo Raat Ho Geyi..",Salakhen,1977,Kemal Ahmad,Taslim Fazli,Mehnaz,
Hay Koi Mai Da Lal.. Jawani Bhangray Paway..,Har Fun Maula,1979,Wajahat Attray,Khawaja Parvez,Naheed Akhtar,
"Hay Meri Duaa, Tum Salamat Raho, Tum Jahan Bhi Raho..",Meray Hamsafar,1972,Sohail Rana,Masroor Anwar,Runa Laila,
"Hay Meri Duaa, Tum Salamat Raho, Tum Jahan Bhi Raho..",Meray Hamsafar,1972,Sohail Rana,Masroor Anwar,Mehdi Hassan,
Hay Noukari Jo Pyari To Phir Yaari Tor Day..,Sargent,1977,Kemal Ahmad,Taslim Fazli,Noorjahan,
"Hay Raat Raat Bhar Ki, Katen Na Kyun Khushi Say..",Bahisht,1974,A. Hameed,Riaz Shahid,Mehdi Hassan,
Hay Sangdil Yeh Zalim Dunya..,Baazar,1972,M. Ashraf,Taslim Fazli,Noorjahan,
Hay Teri Mohabbat Ka Iqrar Nigahon Mein..,Kora Kaghaz,1978,Nazir Ali,Taslim Fazli,Mehnaz,
"Hay Yeh Mehfil Jawan, Meray Dam Say, Mujh Peh Marti Hay Dunya..",Hamlog,1970,Tasadduq Hussain,Muzaffar Warsi,Naseem Begum,
Haye Mera Dil Lay Lay..,Intezar,1974,Nisar Bazmi,Masroor Anwar,Noorjahan,
"Hazar Baar Manaa Kiya, Meri Gali Na Sayyan Aana..",Izzat,1975,A. Hameed,Taslim Fazli,Samar Iqbal,
"He, Larki Khoobsurat, Pyar Pyari Hay..",Bohat Khoob,1978,Nazir Ali,Taslim Fazli,Ghulam Abbas,
Hello Hello Cha Cha Cha..,Pardes,1972,Nazir Ali,Asghar Ali Kousar,Ahmad Rushdi,
"Hello, Prince, Achhay To Ho, Kaho, Kya Piyo Gay Sharab..",Seeta Maryam Margrette,1978,A. Hameed,Qateel Shafi,Mehnaz,
"Hey Allah, Ho Geyi Ghalt Fehmi..",Dilruba,1975,M. Ashraf,Taslim Fazli,Ahmad Rushdi,
"Hey Allah, Main Kya Karun, Main To Dil Day Baithi..",Parai Beti,1970,Lal Mohammad Iqbal,Kaif Rizwani,Runa Laila,
"Hey Mera Jhumka, Kho Gya Sajna Kay Bazar Mein..",Neend Hamari Khab Tumharay,1971,M. Ashraf,Kaleem Usmani,Runa Laila,
Hey Mera Naam Jawani..,Anmol,1973,Nisar Bazmi,Masroor Anwar,Runa Laila,
"Hey Meray Rabba, 11 Haath Hayn, 11 Chhurian..",Zubaida,1976,Kemal Ahmad,Riazur Rehman Saghar,Ahmad Rushdi,
"Hey Mirza, Teri Sahiba Marr Gei..",Sacha Jhoota,1974,M.A. Shaad,Taslim Fazli,Ahmad Rushdi,
"Hey Yeh Mera Izhar-e-Mohabbat, Uff Yeh Tera Sharmana..",Noreen,1970,Nisar Bazmi,Masroor Anwar,Ahmad Rushdi,
"Hey Zalma, Meri Jan Jalay, Lag Ja Galay..",Prince,1978,Kemal Ahmad,Khawaja Parvez,Noorjahan,
"Ho Balma, Ho Sajna, Teray Dwaray Ayi Hun, Apnay Dil Ka Nazrana Lai Hun..",Darinda,1970,Gul Haidar,Qateel Shafai,Nazir Begum,
"Ho Chuka Hona Tha Jo, Ab Dil Ko Kya Samjhaen Ham..",Soughat,1970,Sohail Rana,Fyaz Hashmi,Masood Rana,
"Ho DamaDam Baja Ho, Chori Chori Ankhion Say Ankhian Mila Ja..",Darinda,1970,Gul haidar,Ahmad Nadeem Qasmi,Mehdi Hassan,
"Ho Dil Lay Lo Hamara, Karam Hoi Ga, Is Jawani Peh Warna..",Moashra,1975,A. Hameed,Taslim Fazli,Ahmad Rushdi,
"Ho Dulha Badshah, Main Sadqay Jawan Way..",Muthi Bhar Chaval,1978,Kemal Ahmad,?,Mehnaz,
Ho Gi Sehar Kabhi Na Kabhi..,Chahat,1974,Robin Ghosh,Akhtar Yousuf,Runa Laia,
"Ho Jee Ho, Nacho, Gao Ri, Dholak Bajay, Dumru Bolay..",Jalay Na Kyun Parvana,1970,Nashad,Taslim Fazli,Mala & Co.,
"Ho Jeenay Walay, Aa Jeenay Ka Lay Lay Maza..",BeImaan,1973,Kemal Ahmad,Kaleem Usmani,Mala,
Ho Meray Bankay Sanwarya..,Sabaq,1972,Nisar Bazmi,Kaleem Usmani,Runa Laila,
"Ho Meray Khawabon Mein Aanay Wala, Aa Geya..",Aakhri Chattan,1970,Master Rafiq Ali,Mushir Kazmi,Mala,
Ho Meray Sang Chala Ik Khubsurat Sathi..,Sharafat,1974,Robin Ghosh,Kaleem Usmani,Akhlaq Ahmad,
Ho Meri Sanwli Saloni Mehbooba..,Shama,1974,M. Ashraf,Taslim Fazli,Mehdi Hassan,
Ho Mila Kaisa Anari Sajna..,Anmol,1973,Nisar Bazmi,Masroor Anwar,Runa Laila,
Ho Na Jaye Mousam..,Insaniyat,1976,Nashad,Taslim Fazli,Ghulam Abbas,
"Ho Sajna, Ho Balma, Main Nay Dunya Ko Chhora..",Sacha Jhoota,1974,M.A. Shaad,Taslim Fazli,Noorjahan,
"Ho Sajna, Pecha Pyar Wala Daal, Sajna..",Kharidar,1976,M. Ashraf,Kaleem Usmani,Noorjahan,
"Ho Sajna, Preet Na Ho..",Mehboob Mera Mastana,1976,Nashad,Taslim Fazli,Nayyara Noor,
"Ho Sajna, Pyar Mein Teray, Ban Kay Kali Main To..",Parday Mein Rehnay Do,1973,M. Ashraf,Taslim Fazli,Noorjahan,
Ho Teray Naina Baray Chit Chor..,Jab Jab Phool Khilay,1975,M. Ashraf,Masroor Anwar,Ahmad Rushdi,
"Ho, Ball Khati Nadiya, Lehron Mein Lehraye..",Payel,1970,Ali Hossain,Akhtar Yousuf,Masood Rana,
"Ho, Mera Pagla Mann Lehraya..",Ishq Ishq,1977,Kemal Ahmad,?,Mehnaz,
"Hona Tha Jo Hua, Dil-e-Nakam Yun Na Ro..",Aao Pyar Karen,1972,M. Ashraf,Kaleem Usmani,Runa Laila,
"Honay Laga Hay Pyar, Ab Kya Ho Ga..",Roshni,1975,Kemal Ahmad,?,Mehnaz,
Honto Peh Tabassum.. Ho Geyi Ray Mujhay Ghaltfehmi..,Mujrim Kon,1970,Kemal Ahmad,?,Ahmad Rushdi,
Honto Peh Tera Naam Aata Hay..,Khalish,1972,M. Ashraf,Kaleem Usmani,Mala,
"Honton Peh Tera Naam Jo Aya, Dunya Samjhi Geet Hay..",Sangam,1977,Kemal Ahmad,Taslim Fazli,Naheed Akhtar,
Hun Udas Gham Ki Banhon Mein..,Bhool,1974,Robin Ghosh,Khawaja Parvez,Nadeem,
"Hunhan Kartay Kartay, Ahen Bhartay Bhartay..",Anari,1975,M. Ashraf,Taslim Fazli,Mehdi Hassan,
Hunn Maan Jayie..,Baray Mian Divanay,1977,Kemal Ahmad,?,Ahmad Rushdi,
Husn Ka Jalwa Aam Hay.. Bijli Mera Naam Hay..,Pyar Ka Mousam,1975,Tasadduq Hussain,Mouj Lakhnavi,Noorjahan,
"Husn Ki Aag Mein Jalti Jaun, Ab To Galay Laga Lay..","Roti, Kapra Aur Insan",1977,Bakhshi Wazir,?,Naheed Akhtar,
Husn Ko Husn Zamanay Mein Banaya Main Nay..,Baat Pohnchi Teri Javani Tak,1974,Nisar Bazmi,Shevan Rizvi,Masood Rana,
Husn Ko Ishq Nay Bulaya Hay..,Laila Majnu,1974,Nisar Bazmi,Saifuddin Saif,Munir Hussain,
Husn Say Ishq Ko Dochar Na Kar Dena Tha..,Chand Suraj,1970,Nashad,Faiz Ahmad Faiz,Mehdi Hassan,
Husn Walay Agar Muskara Kay Milen..,BeMisal,1975,M. Ashraf,?,Ahmad Rushdi,
"Husn Walay Buhat Yahan Hon Gay, Aap Jaisay Magar Kahan Hon Gay..",Shama-e-Mohabbat,1977,M. Ashraf,?,Mehdi Hassan,
"Husn Walo Hamen Duaen Do, Ham Nay Qatil Tumhen Banaya..",Neya Savera,1970,Tasadduq Hussain,Qateel Shafai,Ahmad Rushdi,
"Husn Walon Say Dil Na Lagaye Koi, BeWafa Hayn, Yey Dil Tor Detay Hayn..",Tarana,1979,M. Ashraf,Saeed Gilani,Mehdi Hassan,
"Husn Walon Say Jo Uljhay Ga, Woh Pachhtaye Ga..",Naseeb Apna Apna,1970,Lal Mohammad Iqbal,Masroor Anwar,Runa Laila & Co.,
"I Love You And You Love Me, Baat Karo Kuchh Aisi..",Zindagi Kay Melay,1972,Manzoor,Ruby,Ahmad Rushdi,
"Idhar Hay Mohabbat, Udhar Hay BeRukhi, Ajji BandaParwar..",Mohabbat Rang Laye Gi,1970,Nisar Bazmi,Masroor Anwawr,Ahmad Rushdi,
"Ijazat Ho To Yeh Keh Dun, Mujhay Tum Say Pyar Hay..",Phir Chand Niklay Ga,1970,Sohail Rana,Anjum Keranvi,Runa Laila,
Ik Ajnabi Chehray Say Mulaqat Hui Hay..,Baghi Haseena,1973,M. Ashraf,Khawaja Parvez,Nayyara Noor,
"Ik Alhar Mutiyar, Dil Lay Geyi..",Mehboob Mera Mastana,1976,Nashad,Taslim Fazli,Masood Rana,
Ik Baat Kahun Dildara Teray Ishq Nay..,Khuda Aur Mohabbat,1978,Tafu,Fyaz Hashmi,A. Nayyar,
"Ik Bacha, Akhian Ka Tara, Dooja Bacha, Dil Ka Sahara..",Navabzada,1975,Tafu,Khawaja Parvez,Masood Rana,
"Ik Bar Chalay Aao, Phir Aa Kay Chalay Jana..",Ek Raat,1972,Nashad,Taslim Fazli,Mehdi Hassan,
Ik Bar Phir Kahu Zara Keh Main Tumhar Pyar Hun..,Prince,1978,Kemal Ahmad,Khawaja Parvez,Naheed Akhtar,
Ik Bewafa Say Ham Bhala Pyar..,Tum Sa Nahin Dekha,1974,Amir Ali Khan,?,Asma Ahmad,
Ik Birhan Baithi Roye Ray..,Javab Do,1974,A. Hameed,Fyaz Hashmi,Zubaida Khanum,
Ik Chot Lagi Dil Pe Jab Koi Chashme Nargis Mehfil Main Aaya..,Neelaam,1974,Nashad,Taslim Fazli,Naseem Begum,
"Ik Din Kya Hua, Waqt Tha Raat Ka..",Ehsas,1972,Robin Ghosh,Suroor Barabankvi,Runa Laila,
"Ik Din Meri Mehfil Mein, Ayen Gay Wafa Ban Kay..",Shirin Farhad,1975,Khawaja Khursheed Anwar,Qateel Shafai,Nayyara Noor,
Ik Husn Ki Devi Say Mujhay Pyar Hua Tha..,Meri Zindagi Hay Naghma,1972,Nisar Bazmi,Shevan Rizvi,Mehdi Hassan,
"Ik Katti Patang Hoti Hay, Society Girl, Jis Ka jee Chahay Khelay..",Society Girl,1976,Nazir Ali,Taslim Fazli,Naheed Akhtar & Co.,
Ik Khilta Hua Gulab Hay..,Shama-e-Mohabbat,1977,M. Ashraf,?,Mehdi Hassan,
Ik Kuri Dudh Makhna Di Palli..,Muthi Bhar Chaval,1978,Kemal Ahmad,?,Masood Rana,
Ik Ladki Tum Jesi Meray Khwabon Mein..,Khuda Aur Mohabbat,1978,Tafu,Fyaz Hashmi,A. Nayyar,
"Ik Larka Deevana, Ban Kay Mera Parwana, Khud Bhi Jalay..",Waada,1976,Kemal Ahmad,Taslim Fazli,Noorjahan,
"Ik Larki Ki Shadi Ayi, Goonj Uthi Ghar Mein Shehnai, Loi Loi Loi..",Yeh Aman,1971,A. Hameed,Habib Jalib,Mala & Co.,
Ik Larki Meray Peechhe Pari Hay..,Gumrah,1975,Nashad,Taslim Fazli,Mehdi Hassan,
Ik Larki Sharmili Si Seedhi Saadhi Bholi Bhali..,Ganvar,1975,Nashad,Qateel Shafai,Ghulam Abbas,
"Ik Main Hi Bura Hun Baqi, Sab Log Achhay Hayn..",Apnay Huay Paraey,1977,M. Ashraf,Masroor Anwar,Ahmad Rushdi,
Ik Meri Jan Tara Rumpa..,Society,1973,M. Ashraf,Khawaja Parvez,?,
Ik Nain Raseelay Babu Nay Loot Liya Dil Mera..,Kharidar,1976,M. Ashraf,Kaleem Usmani,Naheed Akhtar,
"Ik Nanha Sa Farishta, Ik Nanha Sa Sitara..",Nanha Farishta,1974,M. Ashraf,Kaleem Usmani,Masood Rana,
Ik Neye Mor Peh Zindagi Aa Gei..,Dil Kay Daagh,1978,A. Hameed,?,Noorjahan,
"Ik Nigha-e-Karm, Ham Par Dalo..",Baazar,1972,M. Ashraf,?,Mehdi Hassan,
Ik Panchhi Aur Ik Perdesi..,Baray Mian Divanay,1977,Wajahat Attray,?,Mehnaz,
"Ik Phool Ho Tori Ka, Shehri Babu..",Qayamat,1978,Khalil Ahmad,Ayub Khawar,Mehdi Hassan,
Ik Roz Ka Nahin Mera Sadion Ka Pyar Hay..,Insan Aur Farishta,1976,M. Ashraf,Taslim Fazli,Mehdi Hassan,
"Ik Sanwli Si Larki, Meray Dil Ko Bha Gei Hay..",Khab Aur Zindagi,1973,A. Hameed,Qateel Shafai,Masood Rana,
"Ik Saya, Roz Nikalta Hay..",Sharafat,1974,Robin Ghosh,Kaleem Usmani,Runa Laila,
Ik Sham Yahan Kya Dekha..,Chahat,1974,Robin Ghosh,Akhtar Yousuf,Mehdi Hassan,
Ik Shama Hay Aur Parwanay Do..,2 Tasviren,1974,Nisar Bazmi,Zaigham Hamdi,Ghulam Ali,
"Ik Teddy Paisa Mangay, Rangeela Faqir..",Mr. 303,1971,Master Rafiq Ali,Mushir Kazmi,Rangeela,
Ik Tera Ik Mera..,Zubaida,1976,Kemal Ahmad,Riazur Rehman Saghar,Noorjahan,
Ik Uran Kathola Aye Ga..,Operation Karachi,1971,Lal Mohammad Iqbal,Sehba Akhtar,Ahmad Rushdi,
Ik Zindagi Samajh Kar Apna Liya Tha Tujh Ko..,Rim Jhim,1971,Nashad,Shevan Rizvi,Mala,
Ilahi Koi Hawa Ka Jhonka..,Dunya Na Manay,1971,Nashad,?,Ahmad Rushdi,
In Haseeno Say To Achhay Hayn committee Walay..,Zindagi Kay Melay,1972,Manzoor,Taslim Fazli,Albela,
In Matwali Ankhon Mein..,Aansoo Aur Sholay,1976,Amjad Bobby,?,Mehdi Hassan,
In Perron Ko Gawah Bana Kay..,Tarana,1979,M. Ashraf,Saeed Gilani,Asad Amanat Ali Khan,
Is Dard Ki Dunya Say Guzar Kyun Nahin Jatay..,Zakhmi,1973,A. Hameed,Habib Jalib,Mehdi Hassan,
Is Dunya Ko Insan Ki Pehchan Nahin Hay..,Mastana,1973,Kemal Ahmad,?,Masood Rana,
Is Dunya Mein Kam Hi Melen Gay Ham Jaisay Deevanay Log..,Pakeeza,1979,M. Ashraf,Masroor Anwar,Mehnaz,
"Is Dunya Mein Pyar Na Karna, Jeetay Jee Mar Jao Gay..",Parday Mein Rehnay Do,1973,M. Ashraf,Taslim Fazli,Rangeela,
"Is Dunya Mein Yaar, Ham To Rahay Anari..",Behan Bhai,1979,Kemal Ahmad,?,Mehdi Hassan,
"Is Fasanay Ka Na Janay, Kon Sa Anjam Hay..",Chori Chori,1979,Nashad,Taslim Fazli,Naheed Akhtar,
Is Guriya Kay Liye Gudda Lana Paray Ga..,Deevar,1976,M. Ashraf,?,Ahmad Rushdi,
Is Husn Say Nahin Hay Mujhay Tum Say Pyar Hay..,Baat Pohnchi Teri Javani Tak,1974,Nisar Bazmi,Shevan Rizvi,Masood Rana,
Is Parcham Kay Sayay Tallay Ham Eik Hayn..,Farz Aur Mamta,1975,M. Ashraf,Kaleem Usmani,Nayyara Noor,
Is Zamin Ki Hadden Hayn Jahan..,Bikhray Moti,1975,Master Inayat Hussain,?,Mehdi Hassan,
Ishq Hay Rog Awalra Logo.. Dama Dam Yaar Bolna..,2 Daku,1978,Kemal Ahmad,Taslim Fazli,Naheed Akhtar,
"Ishq Majboor, Husn Maghroor, Ulta Zamana Aa Geya..",Aansoo,1971,Nazir Ali,?,Noorjahan,
Ishq Sacha Hay To Phir Waada Nibhana Ho Ga..,Ishq Ishq,1977,Kemal Ahmad,?,Mehnaz,
Ishq Sacha Hay To Phir Waada Nibhana Ho Ga..,Ishq Ishq,1977,Kemal Ahmad,?,Mehdi Hassan,
Ishq Sada Abad Rahay Ga..,Laila Majnu,1974,Nisar Bazmi,Saifuddin Saif,Noorjahan,
Ishq Walon Say Yun..,Sharmili,1978,Karim Shahabuddin,Younis Hamdam,Mehnaz,
Iss Dil Ko Kunwain Mein Phaink Dun Ga..,Insan Aur Farishta,1976,M. Ashraf,Taslim Fazli,Ahmad Rushdi,
"Itna Bhi Na Chaho Mujhay, Keh Main Tum Say Door Na Reh Sakun..",Parda Na Uthao,1974,M. Ashraf,?,Nayyara Noor,
Itna Paisa Mein Apna Guzara Na Ho..,Shararat,1975,Nashad,Masroor Anwar,Ahmad Rushdi,
Itna Tujh Ko Chahun Ga..,Bobby And Julie,1978,Karim Shahabuddin,Adeem Hashmi,Alamgir,
Itnay Din Kay Baad Milay Ho..,Apnay Huay Paraey,1977,M. Ashraf,Masroor Anwar,Ghulam Abbas,
"Izhaar Bhi Mushkil Hay, Chup Reh Bhi Nahin Saktay..",Anjuman,1970,Nisar Bazmi,Saifuddin Saif,Noorjahan,
Ja Ja Ray Bhanwray..,BeMisal,1975,M. Ashraf,?,Naheed Akthar,
"Ja Ja Ri Koyelia Ja Ja, Mat Ga Ri Bereniya Mat Ga..",Haider Ali,1978,Khawaja Khursheed Anwar,Qateel Shafai,Mehnaz,
Ja Mera Waada..,Ab Ghar Janay Do,1979,M. Ashraf,Riazur Rehman Saghar,Mehnaz,
Ja Ray Ja..,Sabaq,1972,Nisar Bazmi,Kaleem Usmani,Runa Laila,
"Ja Tujhay Muaaf Kiya, Bhool Kay..",Bikhray Moti,1975,Master Inayat Hussain,?,Mehdi Hassan,
Jaal Bichhana Jaal Manjhi Ray..,Moashra,1975,Nazir Ali,Taslim Fazli,Robina Badar & Co.,
Jab Baharen Chamman Mein..,Pyar Ka Waada,1977,Khalil Ahmad,?,Mehdi Hassan,
"Jab Bhi Koi Kali Khilay, Kali Jab Phool Banya..",Eisar,1975,Nisar Bazmi,?,Shazia,
"Jab Bhi Sunu Gi Teri Bansurya, Teray Paas Chali Aun Gi..",Main Bhi To Insan Hun,1972,M. Ashraf,?,Rajab Ali,
Jab Bhi Tumharay Husn Kay Jalway Bikhar Geye..,Jalay Na Kyun Parvana,1970,Nashad,Taslim Fazli,Ahmad Rushdi,
Jab Chehra Gulabi Ho Aur Ankh Sharabi Ho..,Najma,1970,Master Inayat Hussain,Qateel Shafai,Naseem Begum,
"Jab Dil Deevna Dharkay, Kyun Shola Sa Ik Bharkay..",Aao Pyar Karen,1972,M. Ashraf,Kaleem Usmani,Runa Laila,
Jab Doli Charhay Gi Meri Behna..,Raja Jani,1976,Amjad Bobby,Taslim Fazli,Mehdi Hassan,
Jab Gunahgar Samjhatay Hayn..,Baazar,1972,M. Ashraf,?,Noorjahan,
Jab Jab Eik Larki Nay..,Aag Aur Zindagi,1978,M. Ashraf,?,Ghulam Abbas,
"Jab Machla Hua Dil Ho, Aur Tu Bhi Muqabil Ho..",Aansoo Ban Geye Moti,1970,Master Inayat Hussain,Qateel Shafai,Masood Rana,
Jab Pyar Kisi Say Hota Hay To Hota Hay Yeh Anjam..,BeImaan,1973,Kemal Ahmad,Taslim Fazli,Mehdi Hassan,
Jab Pyar Kisi Say Hota Hay To Hota Hay Yeh Anjam..,BeImaan,1973,Kemal Ahmad,Taslim Fazli,Runa Laila,
"Jab Raz-e-Mohabbat Khul Hi Geya, Phir Kaisi Pehradari Hay..",Mohabbat Rang Laye Gi,1970,Nisar Bazmi,Masroor Anwawr,Ahmad Rushdi,
Jab Say Eik Larki Ne Seekha Dore Daalna..,Aag Aur Aansoo,1976,Nisar Bazmi,?,Ghulam Abbas,
Jab Say Tum Nay Pyar Dekha..,Aavara,1977,Master Inayat Hussain,Fyaz Hashmi,Noorjahan,
"Jab Say Yeh Ayi Jawani, Zamana BeIman Ho Geya..",2 Daku,1978,Kemal Ahmad,Taslim Fazli,Naheed Akhtar,
Jab Shaam Hoti Hay Mujhay Tum..,Daaman Ki Aag,1976,M.A. Shaad,Taslim Fazli,Mehdi Hassan,
Jab Shaam Hoti Hay Mujhay Tum Yaad Aatay Ho..,Bano Rani,1974,M. Ashraf,Kaleem Usmani,Mehdi Hassan,
"Jab Sham Dhalay, Jam Chalay, Kuchh Log Apni Aag Mein Khud Jaltay Hayn..",Miss Hippy,1974,Robin Ghosh,?,Nayyara Noor,
Jab Tak Hay Dam Mein Dam..,Rajjo,1975,Nazir Ali,iftikhar Shahid,Mehnaz,
"Jab Tak Na Pyar Kisi Say Ho, Funkar Adhura Rehta Hay..",Dilruba,1975,M. Ashraf,Taslim Fazli,Mehdi Hassan,
Jab Tak Na Tootay Payel..,Sharafat,1974,Robin Ghosh,Kaleem Usmani,Nayyara Noor,
"Jab Tak Sans Ki Dor Na Tootay, O Meray Sajna, Teri Meri Yaari..",2 Daku,1978,Kemal Ahmad,Taslim Fazli,Mehnaz,
"Jab Tak Sanso Ka Rishta Hay Baqi, Pyar Kiye Ja..",Rangeela Aur Munawar Zarif,1973,M. Ashraf,Masroor Anwar,Noorjahan,
"Jab Tasawur Kisi Tasvir Mein Dhal Jata Hay, Janay Kya Kya Us Waqt..",Chalo Maan Geye,1970,Basheer Ahmad,Basheer Ahmad,Basheer Ahmad,
"Jabin Noorani, Hayya Mastani, Ada Jadu Bhari..",Mr. 420,1970,Lal Mohammad Iqbal,Mouj Lakhnavi,Ahmad Rushdi,
"Jadoo Bhari Nazren Hayn Mast Ada, Hosh Mein Aye..",Takht Aur Taj,1970,Rehman Verma,?,Irene Parveen,
Jagg Mein Sabhi Behrupiye..,Mastani Mehbooba,1974,Nisar Bazmi,Masroor Anwar,Nayyara Noor,
Jahan Kahin Aaj Is Gulshan Mein Kali Muskraye..,Bhool,1974,Robin Ghosh,Khawaja Parvez,Nadeem,
"Jahan Say Guzrun, Log Pukaren, Miss Hong Kong..",Miss Hong Kong,1979,M. Ashraf,Masroor Anwar,Naheed Akhtar,
Jaisay Bar Bar Ham Say Mil Chukay Ho Tum..,Neya Savera,1970,Tasadduq Hussain,Qateel Shafai,Ahmad Rushdi,
Jala Deen Shamain Raahon Main Ham Ne Tumharay..,Aabroo,1974,Nashad,Taslim Fazli,Nayyara Noor,
Jalna Hay Muqaddar Mein To Jaltay Hi Rahen Gay..,Zebun Nisa,1976,Master Inayat Hussain,Kaleem Usmani,Runa Laila,
Jaltey Suraj Kay Neechay Taza Basti..,Jaltay Suraj Kay Neechay,1971,Subal Das,Masroor Anwar,Ahmad Rushdi,
"Jalti Rahi Meri Shama, Wafa Nahin Aya Koi..",Ek Zalim Ek Haseena,1970,Altaf Mehmood,Shair Siddiqi,Firdousi Begum,
Jalway Kuchh Is Ada Say Dikhaye Tamam Raat..,Shikar,1974,A. Hameed,?,Mala,
"Jam Say Jam Takra Lay, Peenay Waly, Tor Day Sheeshay Kay Pemanay..",Doulat Aur Dunya,1972,Kemal Ahmad,?,Mala,
"Jan Day Kay Bacha Lo Watan, Aurto..",Aurat Raj,1979,Naghma & Co.,?,A. Nayyar & Co.,
"Jan Hay, Iman Hay..",Kalu,1977,A. Hameed,Saifuddin Saif,Naheed Akhtar,
Jan Jan Lay Lay Aaj Mohabbat Ka..,Izzat,1975,A. Hameed,Taslim Fazli,Ahmad Rushdi,
"Jan Jayay Keh Rehay, Ham To Tujhay Chahen Gay..",Mera Naam Raja,1978,Bakhshi Wazir,?,Masood Rana,
"Jan-e-Bahar, Aya Hay Dil Ko Qarar..",Farz,1973,Nashad,Masroor Anwar,Mala,
"Jan-e-Chamman, Kahan Hay Tu..",Dil Ek Aina,1972,M. Ashraf,?,Mehdi Hassan,
"Jan-e-Jan, Tu Jo Kahay, Gaun Main Geet Neye..",Aansoo,1971,Nazir Ali,Tanvir Naqvi,Mehdi Hassan,
"Jan-e-Man, Teray Aanay Say Jhoom Uthi Dil Ki Dharkan..",Insan,1977,A. Hameed,Masroor Anwar,Mehnaz,
"Jan-e-Mann, Dildar-e-Mann, Umr-e-Khayyam..",Roshni,1975,Kemal Ahmad,?,Mala,
"Jan-e-Mann, Tujh Say Kya Khitab Karun..",Dil Ek Aina,1972,M. Ashraf,?,Mehdi Hassan,
"Jan-e-Tamanna, Kab Tak Tum Na, Pyar Mera Pehchano Gay..",Aashi,1977,Nazir Ali,Taslim Fazli,Ghulam Abbas,
"Janam Janam Tera Mera Sath Rahay Ga, O Man Chahay Piya..",Smritituku Thak,1971,Ghulam Ali,Sehba Akhtar,Runa Laila,
Janay Kya Ho Geya Hay..,Zindagi,1978,M. Ashraf,Kaleem Usmani,Ghulam Abbas,
Janay Kya Hone Laga Hay..,Nazr-e-Karm,1979,Kemal Ahmad,?,Mehdi Hassan,
Janay Kyun Darti Hay Dunya Jam Say..,Neik Parveen,1975,A. Hameed,Qateel Shafai,Naheed Akhtar,
Janay Kyun Intizar Kartay Hayn..,Tallaq,1976,Khalil Ahmad,Taslim Fazli,Ghulam Abbas,
"Janay Kyun Kuchh Log Paraye, Pyar Kay Qabil Lagtay Hayn..",Tera Gham Rahay Salamat,1973,M. Ashraf,?,Mala,
"Janay Main Kon Hun, Meray Hathon Mein Rabb Nay Likha Diya..",Seeta Maryam Margrette,1978,A. Hameed,Qateel Shafi,Mehnaz,
Janay Say Pehlay Itna Bata Do..,Parday Mein Rehnay Do,1973,M. Ashraf,Taslim Fazli,Masood Rana,
Janay Walay Aaja Jalwa Dikha Ja..,Hill Station,1972,Nashad,?,Mehdi Hassan,
"Janay Walay Nay Yeh Bhi Na Socha, Ham Akelay Hi Reh Jayen Gay..",Dushman,1974,Nisar Bazmi,Masroor Anwar,Runa Laila,
Janay Walay Palt Kay Dekh Lay..,Waada,1976,Kemal Ahmad,Taslim Fazli,Ahmad Rushdi,
"Janay Woh Din Kab Aaye, Ik Doojay Kay Ban Jayen..",Moashra,1975,A. Hameed,Taslim Fazli,Noorjahan,
Janay Yeh Dil..,Begum Jan,1977,A. Hameed,Qateel Shafai,Naheed Akhtar & Co.,
Jane Kyun Kuchh Laug Paraye Piyar Kay Qabil Lagtay Hain..,Daaman Ki Aag,1976,M.A. Shaad,Taslim Fazli,Naheed Akhtar,
"Jani Dilbar, Sohnay Pyaray..",Mom Ki Guriya,1976,Robin Ghosh,Taslim Fazli,Mehnaz,
"Janiya, Ab To Aa Ja, Yeh Raat Phir Na Aye Gi..",Mera Naam Raja,1978,Bakhshi Wazir,?,Naheed Akhtar,
Jao Ray Natkhat..,Pazeb,1972,Lal Mohammad Iqbal,Fyaz Hashmi,Runa Laila,
"Jao, Dunya Say Keh Do, Hamen Pyar Hay..",Pyasa,1973,Nisar Bazmi,?,Runa Laila,
"Jashn-e-Tarab, Bazm-e-Nigaran, Baharan Baharan, Ho Ho..",Love in Europe,1970,M. Ashraf,Tanvir Naqvi,Mala,
"Jatay Huway Dil Lay Jao, Tanhai MeiN Yeh Kaam Aye Ga..",Shikva,1975,Nashad,Taslim Fazli,Mehdi Hassan,
"Jayen Kahan Woh Dukhya, Jin Ko Apno Nay Thukra Diya..",Kousar,1969,Inayat Hazrawi,Qateel Shafai,Saleem Chodhary,
"Jayie, Shouq Say Jayie..",Aas,1973,Nisar Bazmi,Masroor Anwar,Runa Laila,
Jee Rahay Hayn Ham Tanha Aur Tera Gham Tanha..,Sharmili,1978,Karim Shahabuddin,Younis Hamdam,A. Nayyar,
Jeeti Rahay.. Bari Khala Salaam ..,Roshni,1975,Kemal Ahmad,?,Naheed Akthar & Co.,
Jeewan Bhar Sath Nibhaen Gay Ham Dono..,Aarzoo,1975,M. Ashraf,Masroor Anwar,Noorjahan,
"Jhalki Dikhlay Kay Dil Lay Liya, Bijli Gira Kay Dil Lay Liya..",Rangeela,1970,Kemal Ahmad,Fyaz Hashmi,Ahmad Rushdi,
"Jhoom Kay Piye Ja, Masti Mein Jiye Ja, O Sharabi Piye Ja..",Badguman,1972,Tasadduq Hussain,?,Naheed Niazi,
Jhoom Lay Zindagi..,Neik Parveen,1975,A. Hameed,Riazur Rehman Saghar,Naheed Akhtar,
"Jhoom Meray Sajna, Main Nashay Mein Hun..",Meri Dushmani,1976,Kemal Ahmad,Khawaja Parvez,Naheed Akhtar,
Jhoomen Jhoomen Kalian Lao.. Ghar Aya Sanam Mastana..,Shirin Farhad,1975,Khawaja Khursheed Anwar,Qateel Shafai,Tasawur Khanum,
"Jhumen, Kabhi Nachen, Kabhi Lehraen Khushi Say..",Umrao Jan Ada,1972,Nisar Bazmi,Saifuddin Saif,Runa Laila,
"Jinhen Samjhay Thay Ham Apna, Woh Beganay Nazar Aye..",Kirdar,1970,Jameel Khusro,Shahid Delvi,Mehdi Hassan,
Jis Din Say Dekha Hay Tujh Ko Sanam.. Tum Meray Ho..,Amber,1978,Robin Ghosh,Taslim Fazli,Mehdi Hassan,
"Jis Din Suraj Ki Pehli Kiran, Utri Thi Zamin Par..","Roti, Kapra Aur Insan",1977,Bakhshi Wazir,Qateel Shafai,Mehdi Hassan,
Jis Ka Khali Haath Dekhun..,Uff Yeh Bivian,1977,M. Ashraf,?,Mehdi Hassan,
Jis Ko Yeh Ankh Pilaye..,Chaltay Chaltay,1979,M. Ashraf,Taslim Fazli,Naheed Akhtar,
Jis Nay Marnay Ka Kiya Iqrar..,Haivan,1975,A. Hameed,Taslim Fazli,Naheed Akthar & Co.,
Jis Rang Mein Chahay Dhalo..,Intezar,1974,Nisar Bazmi,Masroor Anwar,Noorjahan,
"Jis Tarf Ankhon Uthaun, Teri Tasvira Hay..",Surayya Bhoopali,1976,Nashad,Saifuddin Saif,Mehdi Hassan,
Jisay Mil Na Saki Manzil..,Society,1973,M. Ashraf,Khawaja Parvez,Mehdi Hassan,
"Jism Say Jaisay Jan Jati Hay, Yun Jati Ho, Behna..",Taqdeer Kahan Lay Ayi,1976,Manzoor,Ruby,Mehdi Hassan,
"Jithon Di Khoti, Othay Aan Khaloti..",Dil Kay Daagh,1978,A. Hameed,?,Ahmad Rushdi,
"Jitnay Pyaray Ho Tum, Khoobsurat Ho Tum, Itna Pyara Dil Ho To..",Shikva,1975,Nashad,Taslim Fazli,Robina Badar,
"Jiya Mora Dharkay, Halkay Halkay, Aisay Na Dekho..",Shama Parvana,1970,Niaz Ahmad,M. Sultan,Runa Laila,
"Jiya Tarsay, Naina Barsen, Dukhi Mann Tujh Ko Pukaray..",Naag Muni,1972,Nisar Bazmi,Fyaz Hashmi,Noorjahan,
"Jo Bacha Tha, Woh Lutanay Kay Liye Aaye Hayn..",Umrao Jan Ada,1972,Nisar Bazmi,Saifuddin Saif,Noorjahan,
"Jo Bazahir Ajnabi Hayn, Ham Say Beganey Hayn..",Neend Hamari Khab Tumharay,1971,M. Ashraf,Kaleem Usmani,Mehdi Hassan,
Jo Bhi Gham Milta Hay Geeton Mein Chhupa Letay Hayn..,Soughat,1970,Sohail Rana,Masroor Anwar,Runa Laila,
"Jo Bhi Karo Sitam, Sayh Lein Gay Ham..",Yadon Ki Barat,1977,Chandra Mohan,?,Ahmad Rushdi,
Jo Bhi Mila Us Nay Meray Dil Ko..,Aap Ka Khadim,1976,Khalil Ahmad,Taslim Fazli,Mehdi Hassan,
"Jo Dard Mila, Apno Say Mila..",Shabana,1976,M. Ashraf,Taslim Fazli,Mehdi Hassan,
Jo Dekhay Hayn Ham Nay Adhooray..,Phool Meray Gulshan Ka,1974,M. Ashraf,Masroor Anwar,Ahmad Rushdi,
Jo Karay Ga Ishq Woh Filfor Pakra Jaye Ga..,Baghi Haseena,1973,M. Ashraf,Khawaja Parvez,Batish,
Jo Khawab Dekhay Thay..,Nishani,1979,Jozi Anjum,Taslim Fazli,Farida Khanum,
Jo Kiya Hay Aaj Waada Wohi..,Bandagi,1972,Nisar Bazmi,?,Noorjahan,
"Jo Koi Qeemti Shay Ho To Koi Zikar Karay, Shikasta Dil Hay..",Jalay Na Kyun Parvana,1970,Nashad,Taslim Fazli,Ahmad Rushdi,
Jo Kuchh Bhi Mangna Hay..,Neya Andaz,1979,A. Hameed,Qateel Shafai,Hafiz Atta Muhammad Qawwal,
"Jo Thandak Lootay Chhaun Ki, Jo Goud Ujaray Maun Ki..",Wehshi,1971,A. Hameed,?,Masood Rana,
Jo Toot Geyi Choori To Kya Ho Ga..,Dilruba,1975,M. Ashraf,Taslim Fazli,Robina Badar,
Jogi Ka Barn Ham Nay Liya Yaar Ki Khatir..,Baat Pohnchi Teri Javani Tak,1974,Nisar Bazmi,Shevan Rizvi,Masood Rana,
"Jogi, Array O Jogi, Been Baja Kay, Mera Tann Mann Kar Diya Rogi..",Mastana,1973,Kemal Ahmad,?,Mala,
"Johny, My Sweet Heart..",Ankhon Ankhon Mein,1978,M. Ashraf,?,Naheed Akhtar,
"Juda Karay Na Koi, Teray Ashiyanay Say..",Mout Meri Zindagi,1979,A. Hameed,Saifuddin Saif,Mehnaz,
"Julmi Chanda, Mujh Ko Teri Yaad Dila Kay..",Bazi,1970,Sohail Rana,Fyaz Hashmi,Mala,
Julmi Jawani Gajab Kar Geyi..,Bhool,1974,Robin Ghosh,Khawaja Parvez,Runa Laila,
Jungle Mein Mangal Teray Hi Dam Say..,Zindagi,1978,M. Ashraf,Kaleem Usmani,Mehnaz,
"Kaam Kar Lay Koi Kaam Kar Lay, Pyar Kar Lay Tu Pyar Kar Lay..",Na Chhura Sako Gay Daaman,1975,M.A. Shad,?,Rajab Ali,
"Kab Say Beqarar Hun, Qarar Chahiye..",Jaal,1973,Nazir Ali,Masroor Anwar,Mala,
"Kabhi Aap Hanse, Kabhi Aankh..",Beti,1977,M. Ashraf,?,Mehdi Hassan,
"Kabhi Chhorun Na Tera Sang, Sajna..",Abhi To Main Javan Hun,1978,M. Ashraf,Taslim Fazli,Naheed Akhtar,
"Kabhi Ham Larkharayen, Kabhi Dil Ko Sambhala Hay..",Kousar,1969,Inayat Hazrawi,Qateel Shafai,Irene Parveen,
"Kabhi Ham Nay Lab Na Kholay, Kabhi Woh Na Bol Paye..",Tiger Gang,1974,Khalil Ahmad,Riazur Rehman Saghar,Shehnaz Begum,
"Kabhi Khirki Mein Aye, Kabhi Chhat Peh Bulaye..",Parday Mein Rehnay Do,1973,M. Ashraf,Taslim Fazli,Noorjahan,
"Kabhi Main Sochta Hun, Kuchh Na Kuchh Kahun..",Aina,1977,Robin Ghosh,Taslim Fazli,Mehdi Hassan,
Kabhi Meri Mohabbat Kam Na Ho Gi..,Meray Huzoor,1977,M. Ashraf,?,Mehdi Hassan,
"Kabhi Socha Na Tha, Katto, Keh Yun Ankh Milaye Gi..",Nasheman,1976,M. Ashraf,?,Mehdi Hassan,
"Kabhi To Dil-e-Zar, Unhen Pyar Aye Ga..",Deedar,1974,Nashad,Saifuddin Saif,Noorjahan,
"Kabhi To Mango, Kabhi To Lay Lo..",Khamosh Nighahen,1971,M. Ashraf,Khawaja Parvez,Ahmad Rushdi,
Kabhi To Rukh Say Uthay Ga..,Teray Meray Sapnay,1975,Kemal Ahmad,Taslim Fazli,Naheed Akhtar,
Kabhi To Tu Parcha Lay Kay Aye.. Ja Ray Sargent..,Sargent,1977,Kemal Ahmad,Taslim Fazli,Noorjahan,
"Kachay Dhagay, Pall Mein Toot Jatay Hayn..",Parvarish,1979,Amjad Bobby,Masroor Anwar,Mehnaz,
Kachi Kali Dia Roop Us Pe Nain Badami..,Phool Meray Gulshan Ka,1974,M. Ashraf,Masroor Anwar,Naheed Akhtar,
Kachi Kali Kachanar Ki Khacha Tumhara..,Daaman Ki Aag,1976,M.A. Shaad,Taslim Fazli,Ahmad Rushdi,
"Kaha Marnay Ko, Marr Geye..",Waada,1976,Kemal Ahmad,?,Mehdi Hassan,
Kahan Chali Hay Gori Ban Than Kay..,Nadan,1973,Lal Mohammad Iqbal,?,Ahmad Rushdi,
Kahay Baithay Ho Naina Chura Kay..,Surayya Bhoopali,1976,A. Hameed,Saifuddin Saif,Mehnaz,
Kahay Banwra Mann Ghabraye..,Sayyan Anari,1976,Master Rafiq Ali,Fyaz Hashmi,Mehdi Hassan,
"Kahin Ki Larki, Kahin Ka Larka..",Mastani Mehbooba,1974,Nisar Bazmi,Masroor Anwar,Ahmad Rushdi,
"Kahiyay, Mizaj Kiasay Hayn, Adab Arz Hay..",Afshan,1971,Nashad,Taslim Fazli,Ahmad Rushdi,
"Kahiye, Khaiye Kya Sunaun, Nachun Ya Pehlu MeiN Aun..",Tipu Sultan,1977,Akhtar Hussain Akhian,?,Noorjahan,
Kaho Mian Gudday..,Jageer,1975,Nisar Bazmi,Masroor Anwar,Mehnaz,
Kaisa Gajjab Hua Kali Kali Raat Mein..,Navabzadi,1979,Wajahat Attray,?,Afshan,
Kaisa Jadoo Kar Diya Mastani Ankhon Walay Nay..,Rangeela Aur Munawar Zarif,1973,M. Ashraf,Masroor Anwar,Noorjahan,
"Kaisa Jadugar, Dilbar, Mastana Hay..",Tehzeeb,1971,Nisar Bazmi,Saifuddin Saif,Runa Laila,
Kaisay Chhupaun Yeh Julmi Jawani..,Umang,1975,Robin Ghosh,Taslim Fazli,Mehnaz,
Kaisay Jiyen Gay Dard Kay Maray..,Yaaden,1971,M. Ashraf,Taslim Fazli,Mehdi Hassan,
Kaisay Karen Bharosa Aisay Aadmi Ka..,Rastay Ka Pathar,1976,Nashad,Masroor Anwar,Afshan,
"Kaisay Woh Sharmaye, Jaisay Megha Chhaye..",2 Sathi,1975,Robin Ghosh,Taslim Fazli,Ghulam Abbas,
"Kaisi Anokhi Mehfil Hay Yeh, Kis Ko Yeh Maloom Tha..",Bazi,1970,Sohail Rana,Fyaz Hashmi,Irene Parveen,
Kal Bhi Tum Say Pyar Tha Mujh Ko..,Khab Aur Zindagi,1973,A. Hameed,Qateel Shafai,Runa Laila,
Kal Bhi Tum Say Pyar Tha Mujh Ko (2)..,Khab Aur Zindagi,1973,A. Hameed,Qateel Shafai,Runa Laila,
"Kal Tak Jo Kehtay Thay Apna, Aaj Wohi Beganay Hayn..",Bahisht,1974,A. Hameed,?,Noorjahan,
"Kalion Peh Bahnwara Kyun Dolay, Papi Papiyara Kyun Bolay..",Shikva,1975,Nashad,Taslim Fazli,Naheed Akthar,
"Kaliyon Say Haseen, Phoolon Say Jawan..",Mehboob Mera Mastana,1976,Nashad,Taslim Fazli,Ahmad Rushdi,
Kall Achanak Woh Jo Sar-e-Rah..,Khalish,1972,M. Ashraf,Kaleem Usmani,Ahmad Rushdi,
"Kangna Bolay, Chham Chham, Gori Ka Roop Saja..",Afsana,1970,Nashad,Tanvir Naqvi,Naseem Begum,
"Kankarian Maar Na Sanam, Main To Mar Jaun Gi..",Shama Parvana,1970,Niaz Ahmad,M. Sultan,Runa Laila,
"Kanto Peh Chalti Hui, Ayi Teray Gaon Mein..",Saajan Rang Rangeela,1975,Nashad,?,Noorjahan,
"Kar Chukay Ham Be-Niqab, Ik Sahb-e-Kirdar Ko..",Seeta Maryam Margrette,1978,A. Hameed,Qateel Shafi,Naheed Akhtar,
Kar Diya Apna Haq Ada Ham Nay..,Deedar,1974,Nashad,Saifuddin Saif,Masood Rana,
Karta Rahun Ga Yaad Tujhay Main Yun Hi Subho Sham..,Naqsh-e-Qadam,1979,Amjad Bobby,Masroor Anwar,A. Nayyar,
"Kartay Hayn Mohabbat Sab Hi Magar, Har Dil Ko Sila Kab Milta Hay..",Tum Salamat Raho,1974,Nashad,Masroor Anwar,Ghulam Ali,
"Karti Rahun Gi, Yaad Tujhay Main..",Naqsh-e-Qadam,1979,Amjad Bobby,Masroor Anwar,Mehnaz,
Kash Peh Kash Lagaye Ja..,Dharkan,1976,M. Ashraf,Taslim Fazli,Naheed Akhtar,
"Katey Na Kattay Ray, Ratian, Sayyan Intezar Mein..",Umrao Jan Ada,1972,Nisar Bazmi,Saifuddin Saif,Runa Laila,
Keh Chor Say Chor Milay..,Aavara,1977,Master Inayat Hussain,Fyaz Hashmi,Mehnaz,
Keh Do Tum Mujh Say Ik Bar Keh Mohabbat Ho Geyi..,Farz,1973,Nashad,Masroor Anwar,Ahmad Rushdi,
Keh Har Koi Dil Mangda..,Tarana,1979,M. Ashraf,Riazur Rehman Saghar,Naheed Akthar,
Keh Neino Ka Kajra Main Ayi Tujhay Dikhlanay..,Anhoni,1973,Lal Mohammad Iqbal,?,Runa Laila,
Kehnay Ko Is Jahan Mein Jiye Ja Rahay Hayn Ham..,Mehman,1978,M. Ashraf,Masroor Anwar,Naheed Akhtar,
Kehnay Ko Yeh Ik Geet Hay..,Aap Ka Khadim,1976,Khalil Ahmad,Taslim Fazli,Mehdi Hassan,
"Kehta Hay Pyar, Meri Jan Bhi Nisar, Baliye Teray Liye..",Main Akela,1972,Bakhshi Wazir,?,Masood Rana,
"Kehta Hay Yeh Dil, Koi Jaye Hamen Mil, Ilzam Lagay Koi Ham Par..",Reshma,1970,Amjad Bobby,Tanvir Naqvi,Naseem Begum,
Kehti Hay 2 Dilon Ko Mohabbat Pukar Kay..,Doulat Aur Dunya,1972,Kemal Ahmad,?,Noorjahan,
"Kehti Hay Yeh Raat, Bheegi Bheegi..",Dulhan Ek Raat Ki,1975,Kemal Ahmad,?,Naheed Akhtar,
"Keya Patta Zindagi Ka, Kya Bharosa Hay Kisi Ka (1)..",Jab Jab Phool Khilay,1975,M. Ashraf,Masroor Anwar,Ahmad Rushdi,
"Keya Patta Zindagi Ka, Kya Bharosa Hay Kisi Ka (2)..",Jab Jab Phool Khilay,1975,M. Ashraf,Masroor Anwar,Ahmad Rushdi,
"Khakum Badhan, Kya Khoobin Byan Karun..",Tallaq,1976,Khalil Ahmad,Taslim Fazli,Mehdi Hassan,
Khali Jam Aur Log Paraye..,Main Bani Dulhan,1974,Nazir Ali,?,Mehdi Hassan,
Khamosh Hayn Nazar Ey Ik Bar Muskura Do..,Bandagi,1972,Nashad,Kaleem Usmani,Mehdi Hassan,
"Khankay Payel, Chhankay Ghunghroo..",Chahat,1974,Robin Ghosh,Akhtar Yousuf,Runa Laia,
"Khat Khat Meray Dil Ka Dar, Kis Nay Khatkaya, Kon Aya..",Hamjoli,1970,M. Ashraf,Tanvir Naqvi,Irene Parveen,
Khat Parh Kay Ab Dil Behlta Nahin Sajna..,Insan Aur Aadmi,1970,M. Ashraf,?,Noorjahan,
"Khat Parh Kay Tera, Adhi Mulaqat Ho Geyi..",Neya Rasta,1973,Nashad,?,Mala,
Khata Hay Bin Bulaye Aap Ki Sarkar Mein Aye..,2 Baghi,1970,Manzoor Ashraf,Tanvir Naqvi,Naseem Begum,
"Khichi Hui Hay, Dil Peh Meray Khooni Surkh Lakeer, A Meray Kashmir..",Yeh Aman,1971,A. Hameed,Habib Jalib,Mujeeb Alam,
"Khirki Say Chobaron Say, Jhanka Na Karo..",Rangeela Aur Munawar Zarif,1973,M. Ashraf,Masroor Anwar,Ahmad Rushdi,
Khoob Guzray Gi..,Tarana,1979,M. Ashraf,Masroor Anwar,Naheed Akthar,
"Khoya Hua Pyar, Mujhay Mill Geya Dobara..",Namak Harram,1974,Nisar Bazmi,?,Noorjahan,
Khub Geye 2 Nainwa Kay Teer..,Aina Aur Soorat,1974,M. Ashraf,Masroor Anwar,Noorjahan,
"Khubsoorat Ho Tum, Ham Bhi Kuchh Kam Nahin..",Aao Pyar Karen,1972,M. Ashraf,Kaleem Usmani,Ahmad Rushdi,
"Khuda Bachaye Sada, Tum Ko Husn Walon Say..",Bohat Khoob,1978,Nazir Ali,Taslim Fazli,Samar Iqbal,
"Khuda Hay Mohabbat, Mohabbat Khuda Hay..",Meri Zindagi Hay Naghma,1972,Nisar Bazmi,Shevan Rizvi,Munir Hussain,
Khuda Karay Kay Mohabbat Mein Woh Maqam Aye..,Afshan,1971,Nashad,Taslim Fazli,Noorjahan,
Khuda Karay Kay Mohabbat Mein Yeh Maqam Aye..,Afshan,1971,Nashad,Taslim Fazli,Mehdi Hassan,
"Khuda Kay Naam Par, Ham Gharibon Ko Dena..",Hamlog,1970,Tasadduq Hussain,Muzaffar Warsi,Mala,
Khuda Kay Noor Say Paida Huway Hayn Panchon Tann..,Javani Di Hawa,1973,M. Ashraf,Khawaja Parvez,Inayat Hussain Bhatti,
Khuda Woh Din Na Dikhaye Keh Yeh Gunah Karun..,Moashra,1975,A. Hameed,Taslim Fazli,Mehnaz,
"Khudara, Mohabbat, Mohabbat Na Karna..",Mohabbat,1972,Nisar Bazmi,?,Ahmad Rushdi,
Khul Ja Sim Sim..,Eisar,1975,Nisar Bazmi,Masroor Anwar,Robina Badar & Co.,
Khusbu Kisi Kay Pyar Ki Sanson..,Sabaq,1972,Nisar Bazmi,Kaleem Usmani,Mehdi Hassan,
Khushboo Ko Hawon Mein Bikharna Parhay Ga..,Rastay Ka Pathar,1976,Nashad,Masroor Anwar,Mehdi Hassan,
"Kirnon Kay Jhoolon Say.. Chali Aa, Chali Aa..",Shirin Farhad,1975,Khawaja Khursheed Anwar,Qateel Shafai,Mehdi Hassan & Co.,
Kis Dour Mein Insaf Hua Ahl-e-Wafa Say..,Shirin Farhad,1975,Khawaja Khursheed Anwar,Qateel Shafai,Masood Rana,
"Kis Julmi Sang Ang Laga, Mori Gagar Chhalki Jaye..",Khoon Da Darya,1973,Nazir Ali,Hazin Qadri,Mala,
Kis Ko Sunayen Ja Kar Afsana Zindagi Ka..,Afsana Zindagi Ka,1972,M. Ashraf,?,Noorjahan,
"Kis Naam Say Pukarun, Kya Naam Hay Tumhara..",Gharnata,1971,A. Hameed,Tanvir Naqvi,Noorjahan,
"Kis Nay Bajai Hay Yeh Bansuriya, Mera Dharkanay Laga Jee..",Ek Raat,1972,Nashad,Taslim Fazli,Noorjahan,
Kis Nay Meray Laboon Par Bakheray..,Suhag,1972,Nashad,Masroor Anwar,Noorjahan,
"Kis Nay Tora Hay Dil Hazoor Ka, Kis Nay Thukraya Tera Pyar..",Rangeela,1970,Kemal Ahmad,Khawaja Parvez,Mala,
Kis Qadar Hay Aitmaad..,Azmat,1973,Nashad,Qateel Shafai,?,
"Kis Soch Mein Tum Doobay Ho, Kya Baat Hay..",Dushman Ki Talash,1978,Tafu,Khawaja Parvez,Naheed Akhtar,
"Kis Tarah Jan-e-Wafa, Shouq Ka Izhar Karun..",Bharosa,1977,A. Hameed,Qateel Shafai,Mehdi Hassan,
Kisi Ghar Ka Yeh Bhi Charagh Tha..,Zeenat,1975,Nashad,Taslim Fazli,Syed Nasir Jahan,
"Kisi Ka Dil Geya, Kisi Nay Lay Liya, Kisi Nay Day Diya..",Zindagi Kay Melay,1972,Manzoor,Nazim Panipati,Ahmad Rushdi,
"Kisi Ka Saath Mil Jaye, Meri Taqdeer Ban Jaye..",Farz,1973,Nashad,Masroor Anwar,Ahmad Rushdi,
Kisi Ki Ankhon Nay Kiya Hay Aisa Jadoo..,Mohabbat,1972,Nisar Bazmi,?,Noorjahan,
Kisi Mehrban Nay Aa Kay Meri Zindagi Saja Di..,Shama,1974,M. Ashraf,Taslim Fazli,Naheed Akhtar,
Kisi Nay Kisi Ko Itna Nahin Chaha Ho Ga..,Parakh,1978,Kemal Ahmad,Taslim Fazli,Mehnaz,
Kisi Peh Zulm Jab Koi Samaj..,Ehtjaj,1978,Nashad,?,Mehdi Hassan,
"Kisi Say Dil Na Lagana Kabhi, Khuda Kay Liye..",Kora Kaghaz,1978,Nazir Ali,Taslim Fazli,Noorjahan,
Kissi Ki Eik Nazar Nay Dil Chura Liya Abhi Abhi..,Dil Ek Aina,1972,M. Ashraf,Hazin Siddiqi,Masood Rana,
Kitnay Ashk Piye Hayn Phir Bhi Pyasa Hun..,Mr. Budhu,1973,Kemal Ahmad,Riazur Rehman Saghar,Mala,
Kitni Bar Milay Hayn Leikan Aaj Bhi Yun Lagta Hay..,Noreen,1970,Nisar Bazmi,Masroor Anwar,Mala,
"Kitoray Peh Kotora, Beta Baap Say Bhi Gora..",Jab Jab Phool Khilay,1975,M. Ashraf,Masroor Anwar,Naheed Akhtar,
Kiya Na Jaye Intezaar Aa Ja..,Tum Salamat Raho,1974,Nashad,Masroor Anwar,Noorjahan,
Koi Aya Moray Angna..,Aashna,1970,Nisar Bazmi,Suroor Barabankvi,Mala,
"Koi Deevana, Galay Parh Jaye Ga..",Baat Pohnchi Teri Javani Tak,1974,Nisar Bazmi,Shevan Rizvi,Masood Rana,
Koi Deevar Meray Pyar Mein Jo Aye Gi..,Ham Sab Chor Hayn,1979,Nazir Ali,?,Mehnaz,
"Koi Dil Na Lagaye, Dilbar Ko Rulaye, Yahan Pyar Kisi Ko Raas Na Aye..",Wardat,1976,Safdar Hussain,?,Mala,
"Koi Filmon Ka Hero Bana Day, To Phir Mera Kaam Dekhna..",Mastana,1973,Kemal Ahmad,?,Masood Rana,
"Koi Haseena, Mera Dil Mangay, Inkar Na Ho Ga..",Mastana,1973,Kemal Ahmad,?,Masood Rana,
"Koi Heera To Na Tha, Ik Sheesha Hi Tha..",BeMisal,1975,M. Ashraf,?,Mehdi Hassan,
"Koi Jadugar Aya, Mujhay Apna Banaya..",Sakhi Lutera,1971,Master Rafiq Ali,?,Runa Laila,
"Koi Kar Kay Bahana Chali Aana, Teray Saajan Nay..",Parday Mein Rehnay Do,1973,M. Ashraf,Taslim Fazli,Ahmad Rushdi,
"Koi Keh Day, Nazaron Say Keh Day, Baharon Say Keh Day..",Aakhri Hamla,1972,Lal Mohammad Iqbal,Taslim Fazli,Runa Laila,
Koi Lay Lay Nishani Meri.. Saray Munday Vair Pay Geye..,Dushman Ki Talash,1978,Tafu,Khawaja Parvez,Noorjahan,
Koi Mujhay Kehta Hay Sapno Ki Rani..,Teray Meray Sapnay,1975,Kemal Ahmad,Taslim Fazli,Robina Badar,
"Koi Nahin Dildar Yehan Par, Kis Say Karun Main Pyar..",Aao Pyar Karen,1972,M. Ashraf,Kaleem Usmani,Ahmad Rushdi,
"Koi Yun Bhi Roothta Hay, Mana Meri Khata Hay..",Aas,1973,Nisar Bazmi,Masroor Anwar,Noorjahan,
Kon Kisi Ka Deevana Hay..,Waada,1976,Kemal Ahmad,Riazur Rehman Saghar,Mehdi Hassan,
Kottwalan Hun..,Haivan,1975,A. Hameed,Taslim Fazli,Naheed Akthar,
Kuch Hi Dino Ki Baat Hay..,Suhag,1972,Nashad,Masroor Anwar,Ahmad Rushdi,
"Kuchh Aur Pila Day, Saqia, Har Gham Ko Bhula Day, Saqia..",Shikar,1974,A. Hameed,Taslim Fazli,Naheed Akhtar,
"Kuchh Awazon Kay Saye, Meri Khoj Mein Hayn..",Salam-e-Mohabbat,1971,Khawaja Khursheed Anwar,Qateel Shafai,Noorjahan,
"Kuchh Bolo Na, Bolo Na, Is Dil Kay Angan Mein Aana Hay..",Roshni,1975,Kemal Ahmad,?,Mehnaz,
Kuchh Day Day Ya Kuchh Lay Lay..,Anhoni,1973,Lal Mohammad Iqbal,?,Runa Laila,
Kuchh Is Tarah Tera Rishta Toota Hay..,Pyasa,1973,Nisar Bazmi,?,Noorjahan,
Kuchh Loag Mohabbat Ka Sila Maang Rahay Hain..,Gumrah,1975,Nashad,?,Nayyara Noor,
Kuchh Log Teri Dunya Mein..,Haar Geya Insan,1975,Nisar Bazmi,Riazur Rehman Saghar,Mehdi Hassan,
"Kuchh Un Ki Jafaon Nay Loota, Kuchh Un Ki Inayat Maar Geyi..",Pakeeza,1979,M. Ashraf,Masroor Anwar,Naheed Akhtar & Co.,
Kya Dilruba Hayn Nazaray..,Wehshi,1971,A. Hameed,?,Mujeeb Alam,
Kya Gulbadni Gulbadni Hay..,Abhi To Main Javan Hun,1978,M. Ashraf,Josh,Asad Amanat Ali Khan,
Kya Isi Din Kay Liye Main Nay Mohabbat Ki Thi..,Mera Dil Meri Aarzoo,1971,M. Javed,Atish Ludhyanvi,Masood Rana,
"Kya Kahiye, Kitini Khoobsurat Hay Soorat Janab Ki..",Allah Meri Touba,1974,Amjad Bobby,?,Ahmad Rushdi,
"Kya Mila Zalim Tujhay, Kyun Dil Ka Tukray Kar Diye..",Main Bhi To Insan Hun,1972,M. Ashraf,?,Rangeela,
Kya Nakhray Dikhatay Ho..,Nadan,1973,Lal Mohammad Iqbal,?,Ahmad Rushdi,
Kyn Na Rahon Mein Palken Bichhaen Ham..,Umang,1975,Robin Ghosh,Taslim Fazli,Nayyara Noora,
"Kyun Ham Say Khafa Ho Geye, A Jan-e-Tamanna..",Salam-e-Mohabbat,1971,Rasheed Attray,Qateel Shafai,Mehdi Hassan,
Kyun Kisi Say Pyar Kiya..,Sayyan Anari,1976,Master Rafiq Ali,Mushir Kazmi,Mehdi Hassan,
"Kyun Na Tujhay Pyar Kahun, Kyun Na Karoon Pyar..",Aar Par,1973,M. Ashraf,?,Rajab Ali,
"Kyun Puchhtay Ho, Kya Tum Say Kahun, Main Kis Liye Jeeta Hun..",Bahisht,1974,Rasheed Attray,Tanvir Naqvi,Mehdi Hassan,
"Kyun Roye Shehnai, Dil To Mera Toota, Chot To Main Nay Khai..",Haider Ali,1978,Khawaja Khursheed Anwar,Qateel Shafai,Mehnaz,
Kyun Sharabi Sharab Peeta Hay Aur Phir BeHisab Peeta Hay..,Sargent,1977,Kemal Ahmad,Taslim Fazli,Mehdi Hassan,
"La Day Ray Mohay Jhumka, Sanwaria..",Umang,1975,Robin Ghosh,Taslim Fazli,Mehnaz,
"Laaj Lagay Mohay Sakhi, Kaisay Kahun Kya Hua..",Payel,1970,Karim Shahabuddin,Shair Siddiqi,Sabina Yasmin,
Laaj Rakhni Hay Moula Tu Nay..,Baadal Aur Bijli,1973,Sohail Rana,Sehba Akhtar,Runa Laila,
Lag Rahi Hay Aaj Mujhay Sari Fiza..,Khamosh Nighahen,1971,M. Ashraf,Khawaja Parvez,Ahmad Rushdi,
"Lag Rahi Hay Mujhay, Aaj Sari Fiza, Ajnabi, Ajnabi, Ajnabi..",Anjuman,1970,Nisar Bazmi,Masroor Anwar,Ahmad Rushdi,
"Laga Do Aag, Jall Jaye Mohabbat Ka Nasheman..",Mera Dil Meri Aarzoo,1971,M. Javed,Atish Ludhyanvi,Masood Rana,
Laga Hay Husn Ka Bazar Dekho..,Tehzeeb,1971,Nisar Bazmi,Saifuddin Saif,Mehdi Hassan,
Laga Hay Missar Ka Bazar Dekho..,Tehzeeb,1971,Nisar Bazmi,Saifuddin Saif,Noorjahan,
"Lagg Jao Meray Seena Say, A Meray Ladlo..",Bohat Khoob,1978,Nazir Ali,Taslim Fazli,?,
"Lagi Dil Ki Na Janay, Koi Baat Na Manay..",Ek Phool Ek Pathar,1970,Nashad,Taslim Fazli,Zahida Sultana,
Lagi Sohni Sohni Pyar Wali Nachna A Ajj..,Bazigar,1971,Deebo,?,Runa Laila,
"Lahore Mein Payel Chhankaun, Pindi Tak Pohnchay Chhankara..",Sacha Jhoota,1974,M.A. Shaad,Taslim Fazli,Nayyara Noor,
"Lakh Karo Inkar Sussar Jee, Rang Laye Ga Pyar..",Noukar,1975,M. Ashraf,Taslim Fazli,Mehdi Hassan,
"Lakh Nakhray Dikhao, Sar Jhukana Paray Ga..",Aas,1973,Nisar Bazmi,Masroor Anwar,Noorjahan,
Lakhon Haseen Hayn Mujhay Tum Kyun Pasand Ho..,Khamosh Nighahen,1971,M. Ashraf,Khawaja Parvez,Ahmad Rushdi,
"Lal Lal Honto Peh, Piya Tera Naam Hay..",Dil Nasheen,1975,M. Ashraf,Masroor Anwar,Naheed Akhtar,
"Lal Meri Patt, Rakhio Bala, Jholay Lalan..",Parchhaen,1974,Nashad,?,Noorjahan,
"Lal Meri Patt, Rakho Bala, Jhoolay Lalan..",Main Akela,1972,Bakhshi Wazir,?,Sain Akhtar,
Lalalala..,Saheli,1978,M. Ashraf,Shabab Keranvi,Naheed Akhtar,
"Larh Lagian Di Laaj Nibahin, Door Karen Dukh Es Dharti Day..",Balvant Kour,1975,Hassan Latif,Iftikhar Shahid,Noorjahan,
"Lay Chal Ray Chhailva, Sajania Kay Gaun Mein..",Dil Aur Dunya,1971,Kemal Ahmad,Kemal Ahmad,Rangeela,
Lay Kay Pyar Tera Ankhon Mein Dildar Aa Geya..,Chakkarbaz,1974,Nashad,Taslim Fazli,Tasawur Khanum,
Lehra Kay Pi Jaye..,Raja Jani,1976,Amjad Bobby,Taslim Fazli,Robina Badar,
"Lehrayay, Ball Khayay Chuneria..",Afshan,1971,Nashad,Taslim Fazli,Mala,
Lehron Mein Lehray Gori Mann Mera..,Naag Aur Naagin,1976,Nisar Bazmi,Saifuddin Saif,Mehdi Hassan,
"Life Is A Dance, Let's Enjoy, Don't Think Why, Don't Be Silly..",Society Girl,1976,Nazir Ali,Taslim Fazli,Naheed Akhtar,
"Light Down Kar Do, Pehlay Hui Chandni..",Meri Dushmani,1976,Kemal Ahmad,Khawaja Parvez,Naheed Akhtar,
"Likh Di Ham Nay, Aaj Ki Sham, Aap Ki Khatir, Aap Kay Naam..",Neik Parveen,1975,A. Hameed,Riazur Rehman Saghar,Naheed Akhtar,
"Likh Dijiye, Ik Pyar Ki Arzi, Meray Naam..",Mulaqat,1973,Nisar Bazmi,Kaleem Usmani,Ahmad Rushdi,
"Limaza Tunzurni, Jan-e-Jana, Yeh Ulfat Hay Keh Nafrat, Bata Do..",Al-Asifa,1971,Rehman Verma,?,Naseem Begum,
"Lo Aa Gein Baharen, Aaya Samaa Suahna..",Surayya Bhoopali,1976,A. Hameed,Saifuddin Saif,Mehdi Hassan,
"Lo Aa Gein Baharen, Aya Samaa Suhana..",2 Aansoo,1976,Nazir Ali,Khawaja Parvez,Mehdi Hassan,
"Lo Aya Sawan, Sajay Ga..",Nishani,1979,Jozi Anjum,Taslim Fazli,Naheed Akhtar,
"Lo Chhori, Chhappak Chhallo, Lo Dil Say Dil Badal Lo..",Mastana,1973,Kemal Ahmad,?,Masood Rana,
"Lo Dekho Kar Geyi Deevan Mujhay, Ik Larki Sharmeeli Si..",Chori Chori,1979,Nashad,Taslim Fazli,Ghulam Abbas,
"Lo Us Nay Kaha, Ham Teray Hayn, Allah Duhai Duhai Hay..",Road To Swat,1970,Tasadduq Hussain,Mouj Lakhnavi,Mala,
"Log Deevanay Hayn, Kya Kaam Kiya Kartay Hayn, Phoolon Ko Chhor Kar..",Bin Baadal Barsat,1975,Shamim Nazli,Taslim Fazli,Tasawur Khanum,
Log Yahan Kay Bhool Geye O Ray Apnay Des Ki Boli.. Dak Dina Din..,Aina Aur Soorat,1974,M. Ashraf,Taslim Fazli,Ahmad Rushdi,
Loki Kehnday Nay Meinu Chhappan Chhurri..,Anhoni,1973,Lal Mohammad Iqbal,?,Runa Laila,
"Loot Liya Ray Mann Chain Ray, Moh Say Nain Malai Kay..",Sacha Jhoota,1974,M.A. Shaad,Taslim Fazli,Tasawur Khanum,
"Loshay, Gul Day Pamman, Gul Day Janana, Tu Meri Deevani..",Aakhri Hamla,1972,Lal Mohammad Iqbal,Taslim Fazli,Ahmad Rushdi,
Lovely Lovely Jhoota..,Aabroo,1974,Nashad,Taslim Fazli,Nayyara Noor,
Lyrics unknown..,Neya Andaz,1979,A. Hameed,Qateel Shafai,A. Nayyar,
Lyrics unknown..,Tera Gham Rahay Salamat,1973,M. Ashraf,?,Ahmad Rushdi,
Lyrics unknown..,Aansoo Bahaye Pathron Nay,1971,M. Ashraf,?,Ahmad Rushdi,
Lyrics unknown..,Accident,1978,Kemal Ahmad,?,Ahmad Rushdi,
Lyrics unknown..,Sabaq,1972,Nisar Bazmi,Kaleem Usmani,Mala,
Lyrics unknown..,Kon Apna Kon Praya,1972,?,?,Ahmad Rushdi,
Lyrics unknown..,Ganvar,1975,Nisar Bazmi,?,Ahmad Rushdi,
Lyrics unknown..,Beyond The Last Mountain,1976,Sohail Rana,?,Ahmad Rushdi,
Lyrics unknown..,Pehli Nazar,1977,Master Inayat Hussain,?,Akhlaq Ahmad,
Lyrics unknown..,Dushman Ho To Aisa,1978,Nazir Ali,?,Ahmad Rushdi,
Lyrics unknown..,Insan Aur Gadha,1973,Nashad,?,Ahmad Rushdi,
Lyrics unknown..,Pehli Nazar,1977,Master Inayat Hussain,Qateel Shafai,Ghulam Abbas,
Lyrics unknown..,Sazish,1976,Kemal Ahmad,?,Akhlaq Ahmad,
Lyrics unknown..,Muthi Bhar Chaval,1978,Kemal Ahmad,?,Mehnaz,
Lyrics unknown..,Barat,1978,M. Ashraf,Taslim Fazli,Ahmad Rushdi,
Lyrics unknown..,Mujhay Galay Laga Lo,1976,Nazir Ali,?,Mehdi Hassan,
Lyrics unknown..,Pehli Nazar,1977,Master Inayat Hussain,Qateel Shafai,Ghulam Abbas,
Lyrics unknown..,Jan Kay Dushman,1979,Kemal Ahmad,?,Ahmad Rushdi,
Lyrics unknown..,Pyar Ka Waada,1977,Khalil Ahmad,?,Ahmad Rushdi,
Lyrics unknown..,Naam Kay Nawab,1973,Nashad,?,Ahmad Rushdi,
Lyrics unknown..,Neya Andaz,1979,A. Hameed,Qateel Shafai,Munir Hussain,
Lyrics unknown..,Anari,1975,M. Ashraf,Taslim Fazli,Naheed Akthar,
Lyrics unknown..,Geo Aur Jeenay Do,1976,Robin Ghosh,?,Akhlaq Ahmad,
Lyrics unknown..,Pathar Kay Sanam,1974,Lal Mohammad Iqbal,?,Ahmad Rushdi,
Maa Pyari Maa..,Masoom,1975,Khalil Ahmad,Muzaffar Warsi,Mala,
Maan Ley Apni Haar Bhala Kyun Dil Tarpati Hay..,Talash,1976,Nisar Bazmi,Masroor Anwar,Ahmad Rushdi,
"Maar Dala Najaria Malai Kay, Hey..",Hamjoli,1970,M. Ashraf,Tanvir Naqvi,Nazir Begum,
"Maghroor Haseeno Say.. Allah Door Rakhay, Moula Door Rakhay..",Meri Dushmani,1976,Kemal Ahmad,Khawaja Parvez,Ahmad Rushdi,
"Mahi Meri Jind Jan, Aj Karan Main Elan, Loko, Meini Pyar Ho Geya..",Bazigar,1971,Deebo,?,Runa Laila,
"Main Aashiq Nahin Parwana Nahin, Main Jalta Nahin, Jalata Hun..",Insan Aur Sheitan,1978,Kemal Ahmad,?,Rajab Ali & Co.,
Main Aisay Mein Khush Hun..,Pazeb,1972,Lal Mohammad Iqbal,Fyaz Hashmi,Runa Laila,
Main Andar Aa Sakta Hun..,Soorat Aur Seerat,1975,M. Ashraf,Taslim Fazli,Ahmad Rushdi,
Main Bheegi Barsat Mein.. Tay Kambni Aan Dil Phar Kay..,Dushman Ki Talash,1978,Tafu,Khawaja Parvez,Naheed Akhtar,
"Main Bhi Ik Sharif Thi, Haan Magar Gharib Thi..",Salakhen,1977,Kemal Ahmad,Taslim Fazli,Naheed Akhtar,
"Main Bijli Hun, Main Shola Hun, Door Hi Rehna Dunya Walo..",Doulat Aur Dunya,1972,Kemal Ahmad,?,Noorjahan & Co.,
"Main Chhupa Sakun Ga Kaisay, Teray Pyar Ko Jahan Say..",Shama-e-Mohabbat,1977,M. Ashraf,Shabab Keranvi,Mehdi Hassan,
Main Dharti Hun..,Chaltay Chaltay,1979,M. Ashraf,Kaleem Usmani,Naheed Akhtar,
"Main Galion Ka Raja, Meray Naghmay Meray Sathi..",Main Bhi To Insan Hun,1972,M. Ashraf,?,Rangeela,
"Main Haseen Hun, Tu Jawan, Pyar Ka Zamana Hay..",Yeh Rastay Hayn Pyar Kay,1970,Azam Baig,Mushir Kazmi,Noorjahan,
"Main Ho Gei Dildar Ki, Honay Lagi Chubban Pyar Ki..",Teray Meray Sapnay,1975,Kemal Ahmad,Younis Hamdad,Naheed Akhtar,
Main Hoti Ik Morni Aur Tu Hota Ik Mor..,Barat,1978,M. Ashraf,Taslim Fazli,Mehnaz,
Main Hun Awaz Aur Tu Hay..,Sindbad,1975,Master Abdullah,?,Mehdi Hassan,
Main Hun Chhail Chhabeeli Nari..,Mout Meri Zindagi,1979,Rafiq Ali,Basheer Khokhar,Shazia,
"Main Hun Ek Hazron Mein, Jaisay Chand Sitaron Mein..",Seeta Maryam Margrette,1978,A. Hameed,Qateel Shafi,Naheed Akhtar,
"Main Hun Hoor Arab Ki, Mujh Peh Nazar Hay Sab Ki..",Sindbad,1975,Master Abdullah,?,Noorjahan,
"Main Hun Shama, Tu Hay Parwana..",Aansoo,1971,Nazir Ali,?,Mala,
"Main Hun Teri, Mera Pyar Nahin Jhoota, Sajna..",Jab Jab Phool Khilay,1975,M. Ashraf,Masroor Anwar,Noorjahan,
"Main Hun Titli Ajeeb, Aana Na Qareeb..",Insan Aur Aadmi,1970,M. Ashraf,?,Noorjahan,
"Main Hun Wafa, Tu Hay Jan-e-Wafa, Kar Na Sakay Gi Yeh Dunya Juda..",Jeenay Ki Rah,1977,Tafu,Khawaja Parvez,Mehdi Hassan,
"Main Hun Yahan, Tu Hay Kahan..",Gharnata,1971,A. Hameed,Tanvir Naqvi,Mehdi Hassan,
"Main Hun, Rastey Ka Pathar, Hay Naseeb Mera Thokar..",Rastay Ka Pathar,1976,Nashad,Masroor Anwar,Akhlaq Ahmad,
Main Husn Ki Masoom Ada Dekh Raha Hun..,Intekhab,1978,Nisar Bazmi,Masroor Anwar,Mehdi Hassan,
Main Is Liye Peeta Hun Keh Yaad Na Sataye..,Meri Zindagi Hay Naghma,1972,Nisar Bazmi,Shevan Rizvi,Ahmad Rushdi,
"Main Jawani Kay Pehlay Hi Saal Mein, Phans Geya Hun..",Ishq Ishq,1977,Kemal Ahmad,Taslim Fazli,Ahmad Rushdi,
Main Jis Din Bhula Dun Tera Pyar..,Khushboo,1979,M. Ashraf,?,Mehdi Hassan,
Main Jis Din Bhula Dun Tera Pyar Dil Say..,Khushboo,1979,M. Ashraf,Masroor Anwar,Mehnaz,
Main Jo Kehta Hun Begunah..,Ik Gunah Aur Sahi,1975,Nisar Bazmi,?,Mehdi Hassan,
"Main Jo Shair Kabhi Hota, Tera Sehra Kehta..",Bahisht,1974,A. Hameed,Riaz Shahid,Mehdi Hassan,
Main Kisay Dhundti Main Kisay Chahti Tum Na Milte Agar..,Dhamaka,1974,Lal Mohammad Iqbal,?,Shehnaz Begum,
Main Koi Phool Aur Kyun Mangu Bahar Say..,Wehshi,1971,A. Hameed,?,Noorjahan,
"Main Kya Janu Ray, Pyar Wyar Hota Hay Kya, Tu Hi Janay Ray..",Payel,1970,Karim Shahabuddin,Shair Siddiqi,Sabina Yasmin,
Main Mom Ki Gurya Hun..,Intezar,1974,Nisar Bazmi,?,Noorjahan,
"Main Na Jaun Gi Susral, Mera Mian Kamaye Na..",Sharmili,1978,Karim Shahabuddin,Younis Hamdam,Mehnaz & Co.,
Main Na Kisi Say Pyar..,2 Badan,1974,M. Ashraf,Khawaja Parvez,Runa Laila,
Main Nay Dhoonda Jisay Baghon Mein Baharon Mein..,Dulhan Ek Raat Ki,1975,Kemal Ahmad,?,Noorjahan,
"Main Nay Dunya Say Allag, Kahin Dekha Na Suna..",Jaal,1973,Nazir Ali,Masroor Anwar,Ahmad Rushdi,
Main Nay Har Rang Wafa Bhar Diya Armano Ka..,Chalo Maan Geye,1970,Basheer Ahmad,Basheer Ahmad,Mala,
Main Nay Ik Aashian Banaya Tha..,Rim Jhim,1971,Nashad,Shevan Rizvi,Noorjahan,
"Main Nay Kaha Mohtarama, Na Manay Tum To Main Tum Ko Mohabbat Ki..",Bedardi,1970,Feroz Gul,Fyaz Hashmi,Ahmad Rushdi,
Main Nay Khud Apna Ghar Jalaya Hay..,Parai Aag,1971,Khawaja Khursheed Anwar,Tanvir Naqvi,Noorjahan,
Main Nay Parda Uthaya..,Yahan Say Vahan Tak,1979,Wajahat Attray,Masroor Anwar,Mehnaz,
Main Nay Pehlay Hi Kaha Tha Keh Mohabbat Na Karo..,Baat Pohnchi Teri Javani Tak,1974,Nisar Bazmi,Shevan Rizvi,Mehdi Hassan,
Main Nay Pehlay Hi Kaha Tha Keh Mohabbat Na Karo..,Baat Pohnchi Teri Javani Tak,1974,Nisar Bazmi,Shevan Rizvi,Noorjahan,
Main Nay Tujhay Bulaya Tha..,Haqeeqat,1974,M. Ashraf,Khawaja Parvez,Ahmad Rushdi,
Main Pee Raha Hun To Phir Kya Hua?..,Nanha Farishta,1974,M. Ashraf,Kaleem Usmani,Mehdi Hassan,
"Main Pyar Nibhaun Gi, Aaj Meray..",2 Badan,1974,M. Ashraf,Khawaja Parvez,Noorjahan,
"Main Rahi Matwala Hun, Door Hay Mujh Ko Jana..",Sakhi Lutera,1971,Master Rafiq Ali,?,Ahmad Rushdi & Co.,
"Main Shair To Nahin, Ghazal Kehnay Ko Jee Chaha..",Mohabbat Zindagi Hay,1975,M. Ashraf,Masroor Anwar,Mehdi Hassan,
Main Sharabi Nahin..,Dil Aur Dunya,1971,Kemal Ahmad,Saeed Gilani,Ahmad Rushdi,
"Main Sharabi To Nahin Tha, Magar A Sanam..",2 Rangeelay,1972,Kemal Ahmad,?,Ahmad Rushdi,
"Main Sharabi, Sharabi.. Teri Surat Nigahon Mein Phirti Rahay..",Licence,1976,Wajahat Attray,Aziz Mian,Aziz Mian Qawwal & Co.,
Main Sochtahun Keh Kal Kis Qadar..,Yahan Say Vahan Tak,1979,Wajahat Attray,Masroor Anwar,Mehdi Hassan,
Main Sochti Hun..,Yahan Say Vahan Tak,1979,Wajahat Attray,Masroor Anwar,Mehnaz,
Main Tay Maaran Ga Dolatti Sansar Nu..,Insan Aur Gadha,1973,Nashad,?,Rangeela,
Main Tera Shehr Chhor Jaun Ga..,Shama Aur Parvana,1970,Nisar Bazmi,Saifuddin Saif,Mujeeb Alam,
"Main Teray Ajnabi Shehr Mein, Dhundhta Phir Raha Hun Tujhay..",Shama Aur Parvana,1970,Nisar Bazmi,Masroor Anwar,Mujeeb Alam,
Main Teri Yaad Ko Is Dil Say Mitata Kaisay..,Khak Aur Khoon,1979,Nisar Bazmi,Qateel Shafai,Mehdi Hassan,
Main To Chali Hawa Kay Sang..,Bano Rani,1974,M. Ashraf,Kaleem Usmani,Runa Laila,
Main To Hun Teri..,Neya Andaz,1979,A. Hameed,Qateel Shafai,Naheed Akhtar,
Main To Jala Aisa Jeevan Bhar..,Aag,1979,M. Ashraf,?,A. Nayyar,
Main To Lun Gi Tera Naam Sajna..,Baghi Haseena,1973,M. Ashraf,Khawaja Parvez,Mala,
Main To Mar Geyi Budhay Say Shadi Kar Kay..,Haqeeqat,1974,A. Hameed,Khawaja Parvez,Naheed Akhtar,
Main To Marun Gi Ghonsa..,Mom Ki Guriya,1976,Robin Ghosh,Taslim Fazli,Nayyara Noor,
"Main To Na Boli, Meray Bol Uthay Kangna..",Teray Meray Sapnay,1975,Kemal Ahmad,Taslim Fazli,Naheed Akhtar,
Main Tujhay Nazar Kya Doon..,Anhoni,1973,Lal Mohammad Iqbal,Dukhi Premnagri,Ahmad Rushdi,
Main Tum Say Abhi Begana Sahi..,Yahan Say Vahan Tak,1979,Wajahat Attray,Masroor Anwar,Mehdi Hassan,
"Makhan Jaisi Larki Hay Tu, Ghussa Hay Toofan Ka..",Jasoos,1977,Tafu,Fyaz Hashmi,Mehdi Hassan,
"Makhmoor Jawani Ki Ada, Teray Liye Hay..",Parai Aag,1971,Khawaja Khursheed Anwar,Tanvir Naqvi,Irene Parveen,
"Malmal Ka Kurta Hay, Joban Peh Raat Hay..",Jab Jab Phool Khilay,1975,M. Ashraf,Masroor Anwar,Naheed Akhtar,
Mana Keh Tu Hay Haiwan..,Haivan,1975,A. Hameed,Taslim Fazli,Mehnaz,
"Maney Na Bairi Balma, Mora Mann Tarpaye..",Umrao Jan Ada,1972,Nisar Bazmi,Saifuddin Saif,Runa Laila,
"Mangton Ko Kuchh Day Day, Tujh Ko Allah Hi Day Ga..",Love in Jungle,1970,Tasadduq Hussain,Rizwan Ejaz,Ahmad Rushdi,
Manjhi Manjhi Pyar Pukaray..,Operation Karachi,1971,Lal Mohammad Iqbal,Sehba Akhtar,Runa Laila,
Mann Ja Put Balya..,Ab Ghar Janay Do,1979,M. Ashraf,?,Shoukat Ali,
"Mann Jhoomay, Mann Gaye..",Naag Aur Naagin,1976,Nisar Bazmi,Saifuddin Saif,Mehnaz,
"Mann Main Tera Pyar Hay, Main Ki Karran..",Parvarish,1979,Amjad Bobby,Masroor Anwar,Mehnaz,
"Mann Mein Uthi Neyi Tarang, Nachay Mora Ang Ang..",Naag Muni,1972,Nisar Bazmi,Habib Jalib,Noorjahan,
Manzil Hay Agar Door To Barhtay Hi Rahen Gay..,Mout Meri Zindagi,1979,?,Mehmood Shahid,Mala,
"Manzil Hay Na Hamdam Hay, Kuchh Hay To Agar (Slow)..",Main Akela,1972,Bakhshi Wazir,?,Mala,
"Manzil Hay Na Hamdam Hay, Kuchh Hay To Agar Dam Hi Dam Hay..",Main Akela,1972,Bakhshi Wazir,?,Masood Rana,
"Manzil Hay Na Hamdam Hay, Kuchh Hay To Agar Dam Hi Dam Hay (Slow)..",Main Akela,1972,Bakhshi Wazir,Mushir Kazmi,Masood Rana,
"Mara Ray Mara, Mara Tori Najar Nay, Loota Ray Loota..",Ek Raat,1972,Nashad,Taslim Fazli,Runa Laila,
"Marna Hay Agar Ham Ko, Teray Dar Peh Maren Geyn..",Aakhri Chattan,1970,Master Rafiq Ali,Mushir Kazmi,Batish,
"Marnay Ki Duaen Kyun Mangu, Jeenay Ki Tamanna Kon Karay..",Chand Suraj,1970,Nashad,Moin Hassan Jazbi,Habib Wali Mohammad,
"Marr Geya, Lutt Geya, Dil Geya, Main Tabah Ho Geya..",Shikar,1974,A. Hameed,Taslim Fazli,Masood Rana,
Mashriqi Rang Ko Chhor Kar Ham Nay Bhi Maghrabi Rang Apna Liya..,Mohabbat Zindagi Hay,1975,M. Ashraf,Masroor Anwar,Ahmad Rushdi,
Mat Soch Pyaray..,Pyasa,1973,Nisar Bazmi,?,Runa Laila,
"Matlab Ki Deevani Dunya, Kabhi Na Karna Pyar..",Anjan,1970,Manzoor Ashraf,Khawaja Parvez,Mala & Co.,
Mausam Suhana Hay Dil Bhi Deewana Hay..,Bano Rani,1974,M. Ashraf,Kaleem Usmani,Nayyara Noor,
"Mausum To Deevana Hay, Bara Hi Deevana Hay..",2 Sathi,1975,Robin Ghosh,Akhtar Yousuf,Nayyara Noor,
Maye Ni Meinu Wanga Charha Day..,Khak Aur Khoon,1979,Nisar Bazmi,Asghar Ali Kousar,Ishrat Jahan & Co.,
Mazaq Mazaq Mein Dil Day Baithi..,Abhi To Main Javan Hun,1978,M. Ashraf,Taslim Fazli,Naheed Akhtar,
Me Raqsam Me Raqsam..,Inqilab,1978,Rehman Verma,Mushir Kazmi,Tasawur Khanum,
"Meh Khanay Mein Sham Hui, Har Su Masti, Aam Hui..",Tiger Gang,1974,?,Riazur Rehman Saghar,Runa Laila,
"Mehboob Kay Jalwon Mein, Kya Cheez Nazar Ayi..",Nasheman,1976,M. Ashraf,?,Munir Hussain,
Mehboob Kay Rangeen Jalwon..,Rangeela Aur Munawar Zarif,1973,M. Ashraf,Masroor Anwar,Noorjahan,
Mehboob Kay Rangeena..,Rangeela Aur Munawar Zarif,1973,M. Ashraf,Masroor Anwar,Runa Laila,
"Mehbooba, Mehbooba, Bana Lo Ghar Wala..",Allah Meri Touba,1974,Amjad Bobby,?,Ahmad Rushdi,
"Mein Eik Chor Hun, Dil Ko Churana Mera Kaam Hay..",Zanjeer,1975,M. Ashraf,Masroor Anwar,Ahmad Rushdi,
"Mera Aanchal Ura Kay Lay Geyi, Zulmi Hawa Mastani..",Aao Pyar Karen,1972,M. Ashraf,Kaleem Usmani,Runa Laila & Co.,
"Mera Bandar Nachay Babu, Nachay Ray Babu Ray..",Ek Phool Ek Pathar,1970,Nashad,Taslim Fazli,Musarrat Jahan,
"Mera Bandar Nachay Babu, Nachay Ray Babu Ray..",Ek Phool Ek Pathar,1970,Nashad,Taslim Fazli,Ahmad Rushdi,
"Mera Dil Bhi Ho Geya Hay, Teray Pyar Mein Deevana..",Na Chhura Sako Gay Daaman,1975,M.A. Shad,?,Tasawur Khanum,
"Mera Dil Bhi Pyar Karna Mangta Hay, Pyar Mein Jo Bhi Hota Hay..",Cheekh,1977,Kemal Ahmad,Saeed Gilani,Mehnaz,
"Mera Dil Churanay Walay, Raho Na Yun BeKhabar..",Bedardi,1970,Feroz Gul,Asad Hussain Azal,Mala,
Mera Dil Ghabrata Hay..,Kalu,1977,A. Hameed,Saifuddin Saif,Naheed Akhtar,
Mera Dil Na Jane Kab Say Tera Pyar Dhoondta Hay..,Hill Station,1972,Nashad,Taslim Fazli,Basheer Ahmad,
"Mera Dil To Ho Geya Hay, Teray Husn Ka Deevana..",Na Chhura Sako Gay Daaman,1975,M.A. Shad,?,Ahmad Rushdi,
"Mera Habib Hay Tu, Mera Naseeb Hay Tu, Aa Ja Ray Aa Ja..",2 Baghi,1970,Manzoor Ashraf,Tanvir Naqvi,Irene Parveen,
"Mera Iman Mohabbat Hay, Mohabbat Ki Qasm..",Naag Muni,1972,Nisar Bazmi,Habib Jalib,Mehdi Hassan,
Mera Jeevan To Hay..,Black Cat,1977,Wajahat Attray,Saeed Gilani,Naheed Akhtar,
Mera Jiya Na Lagay Ray Pehli Bar..,Ek Raat,1972,Nashad,Taslim Fazli,Rehana Yasmin,
Mera Khayal Bhi Hazoor Kar Layn..,Baharon Ki Manzil,1973,Nashad,?,Mala,
Mera Kuchh Haq To Nahin Hay..,Khab Aur Zindagi,1973,A. Hameed,Qateel Shafai,Mehdi Hassan,
Mera Mann Lehraya..,Anmol,1973,Nisar Bazmi,Masroor Anwar,Runa Laila,
"Mera Mehboob Aa Gya, Mann Mera Lehra Gya..",Neend Hamari Khab Tumharay,1971,M. Ashraf,Kaleem Usmani,Masood Rana,
"Mera Mehboob Bara Dil Wala, Lagta Hay Mujh Ko Dunya Say Nirala..",Sadhu Aur Sheitan,1973,Kemal Ahmad,Khawaja Parvez,Noorjahan,
Mera Mehboob Hay Gul-e-Rang Nazar On Ki Tarah..,Dil Ka Shehar,1973,Nisar Bazmi,?,Ahmad Rushdi,
Mera Mehboob Meray Pyar Ka Qatil Nikla..,Main Bhi To Insan Hun,1972,M. Ashraf,?,Rangeela,
Mera Pyar Bhra Sansaar Lutta Manzil Pe Sathi Chhot Gaya..,Meri Mohabbat Teray Havalay,1972,Kemal Ahmad,Kaleem Usmani,Naseem Begum,
Mera Pyar Teray Jeevan Kay Sang Rahay Ga..,Pehchan,1975,Nisar Bazmi,Masroor Anwar,Mehnaz,
Mera Pyar Teray Jeevan Kay Sang Rahay Ga..,Pehchan,1975,Nisar Bazmi,Masroor Anwar,Mehdi Hassan,
"Mera Pyar Tujhay Tarpaye Ga, Meri Jan Tu Lot Kay Aye Ga..",Yeh Rastay Hayn Pyar Kay,1970,Azam Baig,A. Shah (Ajiz),Nazir Begum,
"Mera Pyar Tum Hi Ho, Sajna..",Farz Aur Mamta,1975,M. Ashraf,Kaleem Usmani,Nayyara Noor,
"Mera Sajan, Mujh Say Begana, Kaisay Dil Ki Baat Bataun..",Mastana,1973,Kemal Ahmad,?,Nayyara Noor,
Mera Sanwra Sajjan Aa Geya..,2 Tasviren,1974,Nisar Bazmi,Zaigham Hamdi,Noorjahan,
"Meray Dil Kay Central Jail Mein Aa, Chahay Bus Mein Aa..",Kousar,1969,Inayat Hazrawi,Qateel Shafai,Saleem Chodhary,
Meray Dil Ki Dharkano Mein..,Parchhaen,1974,Nashad,Taslim Fazli,Ahmad Rushdi,
Meray Dil Ki Dharkano Mein Tera Pyar Muskaraya..,Neya Rasta,1973,Nashad,?,Noorjahan,
Meray Dil Ki Hay Awaz Keh Bichhra Yaar Milay Ga..,Baharo Phool Barsao,1972,Nashad,Shevan Rizvi,Masood Rana,
Meray Dil Ko Torne Wale..,Daaman Ki Aag,1976,M.A. Shaad,Taslim Fazli,Mehdi Hassan,
Meray Dil Say Zindagi Bhar Tera Pyar Kam Na Ho Ga..,Dil Kay Daagh,1978,A. Hameed,?,Mehdi Hassan,
"Meray Dil Say Zindagi Bhar, Tera Pyar Kam Na Ho Ga..",Waada,1976,Kemal Ahmad,?,Mehdi Hassan,
Meray Geeton Ki Sada Sun Kay Paltana Ho Ga..,Allah Meri Touba,1974,Amjad Bobby,?,Ahmad Rushdi,
"Meray Hamdam, Tujhay Pa Kar..",Aarzoo,1975,M. Ashraf,Masroor Anwar,Mehdi Hassan,
Meray Hotay Huay Saghar Ki Zarurat Kya Hay..,Goonj Uthi Shehnai,1976,M. Ashraf,Taslim Fazli,Naheed Akhtar,
Meray Khawabon Ki Taabir Hay Tu..,Mr. Ranjha,1979,Rajab Ali,?,Ghulam Abbas,
Meray Khayal Nay Aisa Sanam Tarasha Hay..,Subah Ka Tara,1974,Kemal Ahmad,Younis Hamdam,Nayyara Noor,
Meray Khayal Nay Kaisa Sannam Tarasha Hay..,Subah Ka Tara,1974,Kemal Ahmad,Younis Hamdam,Mehdi Hassan,
Meray Khuda Mujhay Itni Zindagi To..,Pyar Ka Waada,1977,Khalil Ahmad,?,Mehdi Hassan,
"Meray Lal, Meri Dua Hay Yahi, Bara Ho Kay Tu Ghazi Banay..",Haider Ali,1978,Khawaja Khursheed Anwar,Qateel Shafai,Mehnaz,
Meray Liye Ban Kay Woh Bahar Aa Geya..,Taqdeer Kahan Lay Ayi,1976,Manzoor,Ruby,Mala,
"Meray Man Ko Bhagwan Sataye.. Bhala Jee, Tum Dekho Ray Logo..",Shirin Farhad,1975,Khawaja Khursheed Anwar,Qateel Shafai,Tasawur Khanum & Co.,
Meray Mehboob Ka Aaya Hay Mohabbat Nama..,Shama-e-Mohabbat,1977,M. Ashraf,?,Naheed Akthar,
"Meray Mehboob Ki Tarah Mujh Par, A Khuda, Tu Bhi Merhban Ho Ja..",Kubra Ashiq,1973,M. Ashraf,Masroor Anwar,Masood Rana,
Meray Mehboob Rukk Jayo..,Usay Dekha Usay Chaha,1974,Sohail Rana,Fyaz Hashmi,Ahmad Rushdi,
Meray Mehboob Teri Nargasi..,Main Bani Dulhan,1974,Nazir Ali,?,Noorjahan,
Meray Mehboob Tu In Shoukh Nazaron Say Haseen..,Tera Gham Rahay Salamat,1973,M. Ashraf,Khawaja Parvez,Mehdi Hassan,
"Meray Mehboob, Meray Pyar Kay Qabil Tu Hay..",Mujrim Kon,1970,Kemal Ahmad,?,Mehdi Hassan,
"Meray Mehboob, Meray Pyar Kay Qabil Tu Hay..",Mujrim Kon,1970,Kemal Ahmad,?,Noorjahan,
"Meray Munnay Meray Lal, Jiye Jiye Hazaron Saal..",Imandar,1974,Nashad,Taslim Fazli,Robina Badar,
"Meray Pir Dastgir.. Ban Kay Har Gham Ki Tasvir, Aye Hayn..",Aakhri Hamla,1972,Lal Mohammad Iqbal,Taslim Fazli,Runa Laila & Co.,
"Meray Piya Ayen Gay, Sham Dhalay..",Pyar Hi Pyar,1974,Nisar Bazmi,Taslim Fazli,Runa Laila,
"Meray Samnay Hay, Meray Dil Ki Manzil, Isay Choom lun..",Taqdeer Kahan Lay Ayi,1976,Manzoor,Ruby,Mala,
Meray Seenay Pe Sar Rukhdo Meray Dil Main Samajao..,Hill Station,1972,Nashad,Taslim Fazli,Bashir Ahmad,
"Meray Siwa Kisi Say Jo Itni Wafa Milay, Jo Chor Ki Saza Hay..",Kora Kaghaz,1978,Nazir Ali,Taslim Fazli,Naheed Akhtar,
"Meray Watan Kay Ghazio, Tuhen Kisi Ka Khouf Kya..",Sarhad Ki Goad Mein,1973,Nisar Bazmi,Qateel Shafai,Masood Rana,
Meri Aahon Say Mohabbat Ka Jahan Jalnay Laga..,Dil Ek Aina,1972,M. Ashraf,Hazin Siddiqi,Rajab Ali,
Meri Aarzoo Bhi Tu Hay Meri Zindagi Bhi Tu Hay..,Daaman Ki Aag,1976,M.A. Shaad,Taslim Fazli,Naheed Akhtar,
Meri Ankhen Bhi To Hazir Hayn Inkar Na Ho..,Najma,1970,Master Inayat Hussain,Qateel Shafai,Mala,
Meri Ankhon Mein Pyar Ki Masti..,Parvarish,1979,Amjad Bobby,Masroor Anwar,Naheed Akhtar,
Meri Behna Sukhi Rehna Yahi Dil Ki Tamanna Hay..,Bano Rani,1974,M. Ashraf,Kaleem Usmani,Ghulam Ali,
"Meri Chahat Ko Sahara Mil Geya, Zinda Rehnay Ka Ishara Mil Geya..",Reshma,1970,Amjad Bobby,Tanvir Naqvi,Runa Laila,
Meri Dua Hay Keh Tu Ban Kay Mahtab Rahay..,Charagh Kahan Roshni Kahan,1971,M. Ashraf,Kaleem Usmani,Masood Rana,
Meri Duaa Hay Saath Tere..,Aamna Samna,1977,Nazir Ali,?,Mehdi Hassan,
"Meri Dunya Aur Meri Zindgani, Aap Hayn..",Phir Chand Niklay Ga,1970,Sohail Rana,Anjum Keranvi,Ahmad Rushdi,
"Meri Ek Paheli Sakhio Bhoojo, Neend Nahin Aye Jab..",Dilruba,1975,M. Ashraf,Taslim Fazli,Naheed Akhtar & Co.,
"Meri Guddo Rani, Milaye Doodh Mein Pani..",Bedardi,1970,Feroz Gul,Aarzoo Akbarabadi,Tasawur Khanum,
"Meri Guria, Ladli, Sab Say Pyari Hay..",Zeenat,1975,Nashad,Taslim Fazli,Mehdi Hassan,
Meri Jan Meri Jan Yehi Zindagi Hay..,Bandagi,1972,Nashad,Kaleem Usmani,Ahmad Rushdi,
"Meri Jan Yaar Basha, Hua Hay Pyar Basha..",Baharo Phool Barsao,1972,Nashad,Shevan Rizvi,Ahmad Rushdi,
"Meri Marzi, Main To Gaun Gi..",Aas,1973,Nisar Bazmi,Taslim Fazli,Runa Laila,
"Meri Mehboob Haseena, Teri Chahat Hay Jeena..",Khamosh Nighahen,1971,M. Ashraf,Khawaja Parvez,Ahmad Rushdi,
"Meri Naagan Jaisi Chaal Chaal, Meray Resham Jaisay Baal..",Road To Swat,1970,Tasadduq Hussain,Mouj Lakhnavi,Mala,
Meri Nabz Dekh Kar Dawa Dijiye..,Ajnabi,1975,Nisar Bazmi,?,Nayyara Noor,
Meri Nazar Lar Geyi Ray Daghabaz BeIman Say..,Ek Phool Ek Pathar,1970,Nashad,Taslim Fazli,Mala,
"Meri Pyari Behna, Har Dam Hansti Rehna..",Jaal,1973,Nazir Ali,Masroor Anwar,Mehdi Hassan,
"Meri Pyari Pyari Sahiba, Tera Mirza Arz Karay..",Daaman Aur Chingari,1973,M. Ashraf,Masroor Anwar,Ahmad Rushdi,
"Meri Salgirah Hay Bolo, Bolo Na Bolo Na..",Tallaq,1976,Khalil Ahmad,Taslim Fazli,Babby Musarrat,
"Meri Sarkar, Zara Paas Aa Na, Itni Bhi Jaldi Kya Hay, Na Na Na..",Garhasti,1971,Tafu,Hazin Siddiqi,Masood Rana,
"Meri Taal Peh Jhoomay Zamana, Mujhay Log Kahen Deevana..",Paisa,1975,Nashad,?,Masood Rana,
Meri Wafa Ka Aaj Hua Hay Kitna Haseen Anjam..,Soudagar,1972,M. Ashraf,Khawaja Parvez,Runa Laila,
"Meri Wafa Ka Taqaza Hay, Mujh Say Pyar Karo..",Doulat Aur Dunya,1972,Kemal Ahmad,?,Mehdi Hassan,
"Meri Wafaon Ka Yahi Sila Tha, Achha Kiya Bhula Diya..",Dil Aur Dunya,1971,Kemal Ahmad,?,Rangeela,
Meri Zindagi Hay Ik Khilona..,2 Badan,1974,M. Ashraf,Khawaja Parvez,Mehdi Hassan,
Meri Zindagi Kay Sathi Meray Sath Sath Chalna..,Neya Rasta,1973,Nashad,?,Noorjahan,
"Mil Geyi Aasman Say Zamin, Mujh Ko Aata Nahin Hay Yaqeen..",Parai Aag,1971,Khawaja Khursheed Anwar,Tanvir Naqvi,Naseem Begum,
Mil Jata Hay Yaar Magar Pyar Nahin Milta..,Pakeeza,1979,M. Ashraf,Masroor Anwar,Ghulam Abbas,
Mila Jo Pyar Tumhara Bahar Aai Hay..,Night Club,1971,Shamim Nazli,Khawaja Parvez,Mala,
"Milay Do Sathi, Khili Do Khalian..",Amber,1978,Robin Ghosh,Taslim Fazli,Nayyara Noor,
"Milay Do Sathi, Khili Do Khalian..",Amber,1978,Robin Ghosh,Taslim Fazli,A. Nayyar,
Milay Gi Kabhi To Khushi..,Chaltay Chaltay,1979,M. Ashraf,Kaleem Usmani,Mehnaz,
Milay Jo Koi To Apna Bana Lun..,Savan Aya Tum Nahin Aye,1974,Ali Kazmi,Akhtar Yousuf,Mala,
"Mili Gul Ko Khushbu, Mujhay Mil Geya Tu..",Naseeb Apna Apna,1970,Lal Mohammad Iqbal,Masroor Anwar,Runa Laila,
Mili Hay Aaj Zamanay Ki Har Khushi Mujh Ko..,Afshan,1971,Nashad,Taslim Fazli,Ahmad Rushdi,
Miltay Jultay Rahiye Ga..,Mera Naam Hay Mohabbat,1975,M. Ashraf,Taslim Fazli,Mehdi Hassan,
Min Toa Kannon Say Kaatoon Gee..,Dhamaka,1974,Lal Mohammad Iqbal,Suroor Barabankvi,Shehnaz Begum,
Mitti Kay Khilonay Babu Lay Ja..,Mann Ki Jeet,1972,M. Ashraf,Ehsan Danish,Runa Laila,
"Mitwaray, Kitna Dukhi Hay Insan, Koi Na Janay..",Haqeeqat,1974,A. Hameed,Khawaja Parvez,Masood Rana,
"Mohabbat Ka Ishara Ho Geya, Hamara Dil, Tumhara Ho Geya..",Shahi Faqeer,1970,Tasadduq Hussain,Mouj Lakhnavi,Tani,
"Mohabbat Ka Maza Aanay Laga Hay, Nigahon Mein Nasha Chhanay..",Aakhri Chattan,1970,Master Rafiq Ali,Mushir Kazmi,Mala,
"Mohabbat Karnay Walo Ham, Mohabbat Is Ko Kehtay Hyan..",Chand Suraj,1970,Nashad,Arzoo Akbarabadi,Ghulam Farid,
"Mohabbat Karnay Walo, Mohabbat Kis Ko Kehtay Hayn..",Ilzam,1972,Nashad,Ghulam Farid Sabri Qawwal,Ghulam Farid Sabiri,
"Mohabbat Ki Qasm Tum Ko, Yeh Waaday Wafa Karna..",Parai Aag,1971,Khawaja Khursheed Anwar,Tanvir Naqvi,Noorjahan,
Mohabbat Ki Zuban..,Naqsh-e-Qadam,1979,Amjad Bobby,Masroor Anwar,Mehnaz,
Mohabbat Ko Tim Meri Manzil..,Eisar,1975,Nisar Bazmi,?,Mehdi Hassan,
Mohabbat Zindagi Hay Aur Tum Meri Mohabbat Ho..,Tum Salamat Raho,1974,Nashad,Masroor Anwar,Noorjahan,
Mohabbat Zindagi Hay Aur Tum Meri Mohabbat Ho..,Tum Salamat Raho,1974,Nashad,Masroor Anwar,Mehdi Hassan,
"Mohabbaton Kay Qadardan, Na Shehar Mein, Na Gaon Mein..",Jalay Na Kyun Parvana,1970,Nashad,Taslim Fazli,Nadeem,
"Mohabta Pa Lian Way Akhian La Lian, Mera Dil ChupChupeetay..",Ucha Naa Pyar Da,1971,Tafu,Khawaja Parvez,Mala,
Mohe Panghat Peh Annand Lal Chher Gayo Re..,Zeenat,1975,Nashad,Taslim Fazli,Mehdi Hassan,
"Mora Jiya Na Lagay Bin Teray, Yaar..",Pyar Hi Pyar,1974,Nisar Bazmi,Taslim Fazli,Ustad Amanat Ali Khan,
Moray Mann Ki Nagariya Main Aaye Maharaj..,Mohammad Bin Qasim,1979,Tasadduq Hussain,Habib Jalib,Mala,
"Mori Payel Bari Mohnzor, Machaye Bara Shor..",Tiger Gang,1974,Khalil Ahmad,Riazur Rehman Saghar,Shehnaz Begum,
"Motor Wali Mai, Deti Ja Ik Paisa..",Ganvar,1975,Nisar Bazmi,N/A,Masood Rana,
"Moula, Tera Bara Karm Hay..",Zindagi Ek Safar Hay,1972,A. Hameed,?,Ahmad Rushdi,
Mousam Bhi Haseen..,Zarq Khan,1973,Kemal Ahmad,?,?,
"Mubarak Ho Tujay Meray Yaar, Nei Nei Shadi Aur Nya Nya Pyar..",BeImaan,1973,Kemal Ahmad,Kaleem Usmani,Ahmad Rushdi & Co.,
Mubarak Hon Tujh Ko Neyi Rang Ralian..,Aansoo Ban Geye Moti,1970,Master Inayat Hussain,Qateel Shafai,Mala,
Mujh Ko Dil Chahiye Na Jan..,Eisar,1975,Nisar Bazmi,?,Mehdi Hassan,
Mujh Ko Gham-e-Haalat Ki Tasvir Samjhana..,Suhag,1972,Nashad,Masroor Anwar,Noorjahan,
Mujh Ko Manzil Bhi Tum Banao Gay..,Waqt,1976,Nashad,Taslim Fazli,Naheed Akhtar,
Mujh Ko Mila Aisa Mehboob..,Jahan Barf Girti Hay,1972,Lal Mohammad Iqbal,?,Ahmad Rushdi,
"Mujh Sa Tujh Ko Chahnay Wala, Is Dunya Mein Koi Aur Ho..",Yaaden,1971,M. Ashraf,Taslim Fazli,Rajab Ali,
"Mujh Say Tujh Ko Pyar Hay Kitna, Meri Jan Bata..",Parai Aag,1971,Khawaja Khursheed Anwar,Tanvir Naqvi,Rajab Ali,
"Mujhay Aksar Khayal Aye, Koi Uljhan Suljhaye..",Parai Beti,1970,Nazar Sabir,Mouj Lakhnavi,?,
Mujhay Apna Bana Sajna..,Gumrah,1975,Nashad,Taslim Fazli,Naheed Akthar,
"Mujhay Dil Say Na Bhulana, Chahay Rokay Yeh Zamana..",Aina,1977,Robin Ghosh,Taslim Fazli,Nayyara Noor,
"Mujhay Dil Say Na Bhulana, Chahay Rokay Yeh Zamana..",Aina,1977,Robin Ghosh,Taslim Fazli,Mehdi Hasan,
"Mujhay Dil Say Na Bhulana, Chahay Rokay Yeh Zamana..",Aina,1977,Robin Ghosh,Taslim Fazli,Mehnaz,
Mujhay Jan Say Bhi Pyara Mehboob Mil Geya Hay..,Dillagi,1974,Master Rafiq Ali,Basheer Khokhar,Mujeeb Alam,
"Mujhay Kar Dey Na Deevana, Teray Andaz Mastana..",Neya Rasta,1973,Nashad,?,Mehdi Hassan,
"Mujhay Lay Chal, Yahan Say Door, Un Wadion Mein..",Parastish,1977,Wajid Ali Naashad,Taslim Fazli,Mehnaz,
"Mujhay Lay Chal, Yehan Say Door, Un Wadiyon Mein..",Amber,1978,Robin Ghosh,Taslim Fazli,Mehnaz,
Mujhay Nachnay Do Keh Shaid Yeh Ghunghroo..,Anmol,1973,Nisar Bazmi,Masroor Anwar,Runa Laila,
"Mujhay Pyar Say Jab Bhi Awaz Do, Main To Chali Aun Meray Dilbaro..",Yeh Aman,1971,A. Hameed,Habib Jalib,Mujeeb Alam,
Mujhay Pyar Sikhay Day..,2 Aansoo,1976,Nazir Ali,?,Mala,
Mujhay Teri Najaria Nay..,Teray Meray Sapnay,1975,Kemal Ahmad,Taslim Fazli,Naheed Akhtar,
Mujhay Teri Qasm..,Inteqam Kay Sholay,1976,Karim Shahabuddin,Masroor Anwar,Mehnaz,
Mujhay Teri Qasm..,Inteqam Kay Sholay,1976,Karim Shahabuddin,?,Mehnaz,
"Mujhay To Achha Lagta Hay, Meri Sanson Mein Basta Hay..",Sharmili,1978,Karim Shahabuddin,Younis Hamdam,Mala,
"Mujhay Tum Bhool Na Jana, Pyar Ki Laaj Nibhana..",Garhasti,1971,Tafu,Hazin Siddiqi,Noorjahan,
"Mukh Mor Chala, Dil Tor Chala, Bedardi Mora Baalma..",Shama Parvana,1970,Niaz Ahmad,M. Sultan,Runa Laila,
Mummmi Ko Manana Hamen Aata Hay..,"Mazi, Haal Aur Mustaqbil",1978,A. Hameed,Saifuddin Saif,Musarrat Shamsa,
"Munnay, Dua Hay Meri, Aye Tujh Mein Aur Daleri..",Hamlog,1970,Tasadduq Hussain,Muzaffar Warsi,Masood Rana,
"Munnay, Tum Ek Kaam Karo, Apny Abba Ji Ko Ram Karo..",Aag Aur Aansoo,1976,Nisar Bazmi,Taslim Fazli,Mehnaz,
"Murjhaye Huay Phoolon Ki Qasm, Is Des Mein Phir Na Aun Ga..",Dillagi,1974,Master Rafiq Ali,Mushir Kazmi,Masood Rana,
"Mushkil Hay Meray Dil Say, Teray Pyar Ko Mitana..",Shahi Faqeer,1970,Tasadduq Hussain,Riazur Rehman Saghar,Irene Parveen,
Mushkil Kar Diya Jeena..,Pardes,1972,Nazir Ali,?,Ahmad Rushdi,
Muskarata Rahay Ashiana..,Insaniyat,1976,Nashad,Taslim Fazli,Akhlaq Ahmad,
"Muskarati Hui Tehreer Nazar Ayi Hay, Aaj Banti Hui Taqdeer Nazar Ayi Hay..",Shikva,1975,Nashad,Taslim Fazli,Mehnaz,
"Na Ab Woh Samaa Hay, Na Hayn Woh Fazaen..",Pardes,1972,Nazir Ali,?,Naseem Begum,
Na Beqarar Karo Khudara Piyar Karo..,Daaman Ki Aag,1976,M.A. Shaad,Taslim Fazli,Rajab Ali,
"Na Beta Hun, Na Bhai Hun, Mujhay Rishton Ki Pehchan Nahin..",Bohat Khoob,1978,Nazir Ali,Taslim Fazli,Ahmad Rushdi,
"Na Dil Apna, Na Woh Apnay Keh Veeran Hay Jahan Apna..",Jhuk Geya Aasman,1970,Deebo,Sehba Akhtar,Runa Laila,
Na Do Gay Agar Tum Wafa Ka Sahara To Yaden Mera Dil Jalati Rahen Gi..,AnDaata,1976,Kemal Ahmad,Khawaja Parvez,Mehnaz,
"Na Ghar Say Nikalna, Yun Zulfen Bakheray..",Shama,1974,M. Ashraf,Taslim Fazli,Mehdi Hassan,
"Na Ham Tum Sya Juda, Na Tum Ham Say Juda Ho..",Afsana,1970,Nashad,Tanvir Naqvi,Ahmad Rushdi,
"Na Ja Meray Dilruba, Sun Lay Dil Ki Sada..",Garhasti,1971,Tafu,Hazin Siddiqi,Masood Rana,
"Na Ja, Tu Na Ja Ray, Main Tohay Binti Karun..",Mr. 420,1970,Lal Mohammad Iqbal,Dukhi Premnagri,Khursheed Begum,
Na Janay Kis Liye Ham Par Qayyamat Dhai Jati Hay..,Umrao Jan Ada,1972,Nisar Bazmi,Saifuddin Saif,Runa Laila,
Na Janay Kyun Mujhay Bhooli Kahani..,Deevar,1976,M. Ashraf,?,Mehdi Hassan,
"Na Jee Bhar Kay Dekha, Na Kuchh Baat Ki..",Mohabbat Mar Nahin Sakti,1977,Nashad,Taslim Fazli,Rajab Ali,
"Na Karna Pyar Kisi Say, Ho Geyi Ruswai..",Sakhi Lutera,1971,Master Rafiq Ali,?,Mala,
Na Khud Peh Ikhtiar Na Dil Peh..,Raja Jani,1976,Amjad Bobby,Taslim Fazli,Mehdi Hassan,
Na Koi Dharka..,Kalu,1977,A. Hameed,Saifuddin Saif,Mehnaz,
"Na Koi Gila Hay Mujh Ko, Na Koi Shikhayat Hay..",Zanjeer,1975,M. Ashraf,Masroor Anwar,Mehdi Hassan,
"Na Koi Waada Hua, Na Koi Iqrar Hua..",Insan,1977,Khawaja Khursheed Anwar,Qateel Shafai,Mehnaz,
"Na Maa Ka Pyar Mila Aur Na Baap Ka Saya, Qadam Qadam PEh Zamanay Nay..",Bin Baadal Barsat,1975,Shamim Nazli,?,Mala & Co.,
"Na Main Panchi Hun, Na Main Baadal Hun..",Aavara,1977,Master Inayat Hussain,Fyaz Hashmi,Masood Rana,
"Na Qasmen Khayn Gi, Na Pyar Jataun Gi..",Bohat Khoob,1978,Nazir Ali,Taslim Fazli,Naheed Akhtar,
"Na Ro Behna Meri, Muskara, Apnay Aansoo Meri Aankh Mein Daal Day Day..",Subah Ka Tara,1974,Kemal Ahmad,?,Rangeela,
"Na Ro Bhayya Meray, Muskara, Apnay Aansoo Meri Aankh Mein Daal Day..",Subah Ka Tara,1974,Kemal Ahmad,?,Runa Laila,
"Na Saqi Hay, Na Qehba Hay..",Sindbad,1975,Master Abdullah,?,?,
Na To Main Kisi Ka Naseeb Hun..,Zebun Nisa,1976,Master Inayat Hussain,Kaleem Usmani,Rajab Ali,
"Na, Na, Na Ray..",Nishani,1979,Jozi Anjum,Taslim Fazli,Naheed Akhtar,
Naadan Thay Ham Jo Aap Ki Mehfil Mein Aa Geye..,Mitti Kay Putlay,1974,M. Ashraf,Akhtar Yousuf,Nadeem,
"Naam Aaye Na Tera, Pyar Ki Ruswai Mein..",Surayya Bhoopali,1976,A. Hameed,Saifuddin Saif,Mehdi Hassan,
"Naata Pyar Ka Hay, Pyar Say Joriye..",Parda Na Uthao,1974,M. Ashraf,Masroor Anwar,Ahmad Rushdi,
"Nachao, Kahan Tak Nahcao Gay..",Haivan,1975,A. Hameed,Taslim Fazli,Mehnaz,
"Nachay, Meri Banhon Mein Ruswai..","Roti, Kapra Aur Insan",1977,Bakhshi Wazir,?,Mehnaz,
Nachun Gi Sanwarya..,Main Bhi To Insan Hun,1972,M. Ashraf,?,Runa Laila,
"Naghma O Shehar Say Hay Pyar Mujhay, Kah Hay Is Dil Peh Ikhtiar Mujhay..",Soughat,1970,Sohail Rana,Masroor Anwar,Runa Laila,
Nagwar-e-Khatir Na Ho To Kuchh Arz Karun..,Haqeeqat,1974,A. Hameed,Khawaja Parvez,Ahmad Rushdi,
"Nahin Dekhi, Zindagi Mein Kabhi, Aisi Masood Surat..",Nei Tehzeeb,1979,M. Ashraf,?,Mehdi Hassan,
Nain Kisi Say Milaye..,Qayamat,1978,Khalil Ahmad,?,Nighat Akbar,
Nain Nay Pyar Kiya Tum Say..,Takrao,1978,Tafu,Khawaja Parvez,Naheed Akhtar,
"Naina Ray Naina, Tum Hi Buray, Tum Say Bura Na Koi..",Ishq Ishq,1977,Kemal Ahmad,?,Mehdi Hassan,
Naina Tahare Mann Lay Gayo Re..,2 Rastay,1979,M. Ashraf,?,Mehdi Hassan,
Naino Mein Kaajal..,Neik Parveen,1975,A. Hameed,Qateel Shafai,Mehnaz & Co.,
Nainon Wali Ik Larki Say..,Daaman Ki Aag,1976,M.A. Shaad,Taslim Fazli,Ahmad Rushdi,
"Nainwa Chalayen Ban, Kisi Ko Pehchanay Na..",Anjuman,1970,Nisar Bazmi,Saroor Barabankvi,Noorjahan,
"Najar Meri Banwri, Saajan Say Lar Geyi Hay..",Parvarish,1979,Amjad Bobby,Masroor Anwar,Naheed Akhtar,
"Najariya Wajariya Mila Lay, Mohabbat Mohabbat Bhi Ho Jaye Gi..",Umang,1975,Robin Ghosh,Taslim Fazli,Nadeem,
Najiria Say Gori Tu Nay Ham Ka..,Paisa,1975,Nashad,?,Mehdi Hassan,
"Naraz Na Ho To Arz Karun, Dil Tum Say Mohabbat Karta Hay..",Neend Hamari Khab Tumharay,1971,M. Ashraf,Kaleem Usmani,Masood Rana,
"Nasha Mujhay Zaroor Hay, Halka Sa Ik Saroor Hay..",Aashna,1970,Nisar Bazmi,Suroor Barabankvi,Ahmad Rushdi,
Nasheeli Raat Phir..,Sabaq,1972,Nisar Bazmi,Kaleem Usmani,Runa Laila,
Naz Kar Magar Husn Peh Yun Naz Na Kar..,Meri Zindagi Hay Naghma,1972,Nisar Bazmi,Shevan Rizvi,Naseem Begum,
Nazar Mein Jhoom Rahi Hay Khushi Qareeb Meray..,Kousar,1969,Inayat Hazrawi,Qateel Shafai,Irene Parveen,
Nazar Mila Kar Chalay Geye Hayn Magar Tasawur Mein Aa Rahay Hayn..,Chand Suraj,1970,Nashad,Josh Malihabadai,Mehdi Hassan,
Nazar Nazar Say Milao..,Raja Jani,1976,Amjad Bobby,Taslim Fazli,Mehdi Hassan,
Nazar Nazar Say Milo Keh Raat..,Zubaida,1976,Kemal Ahmad,?,Mehdi Hassan,
Nazar Palaye To Jaam Kya Hay..,Tiger Gang,1974,Khalil Ahmad,Riazur Rehman Saghar,Shehnaz Begum,
"Nazren Tars Rahi Hayn, Dekhen Tera Nizara..",Takht Aur Taj,1970,Rehman Verma,?,Irene Parveen,
Nazron Ki Haseen Tanhaion Mein..,Zubaida,1976,Kemal Ahmad,?,Mehdi Hassan,
"Neelay Neelay Aasman Peh Kya Hay, Bhujho To Janay..",Sangam,1977,Kemal Ahmad,Taslim Fazli,Ghulam Abbas,
"Neya Safar Hay Khoon Ka, Janoon Ka, Magar Chalay Chalo..",Khak Aur Khoon,1979,Nisar Bazmi,Ahmad Faraz,Akhlaq Ahmad,
Neye Saal Ka Tohfa Bhaija Hay Oncle Tom Nay..,Mohabbat Aur Mehngai,1976,Kemal Ahmad,?,Ahmad Rushdi,
Neye Saal Ka Tohfa Bheja..,Mohabbat Aur Mehngai,1976,Kemal Ahmad,Taslim Fazli,Ahmad Rushdi,
"Nichhawar Kar Chuka Hun Dil.. Ijazat Ho, Sitaray Maang Mein Bhar Dun..",Honeymoon,1970,Deebo,Sehba Akhtar,Masood Rana & Co.,
"Nigah Neechi Kiye, Sar Jhukaye Baithay Hayn..",Chand Suraj,1970,Nashad,Shevan Rizvi,Noorjahan,
"Nigah Neechi Kiye, Sar Jhukaye Baithay Hayn..",Chand Suraj,1970,Nashad,Shevan Rizvi,Mehdi Hassan,
"Nigahen Jhukaye, Badan Simtaye, Dulhania Chali..",Parai Beti,1970,Ghulam Nabi,Tanvir Naqvi,Runa Laila,
Nigahon Say Dil Main Chalay Aao..,Meri Mohabbat Teray Havalay,1972,Kemal Ahmad,Kaleem Usmani,Mala,
"Niklo Kitabon Say, Uljhay Hisabon Say..",Zindagi,1978,M. Ashraf,Akhtar Yousuf,Mehnaz,
Nili Hun Chori Chori..,Ab Ghar Janay Do,1979,M. Ashraf,Riazur Rehman Saghar,Mehnaz,
Nina To Nina..,Bobby And Julie,1978,Karim Shahabuddin,Adeem Hashmi,Alamgir,
"Nindiya Rani, Aa, Tu Aye To Sukh Kay Sapnay Dekhen Meray Lal..",Jeenay Ki Rah,1977,Tafu,Khawaja Parvez,Noorjahan,
"Niqab To Hatahiye, Koi Dekhta Bhi Hay To Us Ka Gham Na Khaye..",Bahisht,1974,A. Hameed,Riaz Shahid,Ahmad Rushdi,
Nishani Meray Pyar Ki..,Nishani,1979,Jozi Anjum,Taslim Fazli,Naheed Akhtar,
Nishani Meray Pyar Ki..,Nishani,1979,Jozi Anjum,Taslim Fazli,Ghulam Abbas,
"O Baharo, O Jawan Shoukh, Rangeen Nazaro, Kya Yeh Sach Hay..",Maina,1970,Basheer Ahmad,Basheer Ahmad,Mala,
"O Ballay Ballay, Heye Ghussa Dildar Ka, Ruab Jamaye..",Baghi Haseena,1973,M. Ashraf,Khawaja Parvez,Runa Laila,
"O Bankay Sanwaya, Chala Day Tamancha, Katakh Kar Kay..",2 Daku,1978,Kemal Ahmad,Taslim Fazli,Noorjahan,
"O Barkha Rani, Teri Meharbani..",Kora Kaghaz,1978,Nazir Ali,Taslim Fazli,Naheed Akhtar,
"O Bigri Banao Meri, Tajdar-e-Madina (saw)..",Love in Jungle,1970,Tasadduq Hussain,Fyaz Hashmi,Mala,
O Chup Reh Kar Iqrar Kiya Hay..,Zaroorat,1976,A. Hameed,Saifuddin Saif,Mehnaz & Co.,
"O Dekho, Dekho Sanwari Sakhi, O Banwari Sakhi..",Najma,1970,Master Inayat Hussain,Qateel Shafai,Mala,
"O Dekho, Tum Ko Hay Aana, Mana Na Na Na Na..",Love in Europe,1970,M. Ashraf,Tanvir Naqvi,Irene Parveen,
"O Dilbar Sohniye, Palt Kay Dekh Lay..",Allah Meri Touba,1974,Amjad Bobby,?,Ahmad Rushdi,
O Gal Muk Geyi..,Chaltay Chaltay,1979,M. Ashraf,Kaleem Usmani,Naheed Akhtar,
"O Haseena, Maan Lay Apnay Deevanay Ka Kehna..",Love in Jungle,1970,Tasadduq Hussain,Fyaz Hashmi,Ahmad Rushdi,
"O Jaith Jee, Aaj Main Tujh Ko Nachawan Gi..",Shabana,1976,M. Ashraf,Taslim Fazli,Naheed Akhtar,
"O Jan-e-Man, Aa Dil Mein Sama, Yeh Mehfil Haseen Hay..",Kirdar,1970,Jameel Khusro,Shahid Delvi,Runa Laila,
"O Janay Walay, Main Teray Qurban, Khuda Hafiz..",Dulhan Ek Raat Ki,1975,Kemal Ahmad,?,Noorjahan,
"O Jani, Main Hun Teri Deevani, Main Khushboo..",Dushman Ki Talash,1978,Tafu,Ruby,Naheed Akhtar,
"O Jee O, Suno To, A Mastani Mehbooba..",Aao Pyar Karen,1972,M. Ashraf,Kaleem Usmani,Ahmad Rushdi,
O Kanta Lago Ray..,Gharana,1973,M. Ashraf,Kaleem Usmani,Runa Laila,
"O Kuja-e-Fe-Khanum.. Na Jan, Na Pehchan....",Mujrim Kon,1970,Kemal Ahmad,?,Ahmad Rushdi,
"O Lay Lay Dil, Dil, Dil, Woh Jeena Kya Jeena, Jis Mein Pyar Na Ho Shamil..",Doulat Aur Dunya,1972,Kemal Ahmad,?,Mala,
"O Main To Aai Ray, Tu Hi Na Aya Ray, Julmi Toray Rah Taki Main Haari..",Chalo Maan Geye,1970,Basheer Ahmad,Basheer Ahmad,Sabina Yasmin,
"O Mama Meray, O Chacha Meray..",Pazeb,1972,Lal Mohammad Iqbal,Fyaz Hashmi,Akhlaq Ahmad,
"O Mera Babu, Chhail Chhabeela, Main To Nachun Gi..",Mann Ki Jeet,1972,M. Ashraf,Shabab Keranvi,Runa Laila,
O Meray Des Ki Baat Hay Nirali..,Pehchan,1975,Nisar Bazmi,Masroor Anwar,Akhlaq Ahmad,
"O Meray Dildar, Chhoro Gay To Na..",Bhai Bhai,1972,Tufail Farooqi,?,Mala,
O Meray Sajna Main Mauj Hun Darya Ki Tu Mera Kinara Hay..,Society,1973,M. Ashraf,Khawaja Parvez,Nadeem,
"O Meray Sanwaria, Bansuria Bajay Ja..",Baray Mian Divanay,1977,Kemal Ahmad,?,Mehnaz,
O Meri Jane Wafa Wada Karen Piyar Ka..,Aabshar,1978,M. Ashraf,?,A. Nayyar,
"O Mujhay Bekhudi Mein, Qarar Aa Gya Hay..",Kirdar,1970,Jameel Khusro,Shahid Delvi,Munir Hussain,
"O Mukh Morh Lay, Ankh Chura Kay..",Bikhray Moti,1975,Master Inayat Hussain,?,Inayat Hussain Bhatti,
O My Darling..,Tehzeeb,1971,Nisar Bazmi,Saifuddin Saif,Runa Laila,
O My Love..,Qayamat,1978,Khalil Ahmad,Masroor Anwar,Mehnaz,
O Pawwan Parwaya..,Umang,1975,Robin Ghosh,Taslim Fazli,Akhlaq Ahmad,
"O Piya, Ham Teray Deevanay, Tu Janay, Ya Na Janay..",AnDaata,1976,Kemal Ahmad,Khawaja Parvez,Naheed Akhtar,
"O Sajna, Galay Say Laga, Kab Say Hun Pyasi Teray Pyar Ki..",Cheekh,1977,Kemal Ahmad,Saeed Gilani,Noorjahan,
"O Sitamgar, Mohabbat Saza Ho Gei..",Insan,1977,Nashad,Saeed Gilani,Mehnaz,
"O Sitamgar, Yeh Mera Raqs, Teri Mout Ka Pegham Na Ho..",Al-Asifa,1971,Rehman Verma,?,Noorjahan,
"Oho, Kurri Sair Karay Gi..",Shikar,1974,A. Hameed,Riazur Rehman Saghar,Masood Rana,
Ojhal Ho Gya Hay Ashian..,Badlay Gi Dunya Sathi,1972,Tafu,?,Mehdi Hassan,
"Once Upon A Time, Ek Thi Jan-e-Ghazal..",Na Chhura Sako Gay Daaman,1975,M.A. Shad,?,Ahmad Rushdi,
"Oye Nain Larh Geye Chhokria Say, Uyi, Uyi, Uyi..",Farz Aur Mamta,1975,M. Ashraf,Kaleem Usmani,Masood Rana,
"Oyi Meray Allah, Kon Aya Mera Samnay..",BeWafa,1970,Nisar Bazmi,Kaleem Usmani,Mala,
"Paas Bula Lo, Ang Laga Lo..",Chahat,1974,Robin Ghosh,Akhtar Yousuf,Runa Laia,
Pabb Mein Ghunghroo Bandh Kay Nachay..,Mout Meri Zindagi,1979,Master Rafiq Ali,Ruby,Mehnaz,
Pag Lagay Dasi Darsh Ki Pyasi..,Naag Muni,1972,Nisar Bazmi,Habib Jalib,Noorjahan & Co.,
"Pagal, Be-Waqoof, Idhar Aa..",Amber,1978,Robin Ghosh,Taslim Fazli,Nayyara Noor,
"Pak Watan Ki Dharti Pyari, Ham Ko Apni Jan Say Pyari..",Aina Aur Soorat,1974,M. Ashraf,Taslim Fazli,Ahmad Rushdi,
"Pakki Ho Geyi Baat, Ho Geyi Pakki Baat, Ab To Sajay Ga..",Shikva,1975,Nashad,Taslim Fazli,Naheed Akthar,
Palken Utha Kay Dekha Zara..,Aabroo,1974,Nashad,Taslim Fazli,Mehdi Hassan,
"Palkon Ki Chilmen Kya, Zulfon Ka Sawan Kya..",Ankhon Ankhon Mein,1978,M. Ashraf,?,Naheed Akhtar,
"Pall Mein Janay Kya Ho Jaye, Waqt Ki Mala Bikhri Jaye..",Dilruba,1975,M. Ashraf,Taslim Fazli,Naheed Akhtar,
Panchhi Bola Ray..,Savan Aya Tum Nahin Aye,1974,Ali Kazmi,Akhtar Yousuf,Ali Kazmi,
"Pani Ray Pani, Mat Kar Nadani..",Geo Aur Jeenay Do,1976,Robin Ghosh,Taslim Fazli,Mehnaz,
"Papiya, Piya Piya Bolay Meray.. Balma, Dheeray Dheeray Aa Ja..",Pyar Ka Mousam,1975,Tasadduq Hussain,Mouj Lakhnavi,Noorjahan,
Pappu Yaar Tang Na Kar..,Insan Aur Farishta,1976,M. Ashraf,Taslim Fazli,Ahmad Rushdi,
Par Aaj Na Aajna..,Aag Aur Aansoo,1976,Nisar Bazmi,Taslim Fazli,Mehnaz,
"Parda Na Uthao, Nahin To Main..",Parda Na Uthao,1974,M. Ashraf,Masroor Anwar,Mala,
"Parda Utha Kay Jan-e-Man, Soorat To Deikh Li..",Ankhon Ankhon Mein,1978,M. Ashraf,?,Mehnaz,
"Pas Aa, Meri Jan, Khoob Maza Aye Ga..",Miss Hippy,1974,Robin Ghosh,?,Nayyara Noor,
Pas Meray Aao Na..,Anokhi,1976,Robin Ghosh,Kaleem Usmani,Mehnaz,
"Paseena Ponchhiye, Apni Jabeen Say..",Namak Harram,1974,Nashad,?,Ahmad Rushdi,
Patta Jo Kharka..,Gata Jaye Banjara,1972,Lal Mohammad Iqbal,?,Ahmad Rushdi,
Payel Chhanka Kay..,Aar Par,1973,M. Ashraf,?,Runa Laila,
"Payil Chhannan Chhanan Chhanke, Naghma Ban Kay..",Pardes,1972,Nazir Ali,?,Mehdi Hassan,
Peena Pilana Chhor Day..,Naqsh-e-Qadam,1979,Amjad Bobby,Masroor Anwar,Mehnaz,
Peepal Kay Pattay Pe Theray Na Paani..,Aabshar,1978,M. Ashraf,?,Naheed Akhtar,
"Pehlay Kadi Main Janda, Jhoota A Tera Pyar Ni..",Ucha Naa Pyar Da,1971,Tafu,Khawaja Parvez,Rajab Ali,
Pehli Bar Dhak Dhak Kar Kay Jab Dil Dil Say Milta Hay..,Nasheman,1976,M. Ashraf,?,Naheed Akhtar,
Pehlu Mein Dil Zor Say Dharka Pehli Bar..,Mastana,1973,Kemal Ahmad,?,Masood Rana,
Phaila Hua Hay Rang Fizaon Mein Noor Ka..,Zebun Nisa,1976,Master Inayat Hussain,Kaleem Usmani,Mehdi Hassan,
Phela Hua Hay Rang Fazaon Mein..,Zubaida,1976,Kemal Ahmad,?,Mehdi Hassan,
Phir Utha Pehlu Mein Dard-e-Dil..,Shahi Faqeer,1970,Tasadduq Hussain,Mushir Kazmi,?,
"Phool Bakhero, Naghmay Chherao, Pyar Lutao, Aya Hay Jan-e-Baharan..",Sakhi Lutera,1971,Master Rafiq Ali,?,Mala & Co.,
Phool Bun Jaaon Gi..,Qismat,1974,Nashad,Taslim Fazli,Nayyara Noor,
"Phool Jharren Munh Say, Hansay Jo Dilruba, Jawani Bhi Juda Hay..",Shahi Faqeer,1970,Tasadduq Hussain,Mushir Kazmi,Masood Rana,
Phoolon Ki Tarah Mehkay..,Haar Geya Insan,1975,Nisar Bazmi,Taslim Fazli,Nayyara Noor,
Phoolon Ko Dekh Dekh Kay Sharma Rahay Hayn Aap Kyun..,Mera Naam Hay Mohabbat,1975,M. Ashraf,Taslim Fazli,Mehdi Hassan,
"Piya Main Hun Chand Aur Sab Chakor, Nahin Koi Aur Mujh Sa..",Darinda,1970,Gul Haidar,Qateel Shafai,Nazir Begum,
"Piya O Piya, Lagay Ga Kaisay Jiya, Jab Chhoot Geya..",Jalay Na Kyun Parvana,1970,Nashad,Taslim Fazli,Mala,
Piya Piya Rat Kay Main To Ho Geyi Papihara..,Baat Pohnchi Teri Javani Tak,1974,Nisar Bazmi,Shevan Rizvi,Noorjahan,
"Piya Ray Piya, Toh Say Laga Jiya..",Pyar Hi Pyar,1974,Nisar Bazmi,Taslim Fazli,Noorjahan,
Piyar Jis Ne Kiya Ous Ne Pai Saza..,Aabshar,1978,M. Ashraf,?,Mehnaz,
Piyar Kabhi Karna Na Kum Mur Jaye Gi Teri Aashi..,Dekha Jaye Ga,1976,M. Ashraf,?,Naheed Akhtar,
"Piyo Aur Geo, Jab Tak Dam Mein Hay Dam..",Cheekh,1977,Kemal Ahmad,Saeed Gilani,Mehdi Hassan,
Ponchh Lay Aansoo In Ankhon Say..,Parakh,1978,Kemal Ahmad,Taslim Fazli,A. Nayyar,
Poochhti Hay BeChain Nazar..,Aarzoo,1975,M. Ashraf,Masroor Anwar,Robina Badar,
Puchu Na Ham Nay..,Intezar,1974,Nisar Bazmi,Masroor Anwar,Ahmad Rushdi,
Pukara Jab Chalay Aye..,Farz Aur Mamta,1975,M. Ashraf,Kaleem Usmani,Runa Laila,
"Pyar Bharay, Do Sharmeelay Nain..",Chahat,1974,Robin Ghosh,Khawaja Parvez,Mehdi Hassan,
Pyar Bina Aadmi Kuchh Nahi..,Teesri Qasm,1977,Chandra Mohan,?,Mehnaz,
Pyar Dunya Kay Har Gham Ko Mita Deta Hay..,Anmol,1973,Nisar Bazmi,Masroor Anwar,Mehdi Hassan,
"Pyar Hay Phool Zamana Pathar, Reh Nahin Saktay Dono Mil Kar..",Ek Phool Ek Pathar,1970,Nashad,Taslim Fazli,Zahida Sultana,
"Pyar Hay Yeh, Beopar Nahin Hay, Shadi Karobar Nahin Hay..",Zaroorat,1976,A. Hameed,Saifuddin Saif,Mehdi Hassan,
"Pyar Hota Hay, Jab Dil, Dil Say Milta Hay..",Khalish,1972,M. Ashraf,Kaleem Usmani,Ahmad Rushdi,
"Pyar Ka Matlab Nahin Samjhati, Ek Yahi Dushwari Hay..",Salakhen,1977,Kemal Ahmad,Taslim Fazli,Mehdi Hassan,
Pyar Ka Mousam Samnay Hamdam..,Masoom,1975,Khalil Ahmad,Muzaffar Warsi,Naheed Akhtar,
"Pyar Ka Mousam, Dil Ko Jalayay, Aisay Mein Koi Mujhay Sathi ..",Pyar Ka Mousam,1975,Tasadduq Hussain,Mouj Lakhnavi,Masood Rana,
Pyar Ka Waada Aisay Nibhayen..,Aaj Aur Kal,1976,Khalil Ahmad,Taslim Fazli,Mehdi Hassan,
"Pyar Ka Waada, Sun Lo Sajna, Sath Rahen Gay Dono..",Haqeeqat,1974,M. Ashraf,Khawaja Parvez,Mala,
"Pyar Ka Waada, Sun Lo Sajna, Sath Rahen Gay Dono (2)..",Haqeeqat,1974,M. Ashraf,Khawaja Parvez,Mala,
Pyar Ka Yeh Naara Hay..,Aulad,1976,M. Ashraf,?,Naheed Akhtar,
"Pyar Ka Yeh Saman, Aye Ga Phir Kahan..",Charagh Kahan Roshni Kahan,1971,M. Ashraf,Kaleem Usmani,Mala,
"Pyar Kabhi Karna Na Kam, Marr Jayegi Teri Aashi..",Aashi,1977,Nazir Ali,Taslim Fazli,Naheed Akhtar,
Pyar Kabhi Nahin Marr Sakta..,Khab Aur Zindagi,1973,A. Hameed,Qateel Shafai,Mala,
Pyar Kar Jan-e-Jan..,Raja Jani,1976,Amjad Bobby,Taslim Fazli,Runa Laila,
"Pyar Kar Lo, Pyar Hi Mein Zindagi Hay..",Roop Behroop,1971,Lal Mohammad Iqbal,Taslim Fazli,Ahmad Rushdi,
Pyar Karayn Gay Ho Pal Pal..,Geo Aur Jeenay Do,1976,Robin Ghosh,Taslim Fazli,Mehdi Hassan,
"Pyar Karen Gay, Saath Jiyen Gay, Sath Maren Gay..",April Fool,1977,Tasadduq Hussain,Mohammad Ikram,A. Nayyar,
Pyar Karen Ham Aaja Aaja..,Shera Tay Babbra,1976,Kemal Ahmad,Khawaja Parvez,Naheed Akhtar,
"Pyar Karen, Iqrar Karen, Aa Ja, Aa Ja..",AnDaata,1976,Kemal Ahmad,Khawaja Parvez,Naheed Akhtar,
"Pyar Karna To Ik Ibadat Hay, Pyar Karna Koi Gunah Nahin..",Rastay Ka Pathar,1976,Nashad,Masroor Anwar,Noorjahan,
"Pyar Karna To Ik Ibadat Hay, Pyar Karna Koi Gunah Nahin..",Rastay Ka Pathar,1976,Nashad,Masroor Anwar,Mehdi Hassan,
Pyar Karna To Koi Jurm Nahin Hay Yaro..,Dillagi,1974,Master Rafiq Ali,Khawaja Parvez,Nadeem,
Pyar Karnay Ka Irada Hai..,Aag Aur Zindagi,1978,M. Ashraf,?,Ghulam Abbas,
Pyar Karnay Ka Zamana Hay..,"Mazi, Haal Aur Mustaqbil",1978,A. Hameed,Saifuddin Saif,Mehnaz,
Pyar Kay Badlay Hamen Pyar Do Gay..,Sipah Salar,1972,Rehman Verma,?,Naseem Begum,
Pyar Kay Naam Par Qurban Hay..,2 Aansoo,1976,Nazir Ali,Khawaja Parvez,Mehdi Hassan,
"Pyar Ki Ik Nei Rah Mein, Ham Ko Taqdeer Lay Ayi Hay..",Intezar,1974,Nisar Bazmi,Taslim Fazli,Mehdi Hasan,
"Pyar Ki Mehfil, Awara Hay Dil..",Road To Swat,1970,Tasadduq Hussain,Mouj Lakhnavi,Mala & Co.,
Pyar Ki Sharab Nigahon Say Pila Dun..,Dulhan Ek Raat Ki,1975,Kemal Ahmad,?,Mehnaz,
Pyar Ki Yaad Nigahon Mein Chhupaye Rakhna'..,Talash,1976,Nisar Bazmi,Masroor Anwar,Naheed Akhtar,
"Pyar Ki Yaad Nigahon Mein, Chhupaye Rakhna..",Talash,1976,Nisar Bazmi,Masroor Anwar,Saleem Shehzad,
"Pyar Kiya Hay, Pyar Karen Gay, Zindagi Bhar Tera..",Waada,1976,Kemal Ahmad,Fyaz Hashmi,Mehdi Hassan,
Pyar Ko Ham Banaen Gay Aisi Misal..,Suhag,1972,Nashad,Masroor Anwar,Ahmad Rushdi,
Pyar Ko Jurm Samjhati Hay Agar Yeh Dunya..,Shama Aur Parvana,1970,Nisar Bazmi,Masroor Anwar,Ahmad Rushdi,
Pyar Kya Hota Hay..,Aag Aur Zindagi,1978,M. Ashraf,Taslim Fazli,Naheed Akhtar,
Pyar Mein Ham Kho Gaye..,Pardes,1972,Nazir Ali,?,Ahmad Rushdi,
"Pyar Mushkil Say Mila, Bari Mushkil Say Mila..",Namak Harram,1974,Nisar Bazmi,?,Robina Badar,
Pyar Pyar Pyar Karnay Ko To Sab Kartay Hayn..,Gharana,1973,M. Ashraf,Kaleem Usmani,Ahmad Rushdi,
Pyar Say Dekha Jis Ko Deevana Ho Geya....,Ham Sab Chor Hayn,1979,Nazir Ali,?,Mala,
"Pyar To Ik Din Hona Tha, Hona Tha, Ho Geya..",Kharidar,1976,M. Ashraf,Kaleem Usmani,A. Nayyar,
"Pyar, Khud Jeenay Kay Andaz Sikha Deta Hay..",Samaj,1974,A. Hameed,?,Munir Hussain,
Pyari Pyari Ankhon Mein..,Zindagi Ek Safar Hay,1972,A. Hameed,Qateel Shafai,Ahmad Rushdi,
Pyasa Kunwen Kay Paas Aata Hay..,Mera Naam Hay Mohabbat,1975,M. Ashraf,Taslim Fazli,Mehdi Hassan,
Pyasi Nigahon Mein Tera Intezar Hay..,Aarzoo,1975,M. Ashraf,Masroor Anwar,Noorjahan,
Qadam Dagmagaye Tay Main Ki Karran..,Dilruba,1975,M. Ashraf,Taslim Fazli,Naheed Akhtar,
"Qismat Mein Jo likha Hay, Woh To Ik Din Hona Hay..",Mehman,1978,M. Ashraf,Masroor Anwar,Naheed Akhtar,
"Qubool, Aaj Hamara, Salam Ho Jaye..",Insaf Aur Qanoon,1971,M. Ashraf,Taslim Fazli,Noorjahan,
Raat Bhar Jiya Mora Mujhay Kyun Sataye..,Umang,1975,Robin Ghosh,Taslim Fazli,Nayyara Noora,
Raat Bhi Lay Rahi Hay Angrai..,Bano Rani,1974,M. Ashraf,Kaleem Usmani,Mehdi Hassan,
"Raat Bhi Lay Rahi Hay Angrai, Meray Mehboob Aao So Jayen..",Daagh,1976,M. Ashraf,Kaleem Usmani,Mehdi Hassan,
Raat Day 12 Wajay..,2 Badan,1974,M. Ashraf,Khawaja Parvez,Noorjahan,
"Raat Ka Pichhla Pehar, Jaag Utha Sara Shehar..",Badal Geya Insan,1975,Master Abdullah,?,Noorjahan,
"Raat Kay Hath Mein Jam Hay, Husn-e-Gulfam Hay..",Mout Meri Zindagi,1979,Master Rafiq Ali,Ruby,Afshan,
Raat Ko Jab Barf Pigalti Hay..,Insan,1977,Kemal Ahmad,Taslim Fazli,Mehnaz,
"Raat Nasheeli Hay, Akela Dil..",Aar Par,1973,M. Ashraf,?,Tahira Syed,
Raat Usay Behijab Daykh Liya..,Zaroorat,1976,A. Hameed,Saifuddin Saif,Mehdi Hassan,
"Raat Yahin Rayio, Saveray Chalay Jayo, Kuchh Meri Sunyo..",Izzat,1975,A. Hameed,Taslim Fazli,Mala,
"Raat, Ho Geya Sanata, Dil Mein Chubnay Laga Kanta..",Sargent,1977,Kemal Ahmad,Taslim Fazli,Noorjahan,
"Rafta Rafta Kis Qadar, Rishtay Niralay Ho Geye..",Chori Chori,1979,Nashad,Taslim Fazli,Ahmad Rushdi,
Rafta Rafta Woh Meri Hasti Ka Saama Ho Gaye..,Zeenat,1975,Nashad,Taslim Fazli,Mehdi Hassan,
Rah-e-Talab Mein Kon Kisi Kan Apnay Bhi Beganay Hayn..,Dhamaka,1974,Lal Mohammad Iqbal,?,Habib Wali Mohammad,
"Rahay Salamat Jori, Dulha Aur Dulhan Ki, Bhayya Zindabad..",Meri Dushmani,1976,Kemal Ahmad,Khawaja Parvez,Masood Rana,
"Raj Dularay, So Ja..",Aulad,1976,M. Ashraf,?,Noorjahan,
"Rang Bharay Din, Aye Pyar Kay..",Pehli Nazar,1977,Master Inayat Hussain,?,Mala,
Rang Bhari Mehfil Hay..,Inteqam Kay Sholay,1976,Karim Shahabuddin,?,Naheed Akthar,
"Rang Peh Mehfil, Raqs Mein Saqi, Gardish Mein Pemana..",Al-Asifa,1971,Rehman Verma,?,Naseem Begum,
Rangat Gulabi Chehra..,Dharkan,1976,M. Ashraf,Taslim Fazli,Ahmad Rushdi,
"Rangeen Nazar Ay, Mousam Suhana, Ao Jhoom Len Jan-e-Jana..",Bharosa,1977,A. Hameed,Qateel Shafi,Mehdi Hassan,
"Rani O Rani, Sapno Ki Rani..",Parakh,1978,Kemal Ahmad,Taslim Fazli,A. Nayyar,
"Ranjish Hi Sahi, Dil Hi Dukhanay Kay Liye Aa..",Mohabbat,1972,Nisar Bazmi,Ahmad Faraz,Mehdi Hassan,
Rappat Mori Likh Day Darogha Babu..,Zebun Nisa,1976,Master Inayat Hussain,Kaleem Usmani,Runa Laila,
"Rappat Mori Likh Lo, Munshi Jee..",Wehshi,1971,A. Hameed,?,Mala,
Rastay Mein Achanak..,Tarana,1979,M. Ashraf,Riazur Rehman Saghar,Naheed Akthar,
"Raten Thin Chandni, Joban Peh Thi Bahar..",Bazi,1970,Sohail Rana,Wahid Qureshi,Habib Wali Mohammad,
"Reeta, Na Main Nashay Mein Hun, Tum Nashay Mein Ho..",Miss Hippy,1974,Robin Ghosh,?,Jamil Kishore,
Rim Jhim Ki Barsat Hay..,Beti,1977,M. Ashraf,?,Mehdi Hassan,
"Rim Jhim Naina Barsen, Pyasay Hayn Jazbat Tujh Bin, Bin Baadal Barsat..",Bin Baadal Barsat,1975,Shamim Nazli,?,Noorjahan,
"Rim Jhim, Barsan Lagi Ray Phawar, Jab Garjay Kari Badaria..",Aansoo Ban Geye Moti,1970,Master Inayat Hussain,Qateel Shafai,Mala & Co.,
"Rim Jhim, Barsan Lagi Ray Phawar, Jab Garjay Kari Badaria (2)..",Aansoo Ban Geye Moti,1970,Master Inayat Hussain,Qateel Shafai,Mala & Co.,
"Ro Ro Karun Main Pukar, Toot Geya Mera Pyar..",Sakhi Lutera,1971,Master Rafiq Ali,?,Runa Laila,
Ronay Walay Zara Bata Mujh Ko..,Kubra Ashiq,1973,M. Ashraf,?,Mehdi Hassan,
"Roothay Ho, Tum Ko Phir Kaisay Manaun, Piya, Bolo Na..",Aina,1977,Robin Ghosh,Taslim Fazli,Nayyara Noor,
"Roothay Sayyan Ko Main To Apnay, Khud Hi Mananay Chali Ayi..",Dosti,1971,A. Hameed,Kaleem Usmani,Noorjahan,
"Roothiye Shouq Say, Par Itna Zara Yaad Rahay..",Zindagi Kay Melay,1972,Manzoor,Taslim Fazli,Irene Parveen,
Roshni Ban Kay Mehfilm Mein Aap Aa Geye..,Dil Nasheen,1975,M. Ashraf,Masroor Anwar,Mala,
Roz Kehta Hun Bhool Jaun Tujhay..,Raja Ki Aye Gi Baraat,1979,M. Ashraf,Taslim Fazli,Mehdi Hassan,
"Ruk Jao, Abhi Matt Jao..",Ehsas,1972,Robin Ghosh,Suroor Barabankvi,Ahmad Rushdi,
"Rut Haseen, Rutt Jawan Jawan, Chha Rahi Hayn Mastian Yahan..",Jalay Na Kyun Parvana,1970,Nashad,Taslim Fazli,Ahmad Rushdi,
Rutha Yaar Manana Mushkil Hay..,Abhi To Main Javan Hun,1978,M. Ashraf,Taslim Fazli,Mehdi Hassan,
Sa Ray Ga Ma Mein Bhi Nachun..,Khuda Aur Mohabbat,1978,Tafu,Fyaz Hashmi,A. Nayyar,
Sa-Ray-Ga-Ma-Pa-Dha-Ni-Sa..,Dilruba,1975,M. Ashraf,Taslim Fazli,Ahmad Rushdi,
Saath Dena Hay To Zindagi Bhar Ka Do..,Ajnabi,1975,Nisar Bazmi,?,Mehdi Hassan,
Sab Dunya Pyar Pyar Pyar Mangay..,Shirin Farhad,1975,Khawaja Khursheed Anwar,Qateel Shafai,Nayyara Noor,
Sab Ko Milay Ga Meri Jan..,Zaroorat,1976,A. Hameed,Saifuddin Saif,Mehdi Hassan,
"Sab Kuchh Ban Kay, Kuchh Na Bana Jab, Pyar Khuda Nay Banaya..",Jasoos,1977,Tafu,Fyaz Hashmi,A. Nayyar,
"Sab Kuchh Khuda Say Mang Liya, Tujh Ko Mang Kar..",Miss Hippy,1974,Robin Ghosh,?,Nayyara Noor,
"Sada Khush Rahay Tu, Sada Muskaraye, Happy Birthday To You..",Cheekh,1977,Kemal Ahmad,Saeed Gilani,Mehnaz,
Sada Suhagan Apni Dharti..,Nadan,1973,Lal Mohammad Iqbal,Sehba Akhtar,Ahmad Rushdi & Co.,
Sadqay Main Jaun Teray..,Bano Rani,1974,M. Ashraf,Kaleem Usmani,Noorjahan,
"Sadqay Teray Sabaz Pari, Dam Dam Har Dam Hari Bhari..",Jeenay Ki Rah,1977,Tafu,Khawaja Parvez,Ahmad Rushdi,
Sahara Day Kay Piyar Ka Bana Hay Koi Ajnab..,Night Club,1971,Shamim Nazli,Khawaja Parvez,Mala,
"Saheli Tera Bankpan Lut Geya, Aina Tor Day..",Daaman Aur Chingari,1973,M. Ashraf,Qateel Shafai,Noorjahan,
Sajj Dhajj Kay Mehfil Mein Bandh Kay Aaj Paun Mein..,Dil Aur Dunya,1971,Kemal Ahmad,?,Naseem Begum,
Sajjan Meray Honay Walay Hayn..,Pyar Hi Pyar,1974,Nisar Bazmi,Taslim Fazli,Noorjahan,
"Sajna Ayen Gay, Doli Layen Gay, Baharo, Aaj Sanwaro..",Mehman,1978,M. Ashraf,Masroor Anwar,Naheed Akhtar,
Sajna Ray..,Pehli Nazar,1977,Master Inayat Hussain,Qateel Shafai,Mala,
"Sajna Ray, Kyun Bheegay Toray Nain..",Pehli Nazar,1977,Master Inayat Hussain,Qateel Shafai,Noorjahan,
"Sajna, Bhool Na Jana Mera Pyar, In Rahon Mein Nain Bichha Kay..",Dosti,1971,A. Hameed,Kaleem Usmani,Noorjahan,
"Sajna, Kab Tak Rootay Raho Gay..",Mulaqat,1973,Nisar Bazmi,Kaleem Usmani,Noorjahan,
"Sakhi, Tu Bhi Geyi Kaam Say..",Muthi Bhar Chaval,1978,Kemal Ahmad,?,Mehnaz,
"Salam-e-Mohabbat, Bara Khoobsurat Hay..",Salam-e-Mohabbat,1971,Khawaja Khursheed Anwar,Qateel Shafai,Ahmad Rushdi,
"Salam-e-Mohabbat, Bara Khoobsurat Hay..",Salam-e-Mohabbat,1971,Khawaja Khursheed Anwar,Qateel Shafai,Noorjahan,
"Salamat Rahay Tu Bharon Mein Yunhi, Teri Zindagi Ko Nazar Na Lagay..",Miss Hippy,1974,Robin Ghosh,?,Nayyara Noor,
"Salamat Rahay Tu Bharon Mein Yunhi, Teri Zindagi Ko Nazar Na Lagay (2)..",Miss Hippy,1974,Robin Ghosh,?,Nayyara Noor,
Salle-Alla-Shafeena-Salle-Alla..,Pardes,1972,Nazir Ali,?,Mehdi Hassan,
Samajh Kay Apna Ik Begany Ko Pyar Mein Dhoka Khaya..,Saajan Rang Rangeela,1975,Nashad,Habib Jalib,Shazia,
Samjh Na Mujh Ko Loafar..,Dulhan Rani,1973,Nashad,?,Ahmad Rushdi,
"Samna Ho Geya Qayyamat Ka, Lo Janaza Chala Mohabbat Ka..",Laila Majnu,1974,Nisar Bazmi,Saifuddin Saif,Akhlaq Ahmad,
Samnay Baith Kay Dil Ko Churate..,2 Rastay,1979,M. Ashraf,Shabab Keranvi,Mehdi Hassan,
"Sanbhal Kay Chalo, Yeh Hayn Pyar Ki Rahen..",2 Baghi,1970,Manzoor Ashraf,Tanvir Naqvi,Masood Rana,
Sangeet Raha Na Geet Raha..,Naam Kay Nawab,1973,A. Hameed,?,Mehdi Hassan,
"Sanso Mein Phool Khilay, Rashk-e-Bahar Mila..",Insan,1977,Master Inayat Hussain,Qateel Shafai,Mehnaz,
Sanson Mein Hay Tu..,Neya Andaz,1979,A. Hameed,Qateel Shafai,Noorjahan,
Sanson Mein Khushboo..,Eisar,1975,Nisar Bazmi,Masroor Anwar,Naheed Akhtar,
"Sanwaray, Moh Say Preet Nibhana Ray..",Naag Muni,1972,Nisar Bazmi,Habib Jalib,Noorjahan,
Sanwarya BeIman Lipt Ras..,Gharana,1973,M. Ashraf,Kaleem Usmani,Nayyara Noor,
"Sanwla Chehra, Sa Ni Dha Pa..",Rangeela Aur Munawar Zarif,1973,M. Ashraf,Masroor Anwar,Ahmad Rushdi,
"Sanwli Saloni, O Teekhay Naino Wali, Yeh Dil Sadqay Teray..",Sangam,1977,Kemal Ahmad,Taslim Fazli,Ghulam Abbas,
"Sapno Ki Rani, Aa Ja Aa Ja, Rutt Hay Suhani, Aa Ja Aa Ja..",April Fool,1977,Tasadduq Hussain,Mohammad Ikram,A. Nayyar,
"Saqi Hay Naam Mera, Chahta Hay Pyar Tera..",Jhuk Geya Aasman,1970,Deebo,Sehba Akhtar,Runa Laila,
"Saqia, Marhaba Saqia..",Aavara,1977,Master Inayat Hussain,Fyaz Hashmi,Noorjahan,
"Sar Katatay Chalo, Khoon Bahatay Chalo, Sabaz Parcham Faza Mein..",Phir Chand Niklay Ga,1970,Sohail Rana,Anjum Keranvi,Masood Rana & Co.,
"Sarai Sakhion Ko Ho Geyi Sagai, Meri Bari Kab Aye Gi..",Dushman,1974,Nisar Bazmi,Masroor Anwar,Tasawur Khanum,
Sari Dunya Chhori.. Tu Hay Pyar Pyar..,Dushman Ki Talash,1978,Tafu,Khawaja Parvez,Naheed Akhtar,
Sari Dunya Say Pyara..,Aakhri Hamla,1972,Lal Mohammad Iqbal,Taslim Fazli,Runa Laila,
"Sari Dunya, Pagal Pagal Pagal Hay..",Bhool,1974,Robin Ghosh,Khawaja Parvez,Masood Rana & Co.,
Sari Raat Main Jhoom Kay..,Inteqam Kay Sholay,1976,Karim Shahabuddin,Masroor Anwar,Mehnaz,
"Sath Hamara Chhootay Na, Yaad Rahay Yeh Baat..",Dillagi,1974,Master Rafiq Ali,Khawaja Parvez,Mehdi Hasan,
"Sathi Ho, Gori Ho, Yeh Lehron Ki Chandi, Yeh Suraj Ka Sona..",Kousar,1969,Inayat Hazrawi,Qateel Shafai,Irene Parveen,
Sathi Meray Pyar Ka Mujhay Mil Geya..,Baghi Haseena,1973,M. Ashraf,Khawaja Parvez,Mala,
Sathi Meray Sham Saveray Mehnat..,Shehar Aur Saye,1974,Sohail Rana,?,Mehdi Hassan,
"Sathi Meray, Bin Teray, Kaisay Beetay Gi..",Zubaida,1976,Kemal Ahmad,Fyaz Hashmi,Noorjahan,
"Sathi Meray, Bin Teray, Kaisay Beetay Gi..",Zubaida,1976,Kemal Ahmad,Fyaz Hashmi,Akhlaq Ahmad,
"Sathi Mujay Mil Geya, Mil Geya Mil Geya, Rasmon Ko Toren Gay..",Jasoos,1977,Tafu,Fyaz Hashmi,A. Nayyar,
"Sathi Na Chhorun Daaman Tera, Yeh Hahy Mera Faisala..",Izzat,1975,A. Hameed,Taslim Fazli,Robina Badar,
"Sathi Ray, Beet Na Jaye, Mousam Bahar Ka..",Parastish,1977,Wajid Ali Naashad,Taslim Fazli,Rajab Ali,
"Sathi, Sath Nibhana Ray..",Mann Ki Jeet,1972,M. Ashraf,Taslim Fazli,Runa Laila,
"Sathiya, O Meray Sathiya, Kuchh Keh Zara, Kuchh Sun Zara..",Night Club,1971,Shamim Nazli,Khawaja Parvez,Mala,
Saturday Night..,Takrao,1978,Tafu,Khawaja Parvez,Naheed Akhtar,
"Sauch Lay Tu Abhi, Kya Khabar, Yeh Din Na Aye, Zindagi Mein Phir Kabhi..",Dosti,1971,A. Hameed,Kaleem Usmani,Mala,
"Sawal Karti Hay Aurat, Jawab Do Mardo, Sada-e-Dard Suno..",Bin Baadal Barsat,1975,Shamim Nazli,?,Mala,
Sawal Par Meray Khamosh Hay Zuban Teri..,Rim Jhim,1971,Nashad,Shevan Rizvi,Ahmad Rushdi,
Sawan Aaya Tum Nahin Aaye..,Savan Aya Tum Nahin Aye,1974,Ali Kazmi,Akhtar Yousuf,Mehdi Hassan,
Sawan Aaya Tum Nahin Aaye..,Savan Aya Tum Nahin Aye,1974,Ali Kazmi,Akhtar Yousuf,Mala,
"Sawan Aye, Sawan Jaye, Tujh Ko Pukaren Geet Hamaray..",Chahat,1974,Robin Ghosh,Akhtar Yousuf,Akhlaq Ahmad,
"Sawan Aye, Sawan Jaye, Tujh Ko Pukaren Geet Hamaray..",Chahat,1974,Robin Ghosh,Akhtar Yousuf,Akhlaq Ahmad,
"Sayyan Anari, Meray Dil Ko Jalaye Ray..",Dillagi,1974,Master Rafiq Ali,Khawaja Parvez,Noorjahan,
Sayyan Anri Say Naina Lara Baithay..,Nadan,1973,Lal Mohammad Iqbal,?,Runa Laila,
Sayyan Daghabaz Say Kyun Akh Matakka Ho Geya..,Nanha Farishta,1974,M. Ashraf,Kaleem Usmani,Naheed Akhtar,
Sayyan Jee Kay Naino Say Pyar Chhalkay..,Mann Ki Jeet,1972,M. Ashraf,Shabab Keranvi,Runa Laila,
"Seeti Mar Kay Kisay Nay Rah Paya, Mohabtan Da Mor Aya..",Ucha Naa Pyar Da,1971,Tafu,Khawaja Parvez,Tasawur Khanum,
Shabab Larkhra Geya..,Bharosa,1977,A. Hameed,Qateel Shafai,Naheed Akhtar,
Shabnam Kyon Neer Bahaye..,Salam-e-Mohabbat,1971,Khawaja Khursheed Anwar,Qateel Shafai,Noorjahan,
"Shabnami Fazayen Hayn, Neelmi Nazaray Hayn..",Love in Europe,1970,M. Ashraf,Tanvir Naqvi,Mala,
Shairana Si Hay Zindagi Ki Faza..,Neik Parveen,1975,A. Hameed,Qateel Shafai,Mehnaz,
"Sham Dhali Shama Jali, Parwanay Aye..",Salam-e-Mohabbat,1971,Khawaja Khursheed Anwar,Qateel Shafai,Noorjahan,
Sham Dhali Woh Zulf Khuli..,Dil Ka Shehar,1973,Nisar Bazmi,?,Mehdi Hassan,
"Sham Hui, Janay Day, Chhor Meri Behna..",Baharon Ki Manzil,1973,Nashad,Taslim Fazli,Noorjahan,
"Sham Thi Udas Udas, Ban Kay Dil Ki Aas.. So Nice Of You..",Seeta Maryam Margrette,1978,A. Hameed,Qateel Shafi,Naheed Akhtar,
"Shama Hay Bhujnay Wali, Raat Hay Dhalnay Wali..",Dil Nasheen,1975,M. Ashraf,Masroor Anwar,Noorjahan,
"Shama Hay Bujhnay Wali, Sham Hay Dhalnay Wali..",Shama Aur Parvana,1970,Nisar Bazmi,?,Noorjahan,
"Shama Jali, Parwanay Aa..",Dil Aur Dunya,1971,Kemal Ahmad,?,Naseem Begum,
"Shamshir Brahna, Mang Ghazab, Balon Ki Mehak Phir Waisi Hay..",Tiger Gang,1974,?,Riazur Rehman Saghar,Habib Wali Mohammad,
"Sharabi, Suno Ik Baat Ham Say..",Dunya Gol Hay,1974,Nashad,?,Shazia,
"Sharbat Kay Badlay Pila Di Sharab, Tera Khana Kharab..",Aurat Ek Paheli,1976,Nazir Ali,Riazur Rehman Saghar,Naheed Akthar,
"Sharma Kay Janay Walay, Tera Jawab Nahin, Gulshan Mein Tera Jaisa..",Aakhri Hamla,1972,Lal Mohammad Iqbal,Taslim Fazli,Ahmad Rushdi,
Sharmeeli Aankhon Wali Awazar Kar Gei..,Parday Mein Rehnay Do,1973,M. Ashraf,Taslim Fazli,Rangeela,
Sharmili Ankhon Say Mila Hay..,Qayamat,1978,Khalil Ahmad,?,Mehdi Hassan,
"Sheeshay Ka Badan Mera, Kahin Toot Na Jaye Tarrak Kar Kay..",Aavara,1977,Master Inayat Hussain,Fyaz Hashmi,Naheed Akhtar,
Sheeshay Ko Tor Day..,Qayamat,1978,Khalil Ahmad,Khawar Zaman,Noorjahan,
"Shola Sa Bharka Bharka, Dil Mera Dharka Dharka..",Jasoos,1977,Tafu,Fyaz Hashmi,Naheed Akhtar,
"Shor Karun Gi, Chup Na Rahun Gi, Saray Ghar Ko Tamasha Banaun Gi..",Mom Ki Guriya,1976,Robin Ghosh,Taslim Fazli,Mehnaz,
"Shor, Shor, Shor Mach Geya, Dil, Dil, Dil Lay Geya..",Na Chhura Sako Gay Daaman,1975,M.A. Shad,?,Noorjahan,
"Shukriya Aap Ka, Aap Nay Zindagi Di, Mehrban..",Love in Jungle,1970,Tasadduq Hussain,Fyaz Hashmi,Ahmad Rushdi,
"Sitamgar Zindagi, Gham Seh Len Gay Ham..",Hamlog,1970,Tasadduq Hussain,Muzaffar Warsi,Irene Parveen,
"Sitaro Ne Dekho, Hawaon Na Chhero..",Payel,1970,Karim Shahabuddin,Shair Siddiqi,Sabina Yasmin,
"Sitaro, Meri Raton Kay Saharo..",Bahisht,1974,A. Hameed,?,Noorjahan,
Sitaron Ki Mehfil Sajai Hay Jis Nay..,Shirin Farhad,1975,Khawaja Khursheed Anwar,Qateel Shafai,Nayyara Noor,
"So Ja Ray Baalam, So Ja, Sab Gham Bhula Kay So Ja..",BeQasoor,1970,Manzoor Ashraf,Tanvir Naqvi,Noorjahan,
"Soch Samjh Kay Karna Babu, Dekho Mujh Say Pyar..",Sacha Jhoota,1974,M.A. Shaad,Taslim Fazli,Nayyara Noor,
"Socha Hay Sath Teray, Main Zindagi Bitaun..",Samaj,1974,A. Hameed,Riazur Rehman Saghar,Ahmad Rushdi,
"Socha Nahin Tha, Tera Pyar Mil Jaye Ga..",Jaltay Suraj Kay Neechay,1971,Subal Das,Masroor Anwar,Irene Parveen,
"Sohni Dharti Allah Rakhay, Qadam Qadam Abad..",Khushia,1973,Wajahat Attray,Masroor Anwar,Masood Rana,
"Some Say, I'M A Sweety, Some Say, Queen Of Bueaty..",Kora Kaghaz,1978,Nazir Ali,Taslim Fazli,Naheed Akhtar,
Sonay Do Keh Raat Kay ..,Aag Aur Aansoo,1976,Nisar Bazmi,Taslim Fazli,Mehnaz,
Soney Chandi Ki Taron Say Insan Ka Munh Jab Silta Hay..,"Roti, Kapra Aur Insan",1977,Bakhshi Wazir,Qateel Shafai,Mehdi Hassan,
"Sub Haseen Be-Wafa Hayn, Is Zamanay Mein..",Aansoo,1971,Nazir Ali,?,Naseem Begum,
"Sub Kuchh Khuda Say Maang Liya, Tujh Ko Maang Kay..",Teray Meray Sapnay,1975,Kemal Ahmad,Taslim Fazli,Mehdi Hassan,
Subah-o-Sham Ban Than Kay..,Jageer,1975,Nisar Bazmi,Masroor Anwar,Rubina Badar,
"Subh-o-Sham, Tera Naam, Honto Peh Hay..",Parastish,1977,Wajid Ali Naashad,Taslim Fazli,Mehnaz,
Sun Lay O Dilbar Jani Na Kar Be Imani Mera Dil Lai Ke..,Neelaam,1974,Nashad,Taslim Fazli,Afshan,
"Sun Lay O Matwalay, Pyar Ki Dunya Bana Lay..",Bhai Bhai,1972,Tufail Farooqi,?,Mala,
"Sun Lo Yaaro Baat Pattay Ki, Main Tum Ko Batata Hun..",Allah Meri Touba,1974,Amjad Bobby,?,Ahmad Rushdi,
"Sun Meri Bitiya, Sun Meri Rani, Gham Ka Fasana, Gham Ki Kahani..",Afsana Zindagi Ka,1972,M. Ashraf,Taslim Fazli,Noorjahan,
"Sun Pagli Pawwan, Sun Urti Hawa..",Salam-e-Mohabbat,1971,Khawaja Khursheed Anwar,Qateel Shafai,Noorjahan,
"Sun, Sun, Sun Ri Hawa, Mujhay Samjha Hay Kya..",Hamjoli,1970,M. Ashraf,Tanvir Naqvi,Irene Parveen,
Suna Hay Chand Par Insan Rahen Gay..,Dunya Na Manay,1971,Nashad,?,Mala,
Suna Hay Ghunghroo Bandh Kay Pyar Milta hay..,Roshni,1975,Kemal Ahmad,?,Naheed Akthar,
"Sunaun Kiya Tumhen Apni Dastan, Logo..",Dard,1977,M. Ashraf,Masroor Anwar,Ahmad Rushdi,
"Sunaun Main Tujhay Lori, Chanda Mama, Ta Ta Ta..",Roop Behroop,1971,Lal Mohammad Iqbal,Taslim Fazli,Runa Laila,
"Suniye, Hazoor-e-Wala, Ham Hayn Deevanay Aap Kay..",Aao Pyar Karen,1972,M. Ashraf,Kaleem Usmani,Runa Laila,
"Suniye, Zara Suniye..",Insaniyat,1976,Nashad,Taslim Fazli,Naheed Akhtar,
"Sunn Meray Kakku, Sun Meray Pappu..",2 Rangeelay,1972,Kemal Ahmad,?,Rangeela,
"Sunno Is Jahan Ki Kahani Suno, Main Shaed Dobara Suna Na Sakun..",Subah Ka Tara,1974,Kemal Ahmad,?,Masood Rana,
Suno Baharo..,Yahan Say Vahan Tak,1979,Wajahat Attray,Masroor Anwar,Mehnaz,
"Suno Kahani, Meri Zubani, Ik Larki Thi Bari Gharib..",Zakhmi,1973,A. Hameed,Habib Jalib,Noorjahan,
"Suno Suno, Shehar Kay Basio..",Aavaz,1978,A. Hameed,?,A. Nayyar,
"Sunu Sunu, Jo Tum Kaho, Tumhari Har Khushi Peh Apni Jan War Dun..",Anokhi,1976,M. Ashraf,Kaleem Usmani,Naheed Akhtar,
Surattiya Dekhay Bina Nahi Chain..,Deedar,1974,Nashad,Saifuddin Saif,Mehdi Hassan,
"Ta Ta Thayya, Nachay Ga Tera..",Aap Say Kya Parda,1979,Nashad,?,Mehdi Hassan,
Taan Mar Geya..,Aag Aur Zindagi,1978,M. Ashraf,Taslim Fazli,Naheed Akhtar,
"Taar Bina Tunba Wajda E Na, Pyar Bina Kajra Hasda E Na..",Nanha Farishta,1974,M. Ashraf,Kaleem Usmani,Ahmad Rushdi,
Tak Dhanna Dhanna Dhann..,Aina Aur Soorat,1974,M. Ashraf,?,Ahmad Rushdi,
Takalluf Bartarf Ham To Sar-e-Bazar Nachen Gay..,Baazar,1972,M. Ashraf,Shabab Keranvi,Runa Laila,
"Takhti Peh Takhti, Takhti Peh Til Ka Dana Hay..",Anmol,1973,Nisar Bazmi,Masroor Anwar,Runa Laila,
"Takkalluf Chhoriye Sahib, Isay Apna Hi Ghar Samjhen..",BeQasoor,1970,Manzoor Ashraf,Tanvir Naqvi,Irene Parveen,
Tala Mera Dil Ka Khol..,Ab Ghar Janay Do,1979,M. Ashraf,Riazur Rehman Saghar,Naheed Akthar,
"Tamam Umar Tumhen, Zindagi Ka Pyar Milay..",Bharosa,1977,A. Hameed,Qateel Shafai,Naheed Akhtar,
"Tana Dhin Tana, Keh Dhin Tana Teray Naam..",Goonj Uthi Shehnai,1976,M. Ashraf,Taslim Fazli,Ahmad Rushdi,
Tanhai Mein Aksar Raton Ko Ham Zikar Tumhara Kartay Hayn..,Phir Chand Niklay Ga,1970,Sohail Rana,Anjum Keranvi,Irene Parveen,
"Tanhai, Jhilmil Yeh Sitaray, Dil Hay Udas..",Ek Zalim Ek Haseena,1970,Altaf Mehmood,Shair Siddiqi,Shehnaz Begum,
"Tann To Peh Warun, Mann To Peh Warun..",Naag Muni,1972,Nisar Bazmi,Habib Jalib,Noorjahan,
"Tann War Deyan Sajna, Jind Har Deyan, Dil War Deya..",Dara,1976,Rehman Verma,Ahmad Rahi,Naheed Akhtar,
Taqdeer Kay Hathon Mein Khilona Hay Aadmi..,Aadmi,1978,Kemal Ahmad,Masroor Anwar,Akhlaq Ahmad,
"Taqdeer Nay Badli Hayn Nazren, Jeenay Ka Sahara Koi Nahin..",Najma,1970,Master Inayat Hussain,Qateel Shafai,Noorjahan,
"Tara Ranpa.. Aaj Raat Raho, Meray Sath Sath..",Jeenay Ki Rah,1977,Tafu,Khawaja Parvez,Naheed Akhtar,
"Tarasta Hay Dil, Tujhay Pyar Kar Lun..",Aarzoo,1975,M. Ashraf,Masroor Anwar,Naheed Akhtar,
"Taron Bhari Raat Mein, Dil Dharka Har Baat Mein..",Sakhi Lutera,1971,Master Rafiq Ali,?,Mala,
"Tarsi Hui Ankhon Ko Aa Jaye Qarar, Aa Ja..",Aansoo Ban Geye Moti,1970,Master Inayat Hussain,Qateel Shafai,Mehdi Hassan,
Tasvir Teri Dil Mein Liye Ham Yunhi Jee Len Gay..,Payel,1970,Karim Shahabuddin,Shair Siddiqi,Sabina Yasmin,
"Teer Talwar Say Bach Jaye, Do Dhari Kattar Say Bach Jaye..",Road To Swat,1970,Tasadduq Hussain,Mouj Lakhnavi,Mala & Co.,
Teh-e-Dil Say Keh Rahay Hayn Tujhay Aaj Ham Mubarak..,2 Tasviren,1974,Nisar Bazmi,Zaigham Hamdi,Masood Rana,
Tera Dar Chhor Kay Divana Kahan Jaye Ga..,Laila Majnu,1974,Nisar Bazmi,Saifuddin Saif,Munir Hussain,
Tera Hi Sang Rahay..,Kalu,1977,A. Hameed,Saifuddin Saif,Mehnaz,
Tera Husn A Be-Wafa..,Surayya Bhoopali,1976,A. Hameed,Saifuddin Saif,Mehdi Hassan,
"Tera Kisi Peh Aye Dil, Tera Koi Thukraye Dil..",Meri Zindagi Hay Naghma,1972,Nisar Bazmi,Shevan Rizvi,Rangeela,
"Tera Kisi Peh Aye Dil, Tera Koi Thukraye Dil..",Meri Zindagi Hay Naghma,1972,Nisar Bazmi,Shevan Rizvi,Noorjahan,
Tera Mera Koi Na Koi Nata Hay..,Playboy,1978,M. Ashraf,?,Mehnaz,
Tera Mera Koi Na Koi Nata Hay..,Playboy,1978,M. Ashraf,?,Mehdi Hassan,
"Tera Mera Pyar Kaisay Rokay Ga Zamana, Sathi, Dilbar..",Soudagar,1972,M. Ashraf,Khawaja Parvez,Mala,
"Tera Pyar Ban Kay Ayi Hun, Bahar Ban Kay Ayi Hun..",Bhool,1974,Robin Ghosh,Khawaja Parvez,Nayyara Noor,
"Tera Pyar Meri Ibadat Hay Sathi, Tujhay Raat Din Hi..",Farz,1973,Nashad,Masroor Anwar,Mala,
Tera Saya Jahan Bhi Ho Sajna..,Gharana,1973,M. Ashraf,Kaleem Usmani,Nayyara Noor,
Teray Baghair Meri Zindagi Adhuri Hay..,Main Chup Rahun Gi,1979,Nazir Ali,?,Mehdi Hassan,
Teray Baghair Meri Zindagi Adhuri Hay..,Main Chup Rahun Gi,1979,Nazir Ali,?,Noorjahan,
Teray Baghair Mujhay Zindagi Say..,Pathar Kay Sanam,1974,Lal Mohammad Iqbal,?,Mehdi Hassan,
Teray Bheegay Badan Ki Khushbu Say..,Sharafat,1974,Robin Ghosh,Kaleem Usmani,Mehdi Hasan,
Teray Bin Raha Jaye Na..,Naqsh-e-Qadam,1979,Amjad Bobby,Masroor Anwar,Mehnaz,
"Teray Bina Yun Gharian Beetin, Jaisay Sadiyan Beet Gein..",Aansoo,1971,Nazir Ali,Khawaja Parvez,Noorjahan,
"Teray Bina Yun Gharian Beetin, Jaisay Sadiyan Beet Gein..",Aansoo,1971,Nazir Ali,Khawaja Parvez,Masood Rana,
Teray Ghar Doli Lay Kay Aun Ga..,Teray Meray Sapnay,1975,Kemal Ahmad,Taslim Fazli,Masood Rana,
Teray Honto Ki Lali..,Umang,1975,Robin Ghosh,Taslim Fazli,Ahmad Rushdi,
Teray Ishq Nachaya..,Chaltay Chaltay,1979,M. Ashraf,Kaleem Usmani,Mehnaz,
Teray Jhootay Waadon Peh Mujhay Eitbar Hay..,Parai Beti,1970,Nazar Sabir,Mouj Lakhnavi,Nighat Seema,
Teray Khayal Ko Dil Mein Basa Kay Dekh Liya..,Shama Parvana,1970,Niaz Ahmad,M. Sultan,Runa Laila,
Teray Liye Yeh Museebat Uthai Hay..,Pyasa,1973,Nisar Bazmi,?,Farida Khanum,
"Teray Liye Zamana Sara Chhor Dun, Sonay Chandi Ki Deevaren Tor Dun..",Subah Ka Tara,1974,Kemal Ahmad,?,Rubina Badar,
Teray Meray Lar Gaye Nain..,Shera Tay Babbra,1976,Kemal Ahmad,Khawaja Parvez,Mehnaz,
"Teray Meray Larh Geye Nain, Pyar Ka Charcha Ho Ga..",AnDaata,1976,Kemal Ahmad,Khawaja Parvez,Mehnaz,
Teray Meray Piyar Ka Aisa Nata Hay..,Salakhen,1977,Kemal Ahmad,Taslim Fazli,Mehnaz,
Teray Meray Pyar Ka Aisa Nata Hay..,Salakhen,1977,Kemal Ahmad,Taslim Fazli,Mehdi Hassan,
"Teray Mukh Tay Malayian Aayian, Ni Kacha Dudh Peen Waliye..",Ishq Ishq,1977,Kemal Ahmad,?,Naheed Akhtar & Co.,
Teray Pyar Ka Charcha Hay..,Mastani Mehbooba,1974,Nisar Bazmi,Masroor Anwar,Ahmad Rushdi,
Teray Pyar Ki Khatir Main To Chhor Kay Sari Dunya..,Cheekh,1977,Kemal Ahmad,Saeed Gilani,Naheed Akhtar,
Teray Qadmon Mein Bikhar Janay Ko Jee Chahata Hay..,Tallaq,1976,Khalil Ahmad,Taslim Fazli,Noorjahan,
Teray Qadmon Mein Bikhar Janay Ko Jee Chahta Hay..,Society Girl,1976,Nazir Ali,Taslim Fazli,Noorjahan,
Teray Roop Mein Sacha Ho Geya Waris Shah Ka Khawab..,Muthi Bhar Chaval,1978,Kemal Ahmad,?,Shoukat Ali,
Teray Sang Jeena..,Gumrah,1975,Nashad,?,Ahmad Rushdi,
"Teray Sang Rehnay Ki, Khai Hay Main Nay Qasm..",Ek Chehra 2 Roop,1978,M. Ashraf,?,Mehdi Hassan,
Teray Siva Dunya Mein Kuch Bhi Nahin..,Shabana,1976,M. Ashraf,Taslim Fazli,Mehdi Hassan,
Teray Siva Dunya Mein Kuch Bhi Nahin..,Shabana,1976,M. Ashraf,Taslim Fazli,Naheed Akhtar,
Teray Siwa Main Kisi Aur Par Nigah Karun..,Professor,1975,A. Hameed,Saifuddin Saif,Masood Rana,
"Teray Sung Dosti, Ham Na Chhoren Kabhi..",Zindagi,1978,M. Ashraf,Kaleem Usmani,Mehdi Hassan,
"Teray Sung Dosti, Ham Na Chhoren Kabhi..",Zindagi,1978,M. Ashraf,Kaleem Usmani,A. Nayyar,
Teri Ankhon Ko Jab Dekha..,Mohabbat Zindagi Hay,1975,M. Ashraf,Masroor Anwar,Mehdi Hassan,
Teri Dulhan Haar Singhar Karay..,Pyasa,1973,Nisar Bazmi,?,Mala,
"Teri Jheel Si Gehri Ankhon Ka, Main Deevana..",Rastay Ka Pathar,1976,Nashad,Masroor Anwar,Mehdi Hassan,
Teri Judai Mein Ik Ik Din Shumar..,Naag Aur Naagin,1976,Nisar Bazmi,Saifuddin Saif,Mehdi Hassan,
Teri Masoom Sadgi Kay Liye..,Sehray Kay Phool,1973,Nashad,Shevan Rizvi,Ahmad Rushdi,
Teri Meri Aankh Lari Jab..,Baazar,1972,M. Ashraf,?,Runa Laila,
Teri Nighah-e-Mohabbat..,Qismat,1974,Nashad,Qateel Shafai,Tasawur Khanum,
Teri Pyar Bhari Ankhon Nay Mera Dil Churaya Hay..,Insaf Aur Qanoon,1971,M. Ashraf,Taslim Fazli,Mala,
Teri Qasam Teray Sar Ki Qasam..,Zeenat,1975,Nisar Bazmi,Taslim Fazli,Rajab Ali,
Teri Talash Mein Sadion Say Be-Qarar Thay Ham..,Aar Par,1973,M. Ashraf,?,Mehdi Hassan,
"Teri Tasvir Kya Banaye Koi, Jo Chhalaktay Hayn Teray Honton Say..",Shama Aur Parvana,1970,Nisar Bazmi,Saifuddin Saif,Ahmad Rushdi,
"Tez Hui Hay Dil Ki Dharkan, Janay Kyun..",Jaal,1973,Nazir Ali,Khawaja Parvez,Runa Laila,
"Tha Faisala Na Pyar, Karen Gay Kisi Say Ham..",Namak Harram,1974,Nisar Bazmi,?,Noorjahan,
"Tha Yaqeen Keh Ayen Gi, Yeh Ratan Kabhi..",Surayya Bhoopali,1976,A. Hameed,Saifuddin Saif,Naheed Akhtar,
"Thandi Thandi Hawa Chalay, Aanchal Urha Jaye..",Chand Suraj,1970,Nashad,Arzoo Akbarabadi,Noorjahan & Co.,
"Thar Thar Thar Kanpay, Jiya Ray..",Afshan,1971,Nashad,Taslim Fazli,Noorjahan,
Tharay Naina Baray Be-Iman Ray..,Aina Aur Soorat,1974,M. Ashraf,Taslim Fazli,Mehdi Hassan,
"Thehar Bhi Jao Sannam, Tum Ko Meri Qasm..",Bazi,1970,Sohail Rana,Fyaz Hashmi,Mala,
"Thehar Ja, Meray Yaar, Chhor Janay Ka Iradah..",Achhay Mian,1978,M. Ashraf,?,Naheed Akhtar,
"Thehra Hay Samaa, Ham Tum Hayn Jahan..",Amber,1978,Robin Ghosh,Taslim Fazli,Mehdi Hassan,
"Thehro, Zara Sabar Karo, Thora Intezar Karo..",Sangam,1977,Kemal Ahmad,Taslim Fazli,Naheed Akhtar,
Thori Thori Si Piaz Dalo..,Bhool,1974,Robin Ghosh,Khawaja Parvez,Ahmad Rushdi,
Thukra Rahi Hay Dunya..,Qismat,1974,Nashad,Qateel Shafai,Tasawur Khanum,
"Thumak Thumak Chaly Gori, Jaisay Gujaraya..",Mastana,1973,Kemal Ahmad,?,Masood Rana,
Thumkay Peh Thumka..,Bano Rani,1974,M. Ashraf,Kaleem Usmani,Mala,
"To Hay Mera Pyar, Kar Eitbar, Meray Siwa Is Dunya Mein..",Insan Aur Sheitan,1978,Kemal Ahmad,?,A. Nayyar,
To Jahan Lay Chalay Ray..,Mitti Kay Putlay,1974,M. Ashraf,Akhtar Yousuf,Runa Laila,
To Sar-e-Bazar..,Baazar,1972,M. Ashraf,Shabab Keranvi,Runa Laila,
Toot Geya..,Bobby And Julie,1978,Karim Shahabuddin,Adeem Hashmi,Nayyara Noor,
"Toot Geya Hay Dil, Rooth Geya Hay Kyun, Woh..",Main Akela,1972,Bakhshi Wazir,Mushir Kazmi,Mehdi Hassan,
"Toot Geya Sapna, Dekhay Bina, Sajna..",Haar Geya Insan,1975,Nisar Bazmi,Riazur Rehman Saghar,Nayyara Noor,
"Toot Geye Wo Rishtay Natay, Hua Main Akela, Pyar Jita Kay Ur Geya..",Maina,1970,Basheer Ahmad,Basheer Ahmad,Basheer Ahmad,
"Toot Geyi Meri Kanch Ki Chori, Kha Geyi Moch Kalai..",BeQasoor,1970,Manzoor Ashraf,Tanvir Naqvi,Runa Laila,
"Tootay Dilon Ka Sahara, Meray Allah Tera Naam..",Pakeeza,1979,M. Ashraf,Masroor Anwar,Naheed Akhtar,
Tor Diya Jam Main Nay..,Savan Aya Tum Nahin Aye,1974,Ali Kazmi,Akhtar Yousuf,Noorjahan,
Tor Diye Sab Rishtay Natay.. Des Bana Ray Pardes..,Ek Raat,1972,Nashad,Taslim Fazli,Noorjahan,
Tora Intezar Kar..,Begum Jan,1977,A. Hameed,Qateel Shafai,Naheed Akhtar,
"Toray Dil Mein Hay Kya Pyaray, Samjjh Away Na..",Kirdar,1970,Jameel Khusro,Shahid Delvi,Runa Laila,
"Toray Karda A Sohna, Ruttan Pyar Dian Ayian..",Ucha Naa Pyar Da,1971,Tafu,Khawaja Parvez,Noorjahan,
"Touba Meri Touba, Yeh Pyar Buri Cheez Hay..",AnDaata,1976,Kemal Ahmad,Khawaja Parvez,Mehnaz,
"Touba Touba Touba, Is Larkay Ko Kya Ho Geya..",Shikar,1974,A. Hameed,Taslim Fazli,Mala,
"Touba Touba, Dekho Jee..",Kalu,1977,A. Hameed,Saifuddin Saif,Naheed Akhtar,
"Touch Me, If You Can..",Begum Jan,1977,A. Hameed,Qateel Shafai,Naheed Akhtar,
"Trampat, Baja, Sanam Tu Aaja..",Mr. 303,1971,Master Rafiq Ali,Mushir Kazmi,Mala,
"Tu Aaja Mahi, Sham Saveray, Takni Aan Teri Rah..",Har Fun Maula,1979,Wajahat Attray,Khawaja Parvez,Mehnaz,
"Tu Agar Bura Na Manay, Tujhay Pyar Main Sikha Dun..",Insaf Aur Qanoon,1971,M. Ashraf,Shabab Keranvi,Ahmad Rushdi,
"Tu Chahay Lakh A Jan-e-Baharan, Tujhay Kali Ghata Sonay Na Day Gi..",Najma,1970,Master Inayat Hussain,Qateel Shafai,Mehdi Hassan,
"Tu Chanda Hay Mera, Main Tera Ujiara..",BeQasoor,1970,Manzoor Ashraf,Tanvir Naqvi,Runa Laila,
"Tu Dil Tarpata Ja, Mujhay Thukrata Ja..",Sadhu Aur Sheitan,1973,Kemal Ahmad,Khawaja Parvez,Mala,
"Tu Hay Bijli Meri, Main Hun Khamba Tera..",Parday Mein Rehnay Do,1973,M. Ashraf,?,Ahmad Rushdi,
"Tu Hay Farishta, Tu Hi Hoor Hay..",Mr. Budhu,1973,Kemal Ahmad,Riazur Rehman Saghar,Mehdi Hassan,
"Tu Hay Ghora, Main Hun Nighora, Na Koi Tera, Na Koi Mera..",Takht Aur Taj,1970,Rehman Verma,?,Ahmad Rushdi,
"Tu Hay Khwab Keh Khyal, Tera Husn Hay Kemal..",Love in Europe,1970,M. Ashraf,Tanvir Naqvi,Ahmad Rushdi,
"Tu Hay Meri Jan, Hay Mera Iman..",Ham Sab Chor Hayn,1979,Nazir Ali,?,Mehnaz,
"Tu Hay Phool Meray Gulshan Ka, Tu Hay Pyar Meray Aangan Ka..",Phool Meray Gulshan Ka,1974,M. Ashraf,Masroor Anwar,Mala,
"Tu Hi Bata A Pagli Pawwan, Kis Kay Liye Jalay Mera Mann..",Salam-e-Mohabbat,1971,Khawaja Khursheed Anwar,Qateel Shafai,Noorjahan,
"Tu Hi Bata Pagli Pawan, Kis Kay Liye Jalay Mera Mann..",Phool Meray Gulshan Ka,1974,M. Ashraf,Masroor Anwar,Nayyara Noor,
"Tu Hi Manzil Hay, Tu Hi Rasta Hay, Khuda Kay Baad..",Mehman,1978,M. Ashraf,Masroor Anwar,Mehnaz,
"Tu Husn Ki Devi Hay, Main Hun Tera Pujari (Happy)..",Kubra Ashiq,1973,M. Ashraf,?,Mehdi Hassan,
"Tu Jahan Kahin Bhi Jaye, Mera Pyar Yaad Rakhna..",Insan Aur Aadmi,1970,M. Ashraf,Shabab Keranvi,Noorjahan,
"Tu Jahan Kahin Bhi Jaye, Mera Pyar Yaad Rakhna..",Insan Aur Aadmi,1970,M. Ashraf,Shabab Keranvi,Noorjahan,
Tu Jo Aya To Dil Ko Qarar Aa Geya.. Tu Lay Kay Mera Pyar Aa Geya..,Bin Baadal Barsat,1975,Shamim Nazli,?,Mala,
"Tu Jo Kahay, Teray Shano Peh, Main Zulfon Ko Bakher Dun..",Meray Hamsafar,1972,Sohail Rana,Masroor Anwar,Runa Laila,
"Tu Kahin Ja Basay, Tu Kahin Ja Rahay, Meray Bas Mein Nahin..",Professor,1975,A. Hameed,Saifuddin Saif,Mehdi Hassan,
"Tu Malik Mera, Main Noukar Tera..",Noukar,1975,M. Ashraf,Taslim Fazli,Ahmad Rushdi,
Tu Masoom Farishta Hay..,Imandar,1974,Nashad,Taslim Fazli,Ahmad Rushdi,
"Tu Mera Geet Hay, Main Hun Teri Sada..",Ishq Ishq,1977,Kemal Ahmad,Taslim Fazli,Mehdi Hassan,
"Tu Mera Geet Hay, Main Hun Teri Sada..",Baray Mian Divanay,1977,Kemal Ahmad,?,Mehnaz,
"Tu Mera Pehla Pehla Pyar Hay.. Sajna, Jana Na..",Yeh Rastay Hayn Pyar Kay,1970,Azam Baig,Tishna Meeruti,Nazir Begum,
Tu Mera Pyar Hay..,Yadon Ki Barat,1977,Chandra Mohan,Saeed Gilani,Mehnaz,
"Tu Mera Pyar Hay, Tujh Ko Sada Main Chahun Ga..",Bin Baadal Barsat,1975,Shamim Nazli,?,Mehdi Hassan,
Tu Mera Saqi Hay..,Chaltay Chaltay,1979,M. Ashraf,Taslim Fazli,Mehnaz,
Tu Meray Pyar Ka Geet Hay..,Aavaz,1978,A. Hameed,Shabab Keranvi,Naheed Akhtar,
Tu Meray Pyar Ka Geet Hay..,Aavaz,1978,A. Hameed,Shabab Keranvi,Mehdi Hassan,
Tu Meray Pyar Ka Geet Hay..,Aavaz,1978,A. Hameed,Shabab Keranvi,Asad Amanat Ali Khan,
Tu Meray Rubaru..,Aadmi,1978,Kemal Ahmad,Qateel Shafai,Nayyara Noor,
"Tu Meri Zindagi Hay, Tu Meri Har Khushi Hay..",Mohabbat Mar Nahin Sakti,1977,Nashad,Taslim Fazli,Noorjahan,
"Tu Meri Zindagi Hay, Tu Meri Har Khushi Hay..",Mohabbat Mar Nahin Sakti,1977,Nashad,Taslim Fazli,Mehdi Hassan,
"Tu Mila Pyar Mila, Honay Laga Turururururu..",Uff Yeh Bivian,1977,M. Ashraf,?,Naheed Akhtar,
Tu Nay Aanay Mein Der Laga Di..,Pehli Nazar,1977,Master Inayat Hussain,Qateel Shafai,Mehnaz,
"Tu Nay Dil Peh Lagaya Aisa Dunka, Jawani Teray Naam Kar Di..",Jeenay Ki Rah,1977,Tafu,Khawaja Parvez,Naheed Akhtar,
"Tu Nay Kya Shay, Mujhay Pila Di Hay..",Tehzeeb,1971,Nisar Bazmi,?,Runa Laila,
Tu Nay Meray Pyar Ki Qadar Na Jani..,Sabaq,1972,Nisar Bazmi,Kaleem Usmani,Runa Laila,
"Tu Nay Mujhay Jana Nahin Hay, Yeh Dil Wohi Hay..",Shikva,1975,Nashad,Taslim Fazli,Robina Badar,
Tu Nay Pehli Bar Liya Hay Pyar Say Naam Mera..,Dil Ka Shehar,1973,M. Ashraf,?,Noorjahan,
Tu Nay Pyar Say Dekha To Tan Gei..,Shabana,1976,M. Ashraf,Taslim Fazli,Naheed Akhtar,
Tu Pas Ho To Yeh..,"Mazi, Haal Aur Mustaqbil",1978,A. Hameed,Saifuddin Saif,Mehnaz,
"Tu Pyar Lay Kay Aya, Main Bahar Ban Geyi..",Baharon Ki Manzil,1973,Nashad,Taslim Fazli,Mala,
"Tu Rahi Anmol, Pyaray..",Dunya Gol Hay,1974,Nashad,?,Mehdi Hassan,
"Tu Raja, Main Teri Dasi, Tu Chanda, Main Darshan Pyasi..",Haider Ali,1978,Khawaja Khursheed Anwar,Qateel Shafai,Mehnaz,
"Tu Samnay Hay Meray, Tujh Say Hi Zindagi Hay..",Sharmili,1978,Karim Shahabuddin,Younis Hamdam,Ahmad Rushdi,
"Tu Samnay Ho Nazron Kay, Main Tujh Say Karun Pyar..",Soudagar,1972,M. Ashraf,Khawaja Parvez,Mala,
"Tu Sham-e-Mohabbat Hay, Main Hun Tera Parwana..",Shama-e-Mohabbat,1977,M. Ashraf,?,Asad Amanat Ali Khan,
"Tu, Ta-Tara-Tara, Pyar Mujhay Honay Laga..",Salakhen,1977,Kemal Ahmad,Taslim Fazli,Naheed Akhtar,
"Tujh Jaisa Daghabaz, Main Nay Dekha Nahin Ray..",Meray Hamsafar,1972,Sohail Rana,Masroor Anwar,Runa Laila,
"Tujh Ko Dekha Pehli Bar, Larh Geye Nain, Geyi Main Haar..",Baghi Haseena,1973,M. Ashraf,Khawaja Parvez,Irene Parveen,
Tujh Ko Dekha To Yeh Mehsoos..,Kalu,1977,A. Hameed,Saifuddin Saif,Mehdi Hassan,
Tujh Ko Dil Mein..,Na Chhura Sako Gay Daaman,1975,M.A. Shad,?,Naheed Akhtar,
"Tujh Ko Khabar Nahin, Tujh Ko Patta Nahin..",Aurat Raj,1979,?,?,Mehnaz,
"Tujh Ko Pukaray Mera Pyar, Teray Bina Hua Jeena Dushwar..",Kirdar,1970,Jameel Khusro,Aarzoo Akbarabadi,Mala,
Tujh Mein Jo Dekha Hay..,2 Tasviren,1974,Nisar Bazmi,Saifuddin Saif,Mehdi Hassan,
"Tujh Sa Koi Bhi Nahin, Tu Shahir Ka Hay Tasawur..",Sindbad,1975,Master Abdullah,?,??,
Tujh Say Jo Ik Pall Door Rahun..,Raja Ki Aye Gi Baraat,1979,M. Ashraf,Taslim Fazli,Mehdi Hassan,
Tujh Say Mil Kar Mujhay Aksar Yeh Guman Hota Hay..,Ehtjaj,1978,Nashad,?,A. Nayyar,
"Tujh Say Mili Zindagi, Tujh Hi Say..",Badlay Gi Dunya Sathi,1972,Tafu,?,Noorjahan,
Tujh Say Pyar Karun Ga..,Pakeeza,1979,M. Ashraf,Masroor Anwar,Ghulam Abbas,
Tujhay Dekha Kay Yun Lagta Hay Mujhya..,Mr. Ranjha,1979,Rajab Ali,?,Ghulam Abbas,
Tujhay Dhundhe Mera Pyar..,Ik Sapera,1971,Nashad,?,Mala,
"Tujhay Dil Mein Basa Lun, Dharkan Mein Chhupa Lun..",Zindagi,1978,M. Ashraf,Kaleem Usmani,Mehnaz,
"Tujhay Jan-e-Wafa, Dil Mein Chhupanay Ki Tamanna Hay..",Aag,1979,M. Ashraf,?,Mehdi Hassan,
Tujhay Karna Paray Ga..,Bharosa,1977,A. Hameed,Qateel Shafai,Naheed Akhtar,
"Tujhay Pyar Kartay Kartay, Meri Umar Beet Jaye..",Mera Naam Hay Mohabbat,1975,M. Ashraf,Taslim Fazli,Naheed Akhar,
"Tujhay Pyar Kartay Kartay, Meri Umar Beet Jaye..",Mera Naam Hay Mohabbat,1975,M. Ashraf,Taslim Fazli,Mehdi Hassan,
"Tum Bhi Ho Ajnabi, Ham Bhi Hayn Ajnabi, Ayo Thori Si Jan Pehchan..",Bazi,1970,Sohail Rana,Fyaz Hashmi,Ahmad Rushdi,
"Tum Chahay Bolo Na Bolo Meray, Sajna, Main To Kahun Tumhen Apna..",Meharban,1971,Basheer Ahmad,?,Mala,
Tum Eik Ka Rona Rote Thay (1)..,Mousam Hay Ashqana,1978,M. Ashraf,?,Ahmad Rushdi,
Tum Eik Ka Rona Rote Thay (2)..,Mousam Hay Ashqana,1978,M. Ashraf,?,Ahmad Rushdi,
Tum Hamen Yaad Ao Gay..,Savan Aya Tum Nahin Aye,1974,Ali Kazmi,Akhtar Yousuf,Runa Laila,
Tum Hi Nay Mujh Say Kaha Tha..,Azmat,1973,Nashad,Qateel Shafai,Noorjahan,
"Tum Jahan Bhi Raho, Jis Jagga Bhi Raho..",Insaf Aur Qanoon,1971,M. Ashraf,Taslim Fazli,Mala,
"Tum Jaisi Bhi Ho, Jo Kuchh Bhi Ho, Meray Dil Ko Achhi Lagti Ho..",Society Girl,1976,Nazir Ali,Taslim Fazli,Mehdi Hassan,
"Tum Ko Qasm Mehboob Meray, Mera Pyar Bhulana Na..",Takrao,1978,Tafu,Khawaja Parvez,Naheed Akhtar,
"Tum Ko Qasm Mehboob Meray, Mera Pyar Bhulana Na..",Takrao,1978,Tafu,Khawaja Parvez,Mehdi Hassan,
Tum Kya Aye Pardesi.. Lot Kar Na jana..,Chaman Khan,1978,Nazir Ali,Hazin Qadri,Naheed Akhtar,
"Tum Kya Jano, Tumhen Kyun Chaha, Kyun Dil Mein Basaya..",Ek Zalim Ek Haseena,1970,Altaf Mehmood,Shair Siddiqi,Sabina Yasmin,
"Tum Kya Milay, Naseeb Hamaray Sanwar Geye..",Saheli,1978,M. Ashraf,Shabab Keranvi,Naheed Akhtar,
"Tum Kya Milay, Zindagi..",Bobby And Julie,1978,Karim Shahabuddin,Adeem Hashmi,Alamgir,
Tum Meri Aankhon Mein Ik Bar Zara Dekho To..,Mohabbat Rang Laye Gi,1970,Nisar Bazmi,Masroor Anwawr,Mehdi Hassan,
Tum Meri Zindagi Ho..,Mom Ki Guriya,1976,Robin Ghosh,?,Alamgir,
Tum Milay Mil Gay Zindagi..,Rootha Na Karo,1971,Sohail Rana,Dukhi Premnagri,Ahmad Rushdi,
"Tum Milay, Ham Khilay, Jawani Bari Mazedar Ho Geyi..",Aavara,1977,Master Inayat Hussain,Fyaz Hashmi,Naheed Akhtar,
Tum Na Miltay Agar..,Dhamaka,1974,Lal Mohammad Iqbal,?,Runa Laila,
"Tum Nain Milao Gay, Tum Chain Churao Gay..",Chaman Khan,1978,Nazir Ali,Hazin Qadri,Naheed Akhtar,
"Tum Nay Kya Keh Diya, Ham Nay Sun Liya..",BeWafa,1970,Nisar Bazmi,Kaleem Usmani,Ahmad Rushdi,
Tum Nay Thukra Diya Ham Ko To Kidhar Jayen Gay..,Parai Beti,1970,Akbar Pasha,Kaif Rizwani,Runa Laila,
"Tum Say Main Kaisay Kahun, Kyun Mera Dil Jhoomay..",Main Akela,1972,Bakhshi Wazir,?,Naseem Begum,
Tum Say Mil Kar Meri Dunya Hi Badal Jati Hay..,Soughat,1970,Sohail Rana,Masroor Anwar,Mujeeb Alam,
"Tum Say Nighaen Mila Kay, Haar Geyi Main Dil..",Mr. 303,1971,Master Rafiq Ali,Mushir Kazmi,Mala,
Tumhara Aakhri Kar Lun Nazar A..,Accident,1978,Kemal Ahmad,?,Mehdi Hassan,
Tumhara Pyar Na Milta To Mar Geye Hotay..,Aurat Ek Paheli,1976,Nazir Ali,Riazur Rehman Saghar,Noorjahan,
Tumharay Pyar Nay Mujh Ko Kiya Hay Deevana..,Love in Europe,1970,M. Ashraf,Tanvir Naqvi,Ahmad Rushdi,
Tumhen Dekha To Dil Nay Kaha..,Usay Dekha Usay Chaha,1974,Sohail Rana,Fyaz Hashmi,Ahmad Rushdi,
"Tumhen Kyun Na Chahen, Tumhen Kyun Na Poojen..",Mann Ki Jeet,1972,M. Ashraf,Taslim Fazli,Nadeem,
Tumhen Mubarak Nei Kahani..,Suhag,1972,Nashad,Masroor Anwar,Mehdi Hassan,
"Tumhen Pa Kay Main Nahy Khoya, Tumhen Kho Kay Main Nay Paya..",Aansoo Ban Geye Moti,1970,Master Inayat Hussain,Shevan Rizvi,Mala,
"Tumhi Ko Mubarak Rahay Dosto, Mujhay Aisi Dunya Nahin Chahiye..",Soughat,1970,Sohail Rana,Masroor Anwar,Ahmad Rushdi,
Tun Nay Bhi Kabhi Dekha Hay..,2 Sathi,1975,Robin Ghosh,Akhtar Yousuf,Mehdi Hassan,
"Turu Turu Tara Tara, Bolay Yeh Dil Ik Tara..",Mohabbat Zindagi Hay,1975,M. Ashraf,Masroor Anwar,Naheed Akhtar,
Tut Gaye Ajj Meray Dil Day Taar..,2 Rangeelay,1972,Kemal Ahmad,Asif Jah,Rangeela,
Tut Gaye Sab Khawb Suhane Aag Lagi Armanon Main..,Dulhan Rani,1973,Nashad,?,Rajab ali,
"Ubray Chand, Doobay Suraj, Aye Keh Jaye Bahar..",Mr. 420,1970,Lal Mohammad Iqbal,Sehba Akhtar,mala,
"Uff Yeh Bivian, Pyari Pyari Bivian..",Uff Yeh Bivian,1977,M. Ashraf,?,Ahmad Rushdi,
Uff Yeh Mehki Mehki Zulfon Ki..,Ajnabi,1975,Nisar Bazmi,?,Mehdi Hassan,
"Uljhay Suljhay Naina Moray, Nachay Jiya Ray..",Yeh Rastay Hayn Pyar Kay,1970,Azam Baig,Fyaz Hashmi,Noorjahan,
Ulti Ho Geyin Sab Tadbeeren..,Dhamaka,1974,Lal Mohammad Iqbal,?,Saleem Shehzad,
"Umaria Beeti Jaye, Koi Rishta Na Aaye..",Mohabbat Aur Mehngai,1976,Kemal Ahmad,?,Noorjahan,
"Un Ka Hi Tasawur Hay, Mehfil Ho Keh Tanhai..",Sehray Kay Phool,1973,Nashad,?,Noorjahan,
Un Ki Rehmat Jo Day Gi Sahara To Bigri Sanwar Jaye Gi..,Zebun Nisa,1976,Master Inayat Hussain,Kaleem Usmani,Masood Rana & Co.,
"Urnay Do, Dhuwaan Hi Dhuwaan, Raat Nasheeli Hay..",Saajan Rang Rangeela,1975,Nashad,Habib Jalib,Nayyara Noor,
Urray Ghata Meray Aagay..,Dharkan,1976,M. Ashraf,Taslim Fazli,Naheed Akhtar,
"Urta Hua Waqt Tham Lo, Sathi Na Ho Jaye Sham..",Yeh Aman,1971,A. Hameed,Habib Jalib,Runa Laila,
Urti Hui Chali Ray..,Dhamaka,1974,Lal Mohammad Iqbal,?,Shehnaz Begum,
Us Ki Bazm Mein Janay Kya Kya Kastay Hayn Awazen Log..,Mohabbat Mar Nahin Sakti,1977,Nashad,Taslim Fazli,Ahmad Rushdi,
"Us Peh A Chand, Tujhay Apna Hi Dhoka Hota..",Neya Savera,1970,Tasadduq Hussain,Qateel Shafai,Noorjahan,
Veerana Meri Dunya Sath Ab..,Pazeb,1972,Lal Mohammad Iqbal,Fyaz Hashmi,Ahmad Rushdi,
"Waada Karna Ho Ga, Jiyen Gay Sang Sang, Maren Gay Sang Sang..",Soudagar,1972,M. Ashraf,Khawaja Parvez,Mala,
"Waada Karo Milo Gay, Kal Phir Isi Jaggah..",Meray Hamsafar,1972,Sohail Rana,Masroor Anwar,Ahmad Rushdi,
"Waada Karo Sajna, Chhu Kay Mujhay Tum Abhi, Jeevan Ki Is Rah Mein..",Aina,1977,Robin Ghosh,Akhtar Yousuf,Mehnaz,
"Waada Karo, Waada Kiya..",Mera Naam Raja,1978,Bakhshi Wazir,?,Mehnaz,
"Waada Pyar Ka, Sohnay Yaar Ka..",Dil Nasheen,1975,M. Ashraf,Masroor Anwar,Mala,
Wadian Mujh Ko Pukaren..,Jahan Barf Girti Hay,1972,Lal Mohammad Iqbal,?,Ahmad Rushdi,
"Wafa Ka Waada Hay, Kis Nay Tora..",Javab Do,1974,A. Hameed,?,Munir Hussain,
Wah Ray Wah Shahabuddin..,Javani Deevani,1977,Nazir Ali,?,Ahmad Rushdi,
"Wah Ri Bhook, Tera Bhi Jawab Nahin Hay..",Mohabbat Aur Mehngai,1976,Kemal Ahmad,?,Masood Rana,
"Wah Ri Dunya, Wah Ray Zamanaya..",Namak Harram,1974,Nashad,?,Ahmad Rushdi,
Waqt Ka Pehyya Chalta Jaye..,Neelaam,1974,Nashad,Taslim Fazli,Masood Rana,
Waqt Ne Pair Main Ghungroo Bandhay Mard Ne Khaicha Aancha..,Aabshar,1978,M. Ashraf,?,Mehnaz,
Way Aa Dildara..,Haivan,1975,A. Hameed,Taslim Fazli,Naheed Akthar,
"Way Sab Tun Sohneya, Hehe Way Mann Mohnya (sad)..",Rangeela,1970,Nazir Ali,Waris Ludhyanvi,Tasawur Khanum& Co.,
"Way Sab Tun Sohneya, Hehe Way Mann Mohnya, Main Teri Ho Geyi..",Rangeela,1970,Nazir Ali,Waris Ludhyanvi,Tasawur Khanum& Co.,
"Way Sab Tun Sohniye, Hey Ni Mann Mohniye..",Aurat Raj,1979,?,?,?,
We Don´t Care..,Pyasa,1973,Nisar Bazmi,?,Runa Laila,
"Woh Aa To Jaye Magar, Mera Intezar Hi Kam Hay..",Ajnabi,1975,Nisar Bazmi,?,Ghulam Abbas,
Woh Aye Mohabbat Ki Mehfil Sajanay..,BeQasoor,1970,Manzoor Ashraf,Tanvir Naqvi,Irene Parveen,
"Woh Bedardi Kaisi Saza Day Geya, Apna Bana Kay Dagha Day Geya (sad)..",Zindagi Kay Melay,1972,Manzoor,Nazim Panipati,Irene Parveen,
"Woh Chand Chehra, Sitara Ankhen..",Beyond The Last Mountain,1976,Sohail Rana,?,Habib Wali Mohammad,
"Woh Din Bachpan Kay, Sathi Jeevan Kay..",Pyar Hi Pyar,1974,Nisar Bazmi,Taslim Fazli,Mehdi Hassan,
Woh Kehtay Hayn Dunya Mein Pyar Bari Cheez Hay..,Susral,1977,M. Ashraf,?,Mehdi Hassan,
Woh Kehtay Thay Ham Say..,Qismat,1974,Nashad,Taslim Fazli,Afshan,
Woh Kehtay Thay Ham Say Mulaqat Karo..,Neya Rasta,1973,Nashad,?,Afshan,
"Woh Kon Hay, Keh Ankhon Nay Dekha Nahin Kabhi..",Anjuman,1970,Nisar Bazmi,Masroor Anwar,Runa Laila,
Woh Mera Ho Na Saka To..,Azmat,1973,Nashad,?,Noorjahan,
"Woh Zamin Aur Ho, Aasman Aur Ho, Ab Jahan Ham Rahen ..",Chand Suraj,1970,Nashad,Shevan Rizvi,Masood Rana,
"Wohi Dildar Hay, Jo Wafadar Hay, Hamara, Tumhara, Sahara..",Balvant Kour,1975,Hassan Latif,Iftikhar Shahid,Noorjahan,
"Wohi Pyar Hay Wohi Aarzoo.. Kabhi Ham Nahin, Kabhi Tum Nahin..",Prince,1978,Kemal Ahmad,Khawaja Parvez,Naheed Akhtar,
Ya Mohammad Mustafa (Saw) Sallay Alla..,Main Akela,1972,Bakhshi Wazir,?,Ustad Amanat Ali Khan,
"Yaa Peer Dastgeer, Madad Kar, Jab Tak Chand Luteray..",Yeh Aman,1971,A. Hameed,Habib Jalib,Mehdi Hassan & Co.,
Yaad Kar Karbala Ka Woh Zamana..,General Bakht Khan,1979,Akhtar Hussain Akhian,?,Mehdi Hassan,
"Yaad Kar Karbala Ka Zamana, Woh Shahadat Ka Sada Afsana..",Tipu Sultan,1977,Akhtar Hussain Akhian,?,Mehdi Hassan,
"Yaad Mein Teray Sadian Bitin, Eik Jhalak Dikhla Ja..",Zarq Khan,1973,Kemal Ahmad,Fyaz Hashmi,Masood Rana,
"Yaad Rakhnay Ko Kuchh Na Raha, Bhool Janay Ko Kuchh Bhi Nahin..",Barat,1978,M. Ashraf,Taslim Fazli,A. Nayyar,
Yaar Ki Galion Mein Kyun Kar Yaar Jana Chhor Day..,Nasheman,1976,M. Ashraf,?,Naheed Akhtar,
Yaar Nay Khat Bheija Hay..,Mout Meri Zindagi,1979,Master Rafiq Ali,Ruby,Mehnaz,
"Yaara, Teri Yaari Tun Main Qurban..",Meri Dushmani,1976,Kemal Ahmad,Khawaja Parvez,Ahmad Rushdi,
"Yadash Ba-Khair Bachpan Mein, Khailay Thay Angan Mein..",Anjuman,1970,Nisar Bazmi,Masroor Anwar,Ahmad Rushdi,
"Yahan Qadar Kya Dil Ki Ho Gi, Yeh Dunya Hay Sheeshagaron Ki..",Meri Zindagi Hay Naghma,1972,Nisar Bazmi,Shevan Rizvi,Rangeela,
Yahan Say Wahan Tak..,Yahan Say Vahan Tak,1979,Wajahat Attray,Masroor Anwar,Mehnaz,
"Yahi Hay Pyaray Zindagi, Kabhi Hayn Gham Aur Kabhi Khushi..",Prince,1978,Kemal Ahmad,Khawaja Parvez,Akhlaq Ahmad,
"Yaro, Main Bara Preshan, Ik Larki Jawan..",Parday Mein Rehnay Do,1973,M. Ashraf,Taslim Fazli,Ahmad Rushdi,
Ye Tera Phool Sa Chehra..,Aadmi,1978,Kemal Ahmad,Masroor Anwar,Mehdi Hassan,
"Yeh Aaj Mujh Ko Kya Hua, La La La La La..",Noukar,1975,M. Ashraf,Taslim Fazli,Naheed Akhtar,
Yeh Aalam Shouq Ka Dekha Na Jaye..,Masoom,1975,Khalil Ahmad,Ahmad Faraz,Naheed Akhtar,
"Yeh Ada, Yeh Naaz, Yeh Andaz, Aap Ka..",Road To Swat,1970,Tasadduq Hussain,Mouj Lakhnavi,Mala,
Yeh Arab Rehguzaron Ka Jahan..,Laila Majnu,1974,Nisar Bazmi,Saifuddin Saif,Mehdi Hassan & Co.,
"Yeh Bahar Ka Samaa, Raat Hay Jawan Jawan..",Zebun Nisa,1976,Master Inayat Hussain,Kaleem Usmani,Mala,
Yeh Betab Mouje ..,Dhamaka,1974,Lal Mohammad Iqbal,?,Runa Laila,
Yeh Bheega Badan Tera Kahin..,Dunya Na Manay,1971,Nashad,?,Mehdi Hassan,
Yeh Bhi Ik Mashooq Ka Andaz Tha..,Baat Pohnchi Teri Javani Tak,1974,Nisar Bazmi,Shevan Rizvi,Tasawur Khanum,
Yeh Buri Cheez Peenay Say..,Goonj,1977,Nazir Ali,Saeed Gilani,Mehnaz,
"Yeh Dil Hay Tum Pep Deevana, Shama Peh Jaisay Parwana..",Anjan,1970,Manzoor Ashraf,Khawaja Parvez,Mala,
"Yeh Dil Hay Tumhara, Hamara Nahin..",Saheli,1978,M. Ashraf,Shabab Keranvi,Naheed Akhtar,
"Yeh Dil Ki Sada Hay, Yeh Meri Dua Hay, Teri Zindagi Mein..",Prince,1978,Kemal Ahmad,Khawaja Parvez,Mehnaz,
"Yeh Dil Ki Sada Hay, Yeh Meri Dua Hay, Teri Zindagi Mein..",Prince,1978,Kemal Ahmad,Khawaja Parvez,Mehdi Hassan,
"Yeh Din Bachpan Kay, Sathi Jeevan Kay..",Pyar Hi Pyar,1974,Nisar Bazmi,Taslim Fazli,Nayyara Noor,
"Yeh Din Jawani Kay, Dekh Kahin Beeten Na..",Shikar,1974,A. Hameed,Taslim Fazli,Mala,
"Yeh Dunya Hay BeWafa, Dunya Say Dil Na Lagana..",Mom Ki Guriya,1976,Robin Ghosh,Taslim Fazli,Akhlaq Ahmad,
Yeh Dunya Hay Doulat Walon Ki..,Neend Hamari Khab Tumharay,1971,M. Ashraf,Kaleem Usmani,Masood Rana,
Yeh Dunya Hay Ik Behrup..,Aarzoo,1975,M. Ashraf,Masroor Anwar,Mala,
"Yeh Dunya Hay Ik Play, Main Hun Playboy..",Playboy,1978,M. Ashraf,?,A. Nayyar,
Yeh Dunya Kya Hay Ik Maikhana Hay..,Mr. Budhu,1973,Kemal Ahmad,Riazur Rehman Saghar,Rangeela,
"Yeh Dunya Nahin Dil Walon Ki, Milta Hi Nahin Hay Pyar Yahan..",BeQasoor,1970,Manzoor Ashraf,Tanvir Naqvi,Masood Rana,
Yeh Dunya Rahay Na Rahay Meray Hamdam..,Mera Naam Hay Mohabbat,1975,M. Ashraf,Taslim Fazli,Mehdi Hassan,
Yeh Dunya Rahay Na Rahay Meray Hamdama(Sad)..,Mera Naam Hay Mohabbat,1975,M. Ashraf,Taslim Fazli,Mehdi Hassan,
"Yeh Dunya Sangdil Hay, Aur Nazuk Mera Dil Hay..",Baat Pohnchi Teri Javani Tak,1974,Nisar Bazmi,Shevan Rizvi,Masood Rana,
"Yeh Dunya Sundar Sapna, Aankh Khuli To Koi Na Apna..",April Fool,1977,Tasadduq Hussain,Mohammad Ikram,Mala,
"Yeh Dunya Zehreeli Naag Hay, Chamak Dhamak Hay Is Kay Upar..",Kousar,1969,Inayat Hazrawi,Qateel Shafai,Irene Parveen,
"Yeh Ejaz Hay, Husn-e-Awargi Ka, Jahan Bhi Geye..",Samaj,1974,A. Hameed,?,Mehdi Hassan,
"Yeh Ghar Mera Gulshan Hay, Gulshan Ka Khuda Hafiz..",Baharo Phool Barsao,1972,Nashad,Shevan Rizvi,Noorjahan,
"Yeh Ghar, Meray Armano Ka Sapna Hay..",Dil Nasheen,1975,M. Ashraf,Masroor Anwar,Mehnaz,
"Yeh Hasrat Rahi, Haal-e-Dil Ham Sunatay, Bari Der Ki..",Izzat,1975,A. Hameed,Taslim Fazli,Mala,
"Yeh Hasrat Reh Gei Dil Mein, Yeh Wadi Ham Ko Yaad Aya Karegi..",Laila Majnu,1974,Nisar Bazmi,Saifuddin Saif,Noorjahan,
Yeh Hay Jahan Kitna Haseen.. Ham Ko Mili Hay Nei Zindagi..,BeQasoor,1970,Manzoor Ashraf,Tanvir Naqvi,Irene Parveen,
"Yeh Hay Nargasi Ashkon Ka Savera, Zara Soch Lay..",Kirdar,1970,Jameel Khusro,Aarzoo Akbarabadi,Runa Laila,
"Yeh Husn Hay, Shabab Hay, Yeh Jam Hay, Sharab Hay..",Badguman,1972,Tasadduq Hussain,?,Runa Laila,
Yeh Iltija Hay Meri..,Neik Parveen,1975,A. Hameed,Riazur Rehman Saghar,Mehnaz,
"Yeh Jawani Ki Raten, Yeh Muradon Ki Baten, Kahay Sharmaen..",Pyar Ka Mousam,1975,Tasadduq Hussain,Mouj Lakhnavi,Mala,
Yeh Jhoomti Faza Hay Ya Pyar Ka Nasha..,Badlay Gi Dunya Sathi,1972,Tafu,?,Ahmad Rushdi,
"Yeh Jhukki Jhukki Nighaen, Inhen Main Salam Kar Lun..",Palki,1975,Nashad,Shevan Rizvi,Mehdi Hassan,
"Yeh Judai Kitni Ajeeb Hay, Tujhay Al-Widaa Bhi Na Keh Sakay..",Sipah Salar,1972,Rehman Verma,?,Mehdi Hassan,
"Yeh Khoon Shaheed-e-Watan Ka Hay, Rang Laye Ga..",Inqilab,1978,M. Ashraf,Habib Jalib,Akhlaq Ahmad,
Yeh Kya Ghazab Hay Keh Tum Bhi Singhar Karti Ho..,Palki,1975,Nashad,Shevan Rizvi,Rajab Ali,
Yeh Log Baray Ham Logon Peh Hanstay Hi Rahay Hayn..,Waqt,1976,Nashad,Taslim Fazli,Mehdi Hassan,
"Yeh Mehfil Jo Aaj Sajji Hay, Is Mehfil Mein, Hay Koi Ham Sa..",Mohabbat,1972,Nisar Bazmi,?,Tahira Syed,
"Yeh Mojen, Kahan Jati Hayn, Takra Kay Phir Aati Hayn..",Chori Chori,1979,Nashad,Taslim Fazli,Mehnaz,
Yeh Mousam Hota Hay Naino Say..,Miss Hong Kong,1979,M. Ashraf,Masroor Anwar,Mehdi Hasan,
"Yeh Na Socho, Keh Main Kon Hun, Yeh Na Socho Keh Tum Kon Ho..",Seeta Maryam Margrette,1978,A. Hameed,Qateel Shafi,Naheed Akhtar,
Yeh Nazar E Al-Amman..,Usay Dekha Usay Chaha,1974,Sohail Rana,Fyaz Hashmi,Ahmad Rushdi,
"Yeh Phool Sa Chehra, Ban Jaye Ga Shola..",Roop Behroop,1971,Lal Mohammad Iqbal,Taslim Fazli,Ahmad Rushdi,
"Yeh Phool Sa Nazuk Chehra, Yeh Zulf Teri Mastana..",Honeymoon,1970,Javed Sarwar,Masroor Anwar,Ahmad Rushdi,
"Yeh Raat Mukhtasar Hay, Meri Jan Gham Na Kar..",Al-Asifa,1971,Rehman Verma,?,Mehdi Hassan,
"Yeh Raat Na Janay Kya Kya, Rang Badalti Hay..",Cheekh,1977,Kemal Ahmad,Saeed Gilani,Noorjahan,
"Yeh Raat, Yeh Bahar Jo Ayi To Kis Kay Liye..",Bedardi,1970,Feroz Gul,Asad Hussain Azal,Irene Parveen,
"Yeh Rahen Ajnabi Hayn, Mujhay Hamsafar Bana Lo, Sinjorina..",Meray Hamsafar,1972,Sohail Rana,Masroor Anwar,Ahmad Rushdi,
"Yeh Rangeen Mehfil, Haseeno Ka Mela, Melay Mein Tarpay Akela..",Subah Ka Tara,1974,Kemal Ahmad,?,Masood Rana,
"Yeh Rangeen Nazaray, Yeh Chand Aur Taray, Yahi Razadan Hayn..",Shahi Faqeer,1970,Tasadduq Hussain,Mushir Kazmi,Mala,
Yeh Safar Teray Meray Pyar Ka..,Sheeshay Ka Ghar,1978,Master Abdullah,?,Mehdi Hassan,
"Yeh Samaa, Pyar Ka Samaa, Aaj Aaj In Bahon Mein..",Anmol Mohabbat,1978,Robin Ghosh,Riazur Rehman Saghar,Mohammad Ali Shehki,
"Yeh Sath Kabhi Na Chhotay Ga, Jo Mar Kay Bhi Na Tootay Ga..",Millan,1978,Nashad,Masroor Anwar,Mehdi Hassan,
"Yeh Sham Jab Dhalti Hay, Baray Baray Mehkhano Mein..",Cheekh,1977,Kemal Ahmad,Saeed Gilani,Mehnaz,
"Yeh Shehar To Hay Dhan Walon Ka, Yahan Apna Guzara Mushkil Hay..",Kirdar,1970,Jameel Khusro,Shahid Delhvi,Ahmad Rushdi,
"Yeh Sitaray, Yeh Nazaray..",Bobby And Julie,1978,Karim Shahabuddin,Adeem Hashmi,Alamgir,
"Yeh Tera Aana, Bheegi Raton Mein..",Shama,1974,M. Ashraf,Taslim Fazli,Mehdi Hassan,
Yeh Tera Nazuk Badan Hay Ya Koi Mehka Gulab..,Shabana,1976,M. Ashraf,Taslim Fazli,Mehdi Hassan,
Yeh To Mana Aap Sa Rangeen Ada Koi Nahin..,Aao Pyar Karen,1972,M. Ashraf,Kaleem Usmani,Mehdi Hassan,
"Yeh Tootay Khilonay, Yeh Mitti Kay Putlay..",Mitti Kay Putlay,1974,Muslehuddin,?,Akhlaq Ahmad,
Yeh Waada Karo Keh Mohabbat Karen Gay..,Daaman Aur Chingari,1973,M. Ashraf,Taslim Fazli,Masood Rana,
"Yeh Waada Kiya Tha, Mohabbat Karen Gay..",Daaman Aur Chingari,1973,M. Ashraf,Shabab Keranvi,Masood Rana,
"Yeh Wadian, Yeh Parpaton Ki Shahzadiyan, Poochhti Hayn..",Dosti,1971,A. Hameed,Qateel Shafai,Noorjahan,
Yeh Wafaon Ka Aap Nay Diya Inaam Mujhay..,Phir Chand Niklay Ga,1970,Sohail Rana,Anjum Keranvi,Mehdi Hassan,
Yeh Zehar Hay Keh Jaam..,Black Cat,1977,Wajahat Attray,Taslim Fazli,Mehnaz,
"Yehi Hay Sila, Yehi Hay Irada, Jawan Gesiyun Mein..",Aao Pyar Karen,1972,M. Ashraf,Kaleem Usmani,Runa Laila,
You Are A Wrong Man..,Goonj,1977,Wajahat Attray,Saeed Gilani,Mehnaz,
"Yuhni Din Cut Jayen, Yuhni Sham Dhal Jaye..",Bahisht,1974,A. Hameed,Taslim Fazli,Robina Badar,
"Yun Kho Geye Teray Pyar Mein Ham, Ab Hosh Mein Aana Mushkil Hay..",Afsana,1970,Nashad,Tanvir Naqvi,Mujeeb Alam,
Yun Nazren Na Pheriye..,Baadal Aur Bijli,1973,Sohail Rana,Sehba Akhtar,Shehnaz Begum,
"Yun Tera Bigar Kar Jana, Khudaya, Touba Touba..",Taqdeer Kahan Lay Ayi,1976,Manzoor,Ruby,Ahmad Rushdi,
Yun To Har Shakssh Nay Dunya Main Mohabbat Ki Hay..,Sazish,1976,Kemal Ahmad,?,Ghulam Abbas,
"Yunhi Chaltay Chaltay Rahon Mein, Mujhay Tum Mil Geye..",AnDaata,1976,Kemal Ahmad,Khawaja Parvez,Mehdi Hassan,
Zam Zam Zam..,Ab Ghar Janay Do,1979,M. Ashraf,Riazur Rehman Saghar,Naheed Akthar,
Zama Janana..,Begum Jan,1977,A. Hameed,Qateel Shafai,Naheed Akhtar,
"Zamanay Mein Reh Kay, Rahay Ham Akelay..",Yeh Rastay Hayn Pyar Kay,1970,Azam Baig,Mushir Kazmi,Naseem Begum,
"Zamanay Mein Reh Kay, Rahay Ham Akelay..",Yeh Rastay Hayn Pyar Kay,1970,Azam Baig,Mushir Kazmi,Masood Rana,
Zamanay Say Apna Tasawwar Juda Hay..,Meri Zindagi Hay Naghma,1972,Nisar Bazmi,Shevan Rizvi,Munir Hussain,
"Zamaney Ki Nazron Mein, Main Be-Wafa Hun..",Insan Aur Aadmi,1970,M. Ashraf,?,Noorjahan,
"Zamin Kay Chand, Tera Husn Aasmani Hay..",Mr. 420,1970,Lal Mohammad Iqbal,Kamil Ansari,Mehdi Hassan,
"Zara Bach Kay Chalna, Sanbhalna Sanbhalna..",Aina Aur Soorat,1974,M. Ashraf,Qateel Shafai,Noorjahan,
Zara Badli Mein Chand Chhup Janay Day Ray..,Saajan Rang Rangeela,1975,Nashad,?,Robina Badar,
"Zara Been Bajao, Sohneya, Teri BeeN Hay Sureeli..",Jasoos,1977,Tafu,Fyaz Hashmi,Naheed Akhtar,
Zara Dekh Idhar Meri Ankhon Ka Rang Neela Bhi Hay Kala Bhi..,Sargent,1977,Kemal Ahmad,Taslim Fazli,Noorjahan,
"Zara Dekhiye, Meri Sadgi..",Baat Pohnchi Teri Javani Tak,1974,Nisar Bazmi,Shevan Rizvi,Nayyara Noor,
Zara Ham Pyar Kar Len..,Rim Jhim,1971,Nashad,Shevan Rizvi,Ahmad Rushdi,
"Zara Kitab Say Nazar Hitaiye, Dekhiye, Boliye, Kya Hua..",Maina,1970,Basheer Ahmad,Basheer Ahmad,Basheer Ahmad,
Zara Si Ik Baat Par Khafa Hayn Aap Kis Qadar..,Mohabbat Rang Laye Gi,1970,Nisar Bazmi,Masroor Anwawr,Mala,
Zara Thumkay Peh Thumka Lagana..,Nadan,1973,Lal Mohammad Iqbal,Taslim Fazli,Ahmad Rushdi,
Zewron Ki Mujhay Kuchh..,Dil Kay Daagh,1978,A. Hameed,?,Naheed Akhtar,
"Zid Na Kar Is Qadar, Jan-e-Jan..",Neya Andaz,1979,A. Hameed,Qateel Shafai,A. Nayyar,
Zinda Rahen To Kis Ki Khatir..,Uff Yeh Bivian,1977,M. Ashraf,?,Mehdi Hassan,
Zinda Rahen To Kya Hay Jo Marr Jayen Ham To Kya..,Kharidar,1976,M. Ashraf,Munir Niazi,Naheed Akhtar,
Zindagi Bhar Mujhay Aarzoo Thi Teri..,Javab Do,1974,A. Hameed,Tanvir Naqvi,Mujeeb Alam,
Zindagi Bhar Yahi Iqrar Kiye Jayen Gay..,Palki,1975,Nashad,Shevan Rizvi,Rajab Ali,
"Zindagi Bhar Yunhi Muskarata Rahay, Maa Ka Saya..",Ek Phool Ek Pathar,1970,Nashad,Taslim Fazli,Musarrat Jahan,
"Zindagi Chali Kahan Say, Aa Geyi Kahan, Ajnabi Hay..",Taqdeer Kahan Lay Ayi,1976,Manzoor,Ruby,Runa Laila,
"Zindagi Eik Safar Hay, Jis Mein Log Miltay Hayn..",Zindagi Ek Safar Hay,1972,A. Hameed,Qateel Shafai,Mehdi Hassan,
"Zindagi Hay Khushion Ka Naam, Isi Say Pyar Karo..",Sadhu Aur Sheitan,1973,Kemal Ahmad,Khawaja Parvez,Mala & Co.,
Zindagi Hay Rawan..,Qayamat,1978,Khalil Ahmad,?,Mehnaz,
"Zindagi Ja, Chhor Day Peechha Mera, Aakhir Main Insan Hun..",Javab Do,1974,A. Hameed,Tanvir Naqvi,Mehdi Hassan,
"Zindagi Ja, Chhor Day Peechha Mera, Aakhir Main Insan Hun..",Javab Do,1974,A. Hameed,Tanvir Naqvi,Noorjahan,
"Zindagi Ka Safar Kabhi Rukta Nahin, Kabhi Gham Kabhi Hay Khushi..",Aaj Aur Kal,1976,Khalil Ahmad,Taslim Fazli,Nayyara Noor,
Zindagi Kay Safar Mein Akalay Thay Ham..,Afsana Zindagi Ka,1972,M. Ashraf,?,Ahmad Rushdi,
Zindagi Kay Safar Mein Akelay Thay Ham..,Afsana Zindagi Ka,1972,M. Ashraf,?,Noorjahan,
"Zindagi Kitni Haseen Hay, Azma Kar Deikhiye..",Jaltay Suraj Kay Neechay,1971,Subal Das,Masroor Anwar,Mala,
Zindagi Kitni Rangeen Hay..,Gharana,1973,M. Ashraf,Kaleem Usmani,Runa Laila,
Zindagi Mein To Sabhi Pyar Kiya Kartay Hayn..,Azmat,1973,Nashad,?,Mehdi Hassan,
Zindagi Meray Yaar..,Parda Na Uthao,1974,M. Ashraf,Masroor Anwar,Tasawur Khanum,
"Zindagi Par Mujhay, Khawab Sa Hay Guman..",Parai Aag,1971,Khawaja Khursheed Anwar,Tanvir Naqvi,Naseem Begum,
Zindagi To Aap Ki Raanaion Ka Naam Hay..,Soughat,1970,Sohail Rana,Masroor Anwar,Ahmad Rushdi,
"Zindagi Tu Nay Har Qadm Peh Mujhay, Ek Sapna Neya Dikhaya Hay..","Mazi, Haal Aur Mustaqbil",1978,A. Hameed,Saifuddin Saif,Ghulam Abbas,
"Zindagi Tu Nay Har Qadm Peh Mujhay, Ek Sapna Neya Dikhaya Hay..","Mazi, Haal Aur Mustaqbil",1978,A. Hameed,Saifuddin Saif,Mehnaz,
"Zindagi, Apni Guzar Jaye Gi Aram Kay Sath..",Khak Aur Khoon,1971,Nisar Bazmi,?,Rajab Ali,
"Zindagi, Geet Hay Mohabbat Ka..",Sehray Kay Phool,1973,Nashad,Taslim Fazli,Mala,
"Zindagi, Zinda Dili Ka Naam Hay, Zindagi Say Pyar Karna..",Aansoo,1971,Nazir Ali,Khawaja Parvez,Masood Rana,
Zuban Say Keh Nahin Saktay Keh Pyar Kartay Hayn..,Takht Aur Taj,1970,Rehman Verma,?,Mala,
"Zulf Lehra Geyi, Kamar Ball Kha Geyi..",Mr. 303,1971,Master Rafiq Ali,Mushir Kazmi,?,
Zulf Matt Khol Keh Phir Toot Kay..,Mehboob Mera Mastana,1976,Nashad,Taslim Fazli,Mehdi Hassan,
Zulfo Ki Chhaun Mein..,Meri Mohabbat Teray Havalay,1972,Kemal Ahmad,?,Mehdi Hassan,
Zulfon Ki Haseen Chhaun Mein Kya Dhoop Chhanni Hay..,Mohabbat Mar Nahin Sakti,1977,Nashad,Taslim Fazli,Mehdi Hassan,
"Zulm Rahay Aur Amn Bhi, Kya Mumkin Hay Tum Hi Kaho..",Yeh Aman,1971,A. Hameed,Habib Jalib,Noorjahan,
"Zulm Rahay Aur Amn Bhi, Kya Mumkin Hay Tum Hi Kaho..",Yeh Aman,1971,A. Hameed,Habib Jalib,Mehdi Hassan,
Zulmi Nay Hey Chabo Di Sui..,Shama,1974,M. Ashraf,Taslim Fazli,Naheed Akhtar,
"2 Dharktay Dil Milay, Mitt Geye Sab Faslay..",Aladdin,1981,Kemal Ahmad,Khawaja Parvez,Masood Rana,
2 Dil Mil Kay..,Thori Si Bewafai,1982,M. Ashraf,Kaleem Usmani,Naheed Akthar,
"2 Naino Ka Kaam Sara, Do Naino Ka Kaam..",Dehleez,1983,Kemal Ahmad,Taslim Fazli,Mehdi Hassan,
2 Pyasay Dil Eik Huway Hayn Kaisay..,Bandish,1980,Robin Ghosh,Taslim Fazli,Mehdi Hassan,
"A Dost, Teri Ankho Jo Purnam Hay To Mujhay Keya..",Watan,1981,A. Hameed,Qateel Shafai,Noorjahan,
"A Dost, Teri Ankho Jo Purnam Hay To Mujhay Keya..",Watan,1981,A. Hameed,Qateel Shafai,Ghulam Abbas,
"A Mashriq Walo, Ibrat Mera Naa..",Mashriq Maghrib,1985,Sabir Ali,Shujaa Aqeel,Noorjahan,
"A Meray Dost, Haseen Raat Mubarak Ho Tujhay..",Dil Nay Phir Yaad Kiya,1981,Kemal Ahmad,?,Mehdi Hasan,
"A, Teray Qadmon Ko Chhu Lun Ga, Mujhay Tu Paas Aanya Day..",Doorian,1984,Robin Ghosh,Saeed Gilani,Zuhaib Hassan,
"Aa Ja Ray, Meri Neend Ho Geyi Hay Parai, Kab Goonjen Gi Shehnai..",Resham,1981,Ghulam Hussain Akram,H.M. Yousuf,Mehnaz,
Aa Pal Do Pal Kuchh Baat Karayn..,Divanay 2,1985,M. Ashraf,Taslim Fazli,Mehdi Hassan,
"Aaj Dil Tham Kar Mera Mujra Suno, Ghunghruon Ki Sada Ka..",Gharibon Ka Badshah,1988,M. Ashraf,Masroor Anwar,Salma Agha,
Aaj Kay Saaz Par Kal Ki Awaz..,Meray Apnay,1981,Nisar Bazmi,?,Mehdi Hassan,
"Aaj To Ghair Sahi, Pyar Say Bair Sahi..",Dehleez,1983,Kemal Ahmad,Taslim Fazli,Mehdi Hassan,
Aane Wali Khushiyon Ka Ehsas..,Bara Aadmi,1981,Nazir Ali,?,Mehdi Hassan,
Aankhon Mein Tera Pyar..,Faisala,1986,M. Ashraf,?,Akhlaq Ahmad,
Aap Apni Mishal Hota Hai Pyar Toa Lazawal Hota Hay..,Lazawal,1984,Kemal Ahmad,Masroor Anwar,A. Nayyar,
Aap Apni Mishal Hota Hay..,Lazawal,1984,Kemal Ahmad,Masroor Anwar,Akhlaq Ahmad,
"Aap Ki Qasm, Khatay Hayn Ham..",I Love You,1982,M. Ashraf,?,Noorjahan,
"Aaye Ho Abhi, Baitho To Sahi, Janay Ki Baten..",Khandan,1980,Khalil Ahmad,?,Noorjahan,
"Ab Dunya Say Kya Darna, Mujhay Yaar Mil Geya..",Zalzala,1987,Tafu,Khawaja Parvez,A. Nayyar,
"Ab Kaisay Guzara Ho, Lab Khamosh Rahen, Ankhon Mein Ishara Ho..",Teray Ghar Kay Samnay,1984,M. Ashraf,Riazur Rehman Saghar,Reshma,
"Ab Main Nahin Tumhara, Mujh Ko Na Yaad Aao..",2 Dil,1981,Master Rafiq Ali,Shevan Rizvi,Ghulam Abbas,
Ab Na Akelay Mein Dil Ghabraye Ga..,Choron Ki Barat,1987,Wajahat Attray,Habib Jalib,Mehnaz,
Abhi Abhi Main Soch Raha Tha..,Aas Paas,1982,Nisar Bazmi,Taslim Fazli,A. Nayyar,
Abhi Abhi Mein Uss Say Mil Kar..,Khubsoorat,1982,M. Ashraf,Masroor Anwar,Naheed Akhtar,
"Abhi Abhi Tha, Dhundo To Zara, Heye Mera Dil..",Haseena Maan Jaye Gi,1980,Tasadduq Hussain,Kaleem Usmani,Ahmad Rushdi,
Achha Achha Laog Ray..,Bandish,1980,Robin Ghosh,Riazur Rehman Saghar,Nayyara Noor,
Ajnabi Des Mein Thukraye Huway..,Aap Ki Khatir,1980,Nazir Ali,?,Mehdi Hassan,
Akhri Sans Tak Saath Rahay Ga..,Gunman,1981,Tafu,?,Mehdi Hassan,
"Ali Ali Dam Dam, Char Roza..",Ik Jan Hayn Ham,1989,M. Ashraf,?,Mehdi Hassan,
Allah Meharban To Zamana Meharban Hay..,Love in London,1987,A. Hameed,Saifuddin Saif,Masood Rana,
"Andhay Ho Geya, Is Dunya Mein, Ankhon Walay..",Disco Deevaney,1988,A. Hameed,?,Munir Hussain,
Ankh Macholi Khel Hay Aisa..,Manzil,1981,Kemal Ahmad,?,Mehdi Hassan,
"Apnay Chamman Ko Jalta Dekhun aur Khamosh Rahun, Akhir Kyun?  ..",Sarfarosh,1989,Mushtaq Ali,?,Ghulam Abbas,
Apno Begano Say Naraz Hun Main..,Naraz,1985,M. Ashraf,Saeed Gilani,Mohammad Ali Shehki,
"Aray Bolo, Daddy Jee, Tum Nay Janam Hamein Kyun Diya..",Pasban,1982,Nazir Ali,?,Naheed Akhtar & Co.,
"Auna Sajjan Nay Auna, Jalwa Jadun Wakhana, Jawani, Allah Muafi..",Faqeeria,1987,Wajahat Attray,?,Noorjahan,
Aya Dulha Aya Aur Sath Kangla Lay Aya..,Direct Havaldar,1985,Wajahat Attray,?,Naheed Akhtar,
"Ayi Milan Ki Raat, Sajna, Sajni, Dono Sath..",Lajawab,1981,M. Ashraf,Taslim Fazli,Ghulam Abbas,
"Ayi Rut Rut Rut Mastani, Kahay Nakhray Karay..",Mashriq Maghrib,1985,Sabir Ali,Shujaa Aqeel,Ahmad Rushdi,
"Ayi Rut Rut Rut Mastani, Kahay Nakhray Karay..",Mashriq Maghrib,1985,Sabir Ali,Shujaa Aqeel,Afshan,
"Babul Ka Angna, Baharon Kay Jhoolay, Na Main Tujh Ko Bhoolun..",Khazana,1995,Wajahat Attray,Riazur Rehman Saghar,Shabnam Majeed,
"Babul Ka Angna, Baharon Kay Jhoolay, Na Main Tujh Ko Bhoolun..",Khazana,1995,Wajahat Attray,Riazur Rehman Saghar,Nadeem,
Bach Bach Kay Main Kahan Jaoon Ga..,Divanay 2,1985,M. Ashraf,?,Akhlaq Ahmad,
"Badal Geyi Dunya, Badal Geye Log..",Lajawab,1981,M. Ashraf,Taslim Fazli,Ghulam Abbas,
Ban Kay Misra Ghazal Ka Chali..,Hero,1985,M. Ashraf,Taslim Fazli,Ahmad Rushdi,
"Banhon Mein La Lun Aa, Zulfon Say Khelun Aa..",Choron Ki Barat,1987,Wajahat Attray,Habib Jalib,Ghulam Abbas,
"Basray Ki Hoor Hun, Jalwa Fartoor Hun..",Black Warrant,1982,Kemal Ahmad,Taslim Fazli,Mehnaz,
"Bass Ik Teray Siwa, Koi Nahin Hay Mera..",Doorian,1984,Robin Ghosh,Saeed Gilani,Akhlaq Ahmad,
Basti Ka Kaam Hay Jalna..,Doorian,1984,Robin Ghosh,Saeed Gilani,Mehnaz,
Basti Ujar Dali Tu Naybasa Kay Tu Nay..,Lal Toofan,1984,Kemal Ahmad,?,Noorjahan,
Bechin Kyun Hu Rahai Hu..,Barood Ki Chhaon Mein,1989,Amjad Bobby,Saeed Gilani,Mehnaz,
"Bedardi Sang Nain Mila Kay, Main Nay Yeh Phal Paya..",Sheesh Nagin,1988,Robin Ghosh,Saeed Gilani,Mehnaz,
"BeKhabar, Dekh Idhar..",Khandan,1980,Khalil Ahmad,?,Mehnaz,
"Berian Lakh Paun Mein Dalo, Yeh Pehra Toot Jaye Ga..",Son of AnDaata,1987,Kemal Ahmad,?,Humaira Channa,
Bhala Is Mein Meri Kya Hay Khata..,Aisa Bhi Hota Hay,1984,M. Ashraf,?,Akhlaq Ahmad,
Bheegi Bheegi Barsaat Aaei..,Divanay 2,1985,M. Ashraf,Khawaja Parvez,A. Nayyar,
"Bheegi Fazayaen, Soonay Paray Hayn Yeh Chand Taray..",Maang Meri Bhar Do,1983,Ameer Sultan Haidar,Mouj Lakhnavi,Mujeeb Alam,
"Bhhol Kar Nafraten, Pyar Ki Pehchan Bano..",Rishta,1980,Nisar Bazmi,Masroor Anwar,Mehnaz,
Bhikaran Hun Bhuki Hazar Din Say..,Mian Bivi Razi,1982,Kemal Ahmad,?,Naheed Akhtar,
"Bijli Hun Main, Shola Hun Main, Matt Dekh, Jall Jaye Ga..",Son of AnDaata,1987,Kemal Ahmad,?,Naheed Akhtar,
"Bolo, Bolo, Sajna, Hamen Apnay Mann Mein Basayo Keh Nahee..",Ham Dono,1980,M. Ashraf,Masroor Anwar,Mehnaz,
Chahay Mera Dil Teray Bin..,2 Bheegay Badan,1983,Robin Ghosh,?,Akhlaq Ahmad,
"Chahun Main Dekhna, Tujh Ko Sham-o-Sahar..",Ham Dono,1980,M. Ashraf,Masroor Anwar,Ghulam Abbas,
Chalo Chalen Papa Ham Apnay Pakistan Mein..,Kamyabi,1984,M. Ashraf,Masroor Anwar,Naheed Akhtar,
"Chamman Chamman, Kali Kali, Dagar Dagar, Gali Gali..",Aahat,1982,Robin Ghosh,Saeed Gilani,Akhlaq Ahmad,
Chanbay Dian 2 Kalian..,Gunman,1981,Tafu,?,Naheed Akhtar,
"Chand Ka Ik Jhoola Ho, Aur Sonay Ki Dori, Jeevan Bhar Meray Munnay..",Benazir Qurbani,1985,Amjad Bobby,Qateel Shafai,Mehnaz,
"Chand Mulaqaton Mein, Baton Hi Baton Mein..",Kamyabi,1984,M. Ashraf,Masroor Anwar,A. Nayyar,
"Chand, Taray, Ghata, Phool, Shabnam, Saba..",Sathi,1980,M. Ashraf,?,A. Nayyar,
"Chaska, Chaska, Chaska, Teray Pyar Ka Parh Geya Chaska..",Gharibon Ka Badshah,1988,M. Ashraf,Masroor Anwar,Mehnaz,
Chehray Say Parda Jab..,Watan,1981,A. Hameed,Khawaja Parvez,Naheed Akhtar,
Chhaya Nigahon Peh Jaadoo..,Faisala,1986,M. Ashraf,?,Akhlaq Ahmad,
Chheil Chhabeele Chhore..,Mohabbat Aur Majboori,1981,Kemal Ahmad,?,Mala,
Chhoote Jo Tera Saath Zindagi..,Meharbani,1982,M. Ashraf,Masroor Anwar,Akhlaq Ahmad,
"Chirian Da Chanba, Babul Ka Angna..",Kinara,1982,Kemal Ahmad,?,Mehdi Hassan,
Chori Chori Miltey Rehna..,Divanay 2,1985,M. Ashraf,Taslim Fazli,Ghulam Abbas,
Chup Chup Si Hayn Nazren..,Khandan,1980,Khalil Ahmad,?,Noorjahan,
"Chupkay Say Ik Ghar Bana Lun Ga Main, Jan-e-Man, Ek Din, Teray Bin..",Teray Ghar Kay Samnay,1984,M. Ashraf,Riazur Rehman Saghar,Anwar Rafi,
Daddy Nay Yeh Kaha Hay..,Haseena Maan Jaye Gi,1980,Tasadduq Hussain,Kaleem Usmani,Mala,
"Dama Dam Allah Hoo, Kahin Pyar Na Chhootay Yaar, Bajay Yun Allah Wali Tar..",Mohabbat Aur Majboori,1981,Kemal Ahmad,?,Mehdi Hassan,
Dama Dam Mast Qalandar..,Sangsar,1982,Wajahat Attray,Khawaja Parvez,A. Nayyar,
"Deevana, Deevana, Ho Geya Dil Mera, Jana Na, Tor Kay Dil Mera..",Ham Say Na Takrana,1987,M. Ashraf,?,Naheed Akhtar,
Dekh Idhar Eik Nazar Rooth Kay Janay Walay..,Bara Aadmi,1981,Nazir Ali,?,A. Nayyar,
Dekha Tha Jo Pyar Ka Sapna..,Yeh Kaisay Hua,1984,Kemal Ahmad,?,Naheed Akhtar,
Dekhte Hi Daykhte Pyar Ho Gya..,Miss Colombo,1984,M. Ashraf,?,Mehdi Hassan,
"Dharhk Raha Hay Dil Kisi Ka, Agar Samjho To Lay Lo..",Pasban,1982,Nazir Ali,?,Naheed Akhtar,
"Dhoom Dharka, Dhol Bajen Gay, Aye Gi Barat..",Ham Say Na Takrana,1987,M. Ashraf,?,Naheed Akhtar,
Dil Bhool Geya Leikan Ashkon Ko Yeh Samjhana ..,2 Dil,1981,Master Rafiq Ali,Shevan Rizvi,Mehnaz,
Dil Day Kay Tumhen Apna..,Lazawal,1984,Amjad Bobby,?,Akhlaq Ahmad,
Dil Dil Lut Gaya..,I Love You,1982,M. Ashraf,?,A. Nayyar,
Dil Dil Lut Gya..,I Love You,1982,M. Ashraf,?,Ahmad Rushdi,
"Dil Ka Kamra Na Rakh Khali, Chabi Mangay Tera Sawali..",Lava,1987,Wajahat Attray,Khawaja Parvez,Mehnaz,
"Dil Ki Awaz Hay, Yeh Shikayet Nahin, Aisi Dunya Ki Mujh Ko..",Samjhota,1980,Nazir Ali,?,Naheed Akhtar,
Dil Ki Dharkan Shor Machaye..,Zara Si Baat,1982,M. Arshad,?,Mehdi Hassan,
"Dil Lay Kay Heye, Dil Tor Na Dena, Sari Dunya Kahay..",7 Sahelian,1987,Wajahat Attray,Khawaja Parvez,Mehnaz,
Dil Lay Lay Ya Dil Thukhra Day ..,Black Warrant,1982,Kemal Ahmad,Taslim Fazli,Mehnaz,
"Dil Say Karna Na Door, Sajna, Pyar Yaad Rakhna..",7 Sahelian,1987,Wajahat Attray,Khawaja Parvez,Mehnaz,
Dil Tum Ko Diya Hay..,Watan,1981,A. Hameed,Khawaja Parvez,Mehnaz,
"Dil, Dil Mera Dil, Hey Mera Dil, Yeh Dil Akela Tha, Tu Geya Mil..",Son of AnDaata,1987,Kemal Ahmad,?,Mehnaz,
Din Khushio Ka Aya..,Thori Si Bewafai,1982,M. Ashraf,Kaleem Usmani,Naheed Akthar,
Divaron Say Baten Karna Achha Lagta Hay..,Wafa,1981,Khalid Waheed,?,Khalid Waheed,
Doorun Rasiya Mehroom Dil Da..,Zara Si Baat,1982,M. Arshad,?,Mehdi Hassan,
"Dulha Bana Hay Bhayya Mera, Chehray Peh Khoob Saja Sehra..",Choron Ki Barat,1987,Wajahat Attray,Habib Jalib,Ghulam Abbas,
"Dunya Banan Walay, Kadi Meri Sun Zara.. Meray Veer Tay Mila..",Faqeeria,1987,Wajahat Attray,?,Noorjahan,
Dunya Chann Tay Suraj Weikhay.. Way Main Kamli Aan..,Shaka,1988,Wajahat Attray,?,Noorjahan,
Dunya Mein Ik Soorat Hay Jo Sab Say Khoobsurat Hay..,Love in Nepal,1987,Robin Ghosh,Riazur Rehman Saghar,A. Nayyar,
Dunya Mien Ham Tum Jahan Bhi Rahain Gayy..,Qatil Ki Talash,1986,Wajahat Attray,Qateel Shafai,Mehdi Hasan,
"Ek Kali Nazon Ki Pali, Dali Say Tooti, Janam Jali..",Son of AnDaata,1987,Kemal Ahmad,?,Mehnaz,
"Gar Hamsafar Ho Yaar To Gulzar Zindagi, Teray Bagher..",2 Dil,1981,Master Rafiq Ali,Shevan Rizvi,Akhlaq Ahmad,
"Gar Hamsafar Ho Yaar To Gulzar Zindagi, Teray Bagher..",2 Dil,1981,Master Rafiq Ali,Shevan Rizvi,Ghulam Abbas,
Ghalat Hain Sun Yeh Faslay Yeh Door Kiya Qareeb Kiya..,Ham Ek Hayn,1986,Nisar Bazmi,Habib Jalib,Mehnaz,
Gham-e-Jana Say Apnay Dil Ko Gabhrana Nahin Aata..,Samjhota,1980,Nazir Ali,?,Naheed Akhtar,
"Ghari Ghari Na Uthao Nazar, Ghari Ki Tarf Tama Raat Pari Hay..",Teray Ghar Kay Samnay,1984,M. Ashraf,Riazur Rehman Saghar,Naheed Akhtar,
"Ghor Say Dekho Dunya Ko, Har Insan Kay Chehray 2..",Chhotay Navab,1980,Nazir Ali,?,Naheed Akhtar,
"Gora Mukhra Tay Akh Mastani, Main Hun Patli Kamar Wali Rani..",Zalzala,1987,Tafu,Khawaja Parvez,Naheed Akhtar & Co.,
Gulon Peh Rang Aa Geya..,Love in London,1987,A. Hameed,Said Uddin,Ghulam Abbas,
"Habibi Ya Habibi, O Dildara Dildara..",Watan,1981,A. Hameed,Qateel Shafai,Naheed Akhtar,
"Halaat Say Na Jhukna, Halaat Ko..",Naseebon Vali,1984,M. Ashraf,?,Mehdi Hassan,
"Ham 4 Yaar Goreelay, Sab Kaam Karen Josheelay..",Karaye Kay Goreelay,1984,A. Hameed,?,A. Nayyar,
Ham Dono Yaaron Ki Yaari..,Talash,1986,M. Ashraf,Khawaja Parvez,A. Nayyar,
Ham Hayn Deevanay Mastaney Kisi Ki Ham Ko..,Direct Havaldar,1985,Wajahat Attray,?,A. Nayyar,
Ham Ko Kis Kay Gham Nay Mara..,Basera,1984,M. Ashraf,?,Akhlaq Ahmad,
Ham Na Rahen Gay Leikan Ham Ko..,Aazmaish,1980,Nashad,?,Mehdi Hassan,
Ham Nay Dekhay Zamanay Mein..,Daaman,1980,M. Ashraf,?,Mehdi Hassan,
Ham Sar Ko Jhukayen Gay Darr-e-Yaar Kay Aagay..,Chhotay Navab,1980,Nazir Ali,?,Rajab Ali,
Ham To Doob Geye..,Taqat Ka Toofan,1989,Zulfiqar Ali,Saeed Gilani,A. Nayyar,
"Ham Toofan Hayn, Tum Tinkay Ho.. Ham Say Na Takrana..",Ham Say Na Takrana,1987,M. Ashraf,?,Mehnaz,
"Har Dil Hay Mera Deevan, Hey Touba Touba..",Choron Ki Barat,1987,Wajahat Attray,Habib Jalib,Mehnaz & Co.,
"Har Qadam, Har Ghari, Jang Hay Zindagi..",Sherni,1988,M. Ashraf,?,Mehdi Hassan,
"Har Qadam, Har Ghari, Jang Hay Zindagi..",Sherni,1988,M. Ashraf,?,Salma Agha,
"Har Tamanna Kanwal Ban Geyi Hay, Yeh Pyar Ka Waada Hay..",Bandhan,1980,M. Ashraf,Akhtar Yousuf,Akhlaq Ahmad,
Haseen Waada To Kartay Hayn..,Yeh Kaisay Hua,1984,Kemal Ahmad,?,Naheed Akhtar,
Hay Apnay Watan Say Pyar Hamen..,Kamyabi,1984,M. Ashraf,Masroor Anwar,Naheed Akhtar,
"Hay Sab Say Uncha Naam Tera, Tu Mushkil Mein Kaam Aata Hay..",Ham Say Na Takrana,1987,M. Ashraf,?,Naheed Akhtar,
"Hay Saray Jahan Mein Naam Tera, Tu Sab Kay Rog Mitata Hay..",Ham Say Na Takrana,1987,M. Ashraf,?,Naheed Akhtar & Co.,
"Haza-Min-Fazl-e-Rabbi, Doulat Kahan Say Labhi..",Ham Say Na Takrana,1987,M. Ashraf,?,A. Nayyar,
"Hello Hello, Saing..",Bandish,1980,Robin Ghosh,Taslim Fazli,Nayyara Noor,
Hemein Tum Say Pyar Tha..,Deevangi,1983,M. Ashraf,?,Naheed Akhtar,
"Ho Geya, Ham Dono Ko Ik Doojay Say Pyar Ho Geya..",Teri Banhon Mein,1987,Kemal Ahmad,Saeed Gilani,Akhlaq Ahmad,
"Ho Hamdam, Ho Sathi, Mujhay Teri Dosti Peh Naz Hay..",Sathi,1980,M. Ashraf,?,Rajab Ali,
"Ho Hamdam, Ho Sathi, Mujhay Teri Dosti Peh Naz Hay..",Sathi,1980,M. Ashraf,?,A. Nayyar,
"Ho Hamdam, Ho Sathi, Mujhay Teri Dosti Peh Naz Hay..",Sathi,1980,M. Ashraf,?,Rajab Ali,
"Ho Jatt, Billi Akh Walyea..",Sangsar,1982,Wajahat Attray,Khawaja Parvez,Noorjahan,
Ho Main To Apnay Piya Ki Ho Geyi..,Black Warrant,1982,Kemal Ahmad,Taslim Fazli,Mehnaz,
"Hont Si Kar Jiye, Gham Chhupa Kar Jiye..",Aap Ki Khatir,1980,Nazir Ali,?,Mehdi Hassan,
"Hui Badnam, Kya Karun, Meray Kei Naam, Kya Karun..",Zalzala,1987,Tafu,Khawaja Parvez,Naheed Akhtar,
Husn Mera Hay Chandni.. Tay Rahwan Mehak Peyan..,Sherni,1988,M. Ashraf,?,Salma Agha,
I Love You..,I Love You,1982,M. Ashraf,?,A. Nayyar,
Idhar Zindagi Ka Janaza Uthe Ga..,Lal Toofan,1984,Kemal Ahmad,?,Noorjahan,
Ik Ajnabi Chehray Say Mulaqat Huwe Hai..,Baghi Haseena,1988,M. Ashraf,?,Nayyara Noor,
Ik Bar Milo Ham Say To So Bar Milayn Gay..,Bobby,1984,Amjad Bobby,?,Ghulam Abbas,
Ik Bar Milo Ham Say To So Bar Milayn Gay..,Bobby,1984,Amjad Bobby,?,Salma Agha,
Ik Pall Bhi Na Rehna Hamaray Bina..,Shadi Magar Aadhi,1984,M. Ashraf,?,Mehdi Hassan,
Ik Pall Teray Bin Jiya Na Jaye..,Khubsoorat,1982,M. Ashraf,Masroor Anwar,Mehdi Hassan,
Ik Pyara Sa Chhota Sa Ghar Banayein..,Yeh Kaisay Hua,1984,Kemal Ahmad,?,Akhlaq Ahmad,
"Is Dunya Mein Pyaray, Ham Sab Qaidi Hayn..",Nijat,1987,Kemal Ahmad,?,Masood Rana,
Is Kay Siwa Main Kahun Aur Kya..,Bivi Ho To Aisi,1982,Nisar Bazmi,?,Mehdi Hassan,
"Is Mousam Mein Dil Nahin Bharta, Kabhi Kabhi Mil Kay..",Ham Aur Tum,1985,Robin Ghosh,?,Salma Mumtaz,
Is Qadar Piyar Main Karoon Ga Tujhay Tum Har Ik Baat Bhool Jaye Gi..,Nazdeekian,1986,Amjad Bobby,?,A. Nayyar,
Ishq Na Dekhay Unch Nayech Ko..,Mian Bivi Razi,1982,Kemal Ahmad,?,Naheed Akhtar,
Ishq Na Poochhay Din Dharm..,Basera,1984,M. Ashraf,?,Akhlaq Ahmad,
"Ja Ja Tujh Say Nahin Bolun, Jhoota Pyar Jatao Na..",Sheesh Nagin,1988,Robin Ghosh,Saeed Gilani,Mehnaz,
"Jab Bhi Bhoolna Chaha, Tum Yaad Aye..",Doorian,1984,Robin Ghosh,Saeed Gilani,Mehnaz,
Jab Jab Mujh Ko Yaad Karo Gay..,Ham Dono,1980,M. Ashraf,Masroor Anwar,Mehnaz,
Jab Jab Mujh Ko Yaad Karo Gay..,Ham Dono,1980,M. Ashraf,Masroor Anwar,Mehnaz,
Jab Kabhi Nazar Ayi Mujhay..,Aaj Ka Insan,1984,Mushtaq Ali,?,Mehdi Hassan,
"Jab Say Mila Mujhay Mera Sajan, Honay Lagi Meray Mann Mein Chubban..",Maang Meri Bhar Do,1983,Ameer Sultan Haidar,Mouj Lakhnavi,Naheed Akhtar,
"Jab Tak Hay Meray Dam Mein Dam, Tera Pyar Na Ho Ga Kam..",Son of AnDaata,1987,Kemal Ahmad,?,Naheed Akhtar,
"Jab Tak Yeh Dunya Rahay Gi, Tujhay Pyar Main Karti Rahun Gi..",Chhotay Navab,1980,Nazir Ali,?,Naheed Akhtar,
"Jab Tak Yeh Zamana Rahay Ga, Tera Mera Fasana Rahay Ga..",2 Dil,1981,Master Rafiq Ali,Shevan Rizvi,Mehnaz,
Jab Tum Say Ham Mil Jatay Hayn..,Khoon Aur Pani,1985,Wajahat Attray,?,Mehdi Hassan,
Jahan Tak Hadain Iss Zameen Ki..,Aangan,1982,M. Ashraf,Himayat Ali Shair,A. Nayyar,
Jaisay Jall Bin Machhli Tarpay.. Heye Way Main Kallam Kalli..,Zalzala,1987,Tafu,Taslim Fazli,Naheed Akhtar,
Jan Nahin Hay Aur Koi Pakistan Mein..,Bivi Ho To Aisi,1982,Nisar Bazmi,Masroor Anwar,Mehdi Hassan,
"Jan-e-Jan, Teray Siwa Kuchh Nahin..",Ghairao,1981,Tafu,Khawaja Parvez,Mehdi Hassan,
"Jan-e-Mann, Jeevan Ki Rahon Mein, Manzil Mujhay Mili..",Ham Aur Tum,1985,Robin Ghosh,?,Salma Mumtaz,
"Jan-e-Mann, Shukriya, Is Nazar Kay Liye, Hamsafar Mil Geya..",7 Sahelian,1987,Wajahat Attray,Khawaja Parvez,A. Nayyar,
"Jan-e-Mann, Teri Nasihli Ankhun Ka..",Kamyabi,1984,M. Ashraf,Masroor Anwar,A. Nayyar,
"Jan-e-Mann, Tum Jan Say Pyaray Ho Geye..",Black Warrant,1982,Kemal Ahmad,Taslim Fazli,Mehnaz,
"Jan-e-Mann, Tum To Kho Geye Ho..",Wafa,1981,Khalid Waheed,?,Khalid Waheed,
"Janam Janam Ka Sathi Tu, Waada Hay Waada Hay..",7 Sahelian,1987,Wajahat Attray,Khawaja Parvez,Naheed Akhtar,
Janay Kis Tarah Khushi Milti Hay..,Aaj Ki Raat,1983,Dilshad,?,Mehdi Hassan,
Janay Woh Kahan Ho Ga..,Saima,1980,Nisar Bazmi,?,Mehnaz,
Janey Say Pehley Soch Lo..,Parvana,1985,Wajid Ali Naashad,Saeed Gilani,A. Nayyar,
"Jani O Jani, Tu Jani Mera Yaar, Tu Kithay Tur Chaliyan..",Shaka,1988,Wajahat Attray,?,Noorjahan,
Jany Kyun Log Gham Ka Soug Manatay Hayn..,Pyari,1980,M. Ashraf,Taslim Fazli,A. Nayyar,
"Jatay Ho Kahan, O Meray Sajna, Main Dil Yeh Tum Ko Dun Gi..",Resham,1981,Ghulam Hussain Akram,H.M. Yousuf,Mehnaz,
Jazba-e-Shoaq Luta..,Aaj Ka Insan,1984,Mushtaq Ali,Mahmood Kanwal,Naheed Akhtar,
Jeet Hamari Ho Gi.. Zindagi Ka Har Pal Ik Imtihan Hay..,Gharibon Ka Badshah,1988,M. Ashraf,Masroor Anwar,Saleem Shehzad,
Jeet Hamari Ho Gi.. Zindagi Ka Har Pal Ik Imtihan Hay..,Gharibon Ka Badshah,1988,M. Ashraf,Masroor Anwar,Mehnaz,
Jeet Hamari Ho Gi.. Zindagi Ka Har Pal Ik Imtihan Hay..,Gharibon Ka Badshah,1988,M. Ashraf,Masroor Anwar,Salma Agha,
Jeewan Pyar Ka Pyasa Panchhi..,Dehleez,1983,Kemal Ahmad,Taslim Fazli,Mehdi Hassan,
"Jhukay Jhukay Naino Waly, Chain Mera Lay Geye..",Bandhan,1980,M. Ashraf,Akhtar Yousuf,Mehdi Hassan,
"Jitni Bhi Hay Zindagi, Main Nay Teray Naam Kar Di..",Love in Nepal,1987,Robin Ghosh,Riazur Rehman Saghar,Mehnaz,
"Jo Kuchh Hun, Khuda Ki Qasm.. Main Gharib Hun..",Gharibon Ka Badshah,1988,M. Ashraf,Masroor Anwar,A. Nayyar,
"Jo Main Kahun Ga, Tum Who Hi Karo Gi..",Saima,1980,Nisar Bazmi,?,Akhlaq Ahmad,
"Jo Zamanay Mein Himmat Na Haray, Apni Qismat Khud Sanwaray..",Kamyabi,1984,M. Ashraf,Masroor Anwar,Ghulam Ali,
Ju Pyar Mohabbat Kartey Hayn..,Divanay 2,1985,M. Ashraf,Taslim Fazli,Ghulam Abbas,
Jugni Hay Jugni Kuchh Kehndi Ae..,Aisa Bhi Hota Hay,1984,M. Ashraf,?,Naheed Akhtar,
"Kabhi Ham Mein Tum Bhi Pyar Tha, Tumhen Yaad Ho Keh Na Ho..",Ham Dono,1980,M. Ashraf,Masroor Anwar,Ghulam Abbas,
Kabhi Khaishon Nay Loota..,Meharbani,1982,M. Ashraf,Masroor Anwar,Akhlaq Ahmad,
"Kabhi Tu Bhoolay, Kabhi Main Bhoolun..",Wafa,1981,Khalid Waheed,?,Khalid Waheed,
"Kadi Kadi Milen Meinu, Jandi Main Chora Teinu..",Shaka,1988,Wajahat Attray,?,Noorjahan,
Kahan Hay Tu Meray Sapno Ki Rani..,Lajawab,1981,M. Ashraf,Taslim Fazli,Ghulam Abbas,
Kahan Tak A Falak..,Azeem Qaum Ki Azeem Beti,1981,Yamin Saleem,Shad Sarhadi,Tasawur Khanum,
Kaisa Pyara Khel Hay Yeh Chupna Chupana..,Sangdil,1982,A. Hameed,Saeed Gilani,Ghulam Abbas,
Kaisay Kaisay Roop Badal..,Khandan,1980,Khalil Ahmad,?,Noorjahan,
"Kal Parsun Tun Mera Dil Nein Lagda, Labbay Naa Elaj Koi..",Faqeeria,1987,Wajahat Attray,?,Noorjahan,
"Kali Ghata Chalay, Keh Dharti Dulhan Ban Geyi..",Zamin Aasman,1985,Wajahat Attray,Qateel Shafai,Akhlaq Ahmad,
"Kaliyon Ko Mili Shabnam, Khawabon Ka Khayalon Ka Hay..",Suraj Bhi Tamashai,1980,Lal Mohammad Iqbal,?,Akhlaq Ahmad,
"Karay Jo Bhalai Jagg Mein, Us Ka Bhala Hota Hay.. Haq Moula..",Ham Say Na Takrana,1987,M. Ashraf,?,Masood Rana,
Katen Bin Teray Sanjh Saverayy..,Daaman,1980,M. Ashraf,?,Mehdi Hassan,
Keh Baja Banay Wala Hay..,Saima,1980,Nisar Bazmi,?,Akhlaq Ahmad,
"Keh Mera Dildar Aye Ga, Dil Ko Qarar Aye Ga..",Direct Havaldar,1985,Wajahat Attray,?,Mehnaz,
"Keh Yeh Rut Hay Bari Mastani, Pawwan Sang Chheray Ray Badra..",Bandhan,1980,M. Ashraf,Akhtar Yousuf,Mehnaz,
"Khali Haath Koi Dekhun, Pehna Dun Angoothi..",Hey Yeh Shohar,1980,Kemal Ahmad,?,Mehdi Hassan,
Khawabon Mein Tu Hay Khayalon..,Shabab,1980,M. Ashraf,Qateel Shafai,Mehdi Hassan,
Khil Uthi Bahar Ban Kay Zindagi..,Faisala,1986,M. Ashraf,?,Akhlaq Ahmad,
"Khilonay, Teri Zindagi Kya..",Kundan,1987,Kemal Ahmad,Khawaja Parvez,Akhlaq Ahmad,
Khoye Ho Na Janay Tum Kahan..,Doorian,1984,Robin Ghosh,Saeed Gilani,Nayyara Noor,
"Khud Ko Kar Tayar Muslim, Tu Shahadat Kay Liye..",Azeem Qaum Ki Azeem Beti,1981,Yamin Saleem,?,Munir Hussain & Co.,
Khush Rahay Dunya Mohabbat Say Keh Naashad Rahay..,Bara Aadmi,1981,Nazir Ali,?,Rajab Ali,
Khwab Phir Khwab Hayn..,Naraz,1985,M. Ashraf,Saeed Gilani,Mehdi Hassan,
"Kis Kis Ki Nazar Dekhun, Kis Kis Ki Ada Dekhun..",Yeh Zamana Aur Hay,1981,M. Ashraf,Masroor Anwar,A. Nayyar,
Koi Na Dekhay Ham Ko Sanam..,Chhotay Navab,1980,Nazir Ali,?,Naheed Akhtar,
Kuchh Dair To Ruk Jao Barsat Kay Bahany..,Bara Aadmi,1981,Nazir Ali,?,Noorjahan,
"Kya Tum Ko Sunau Main Apna Haal, Bei Bei..",Kamyabi,1984,M. Ashraf,Masroor Anwar,Naheed Akhtar,
Kya Yahi Pyar Hay..,Thori Si Bewafai,1982,M. Ashraf,Kaleem Usmani,Naheed Akthar,
La Day Ray Mohay Lal Chuniria..,Chhotay Navab,1980,Nazir Ali,?,Mehnaz,
"Lal Chuneriya Orh Kay, Pyar Say Nata..",Meray Apnay,1981,Nisar Bazmi,?,Mehdi Hassan,
Lal Meri Patt Rakhio Bala Jhoolay Lalan..,Black Warrant,1982,Kemal Ahmad,Taslim Fazli,Mehnaz & Co.,
"Larkian, Shehar Mein Phirti Hayn Ghatao Ki Taraha..",Samjhota,1980,Nazir Ali,?,A. Nayyar,
"Le Kay Mera Pyar, Chali Rooth..",Hanstay Aansoo,1980,Lal Mohammad Iqbal,?,Mala,
Lehron Ki Tarha Tujh Ko Bikharnay Nahin Den Gay..,Bazar-e-Husn,1988,M. Ashraf,?,?,
"Loki, Sona Chandi Labhday Neyn, Main Maa Nu Labhda Phirna Waan..",Lali Badshah,1986,Safdar Hussain,Aqeel Rubi,Ghulam Abbas,
"Loota Qarar Meray Dil Ka, Hey Ray Hey Miss Lanka..",Nadani,1983,M. Ashraf,Riazur Rehman Saghar,Akhlaq Ahmad,
Lyrics unknown..,Tangay Vali,1981,M. Ashraf,?,Akhlaq Ahmad,
Lyrics unknown..,Jan-e-Mann,1982,M. Ashraf,?,Ahmad Rushdi,
Lyrics unknown..,Tina,1983,M. Ashraf,?,Akhlaq Ahmad,
Lyrics unknown..,Yeh Zamana Aur Hay,1981,M. Ashraf,Masroor Anwar,Naheed Akhtar,
Lyrics unknown..,Siasat,1986,Lal Mohammad Iqbal,?,Mujeeb Alam,
Lyrics unknown..,Insaf Ka Tarazoo,1983,S. Sunny,?,Akhlaq Ahmad,
Lyrics unknown..,Ek Say Barh Kar Ek,1987,Amjad Bobby,?,Akhlaq Ahmad,
Lyrics unknown..,Lajawab,1981,M. Ashraf,Taslim Fazli,Naheed Akhtar,
Lyrics unknown..,Saima,1980,Nisar Bazmi,?,A. Nayyar,
Lyrics unknown..,Bobby,1984,Amjad Bobby,?,Benjamin Sisters,
Lyrics unknown..,Miss Bangkok,1986,M. Ashraf,?,?,
Lyrics unknown..,Himmat Vala,1987,M. Ashraf,?,Akhlaq Ahmad,
Lyrics unknown..,Aman Ki Gaud,1988,Kemal Ahmad,?,Akhlaq Ahmad,
Lyrics unknown..,Farzana,1980,Nazir Ali,?,Ahmad Rushdi,
Lyrics unknown..,Naseebon Vali,1984,M. Ashraf,?,?,
Maa Aulad Ka Saya Ban Kar Sari Umar Guzaray..,Lava,1987,Wajahat Attray,Khawaja Parvez,Masood Rana,
Maghrib Ki Dhun Peh Nachay Ga Aaj Mashriq..,Mashriq Maghrib,1985,Sabir Ali,Shujaa Aqeel,?,
"Main Aaj Sajjan Kay Sang Khari, Kuchh Poochun Dil Deevanay Say..",Ham Say Na Takrana,1987,M. Ashraf,?,Humaira Channa,
Main Gabhru Punjab Da Tay Soola Mera Naa..,Mashriq Maghrib,1985,Sabir Ali,Shujaa Aqeel,Masood Rana,
Main Kis Sabaq Ko Parhun..,Saima,1980,Nisar Bazmi,?,Mehdi Hassan,
Main Kon Hun Mujhay..,Gunman,1981,Tafu,?,Noorjahan,
Main Na Bhulaoon Gi Waade (1)..,Parvana,1985,Wajid Ali Naashad,Saeed Gilani,Mehdi Hassan,
Main Na Bhulaoon Gi Waade (2)..,Parvana,1985,Wajid Ali Naashad,Saeed Gilani,Mehdi Hassan,
"Main Nay Tujhay, Tu Nay Mujhay, Kabhi Nahin Dekha Tha..",Benazir Qurbani,1985,Amjad Bobby,Qateel Shafai,A. Nayyar,
Main Raqs Teray Sung Karti..,Hisab,1986,Sohail Rana,?,Nayyara Noor,
Main Sham-e-Mohabbat Ki Khamosh Tamanna Hun..,Maang Meri Bhar Do,1983,Ameer Sultan Haidar,Mouj Lakhnavi,Mehnaz,
Main Shola Hun Tu Shabnam Hay..,Kiran Aur Kali,1981,Robin Ghosh,?,Nayyara Noora,
Main Sochta Hun Keh Kitni Bari..,Mahal Meray Sapno Ka,1980,M. Ashraf,Taslim Fazli,Mehdi Hassan,
"Main Teri Aan, Tu Mera En, Jinnu Shak Howay Ohda Khakh Na Raway..",Faqeeria,1987,Wajahat Attray,?,Noorjahan,
Main To Pehlay Hi Dunya Mein Badnam Hun..,Gumnam,1983,M. Ashraf,Masroor Anwar,Naheed Akhtar,
"Mann Ki Sada Tu Sun Lay Mann Ki Sada, Laaj Meri Rakh Lay Dev Mala..",Sheesh Nagin,1988,Robin Ghosh,Saeed Gilani,Mehnaz & Co.,
Manzil Na Mili Thak Gei Zindagi..,Mohabbat Aur Majboori,1981,Kemal Ahmad,?,Mehdi Hassan,
Mashwara Mufat Hay..,Aas Paas,1982,Nisar Bazmi,Saeed Gilani,Naheed Akhtar,
"Mast Malang Cha Keeta E, Dhahda Dil Tang Cha Keeta E..",Direct Havaldar,1985,Wajahat Attray,?,Noorjahan,
Mayus Kabhi Hot Nahin Jis Ko..,Gunman,1981,Tafu,?,Mehdi Hassan,
"Mehfil Saji Hay Pyar Ki, Deevana Chahiye..",Maang Meri Bhar Do,1983,Ameer Sultan Haidar,Mouj Lakhnavi,Mehnaz,
Mera Piyar Bhi Tu Zindagi Bhi Tu..,Kabhi Alwida Na Kehna,1983,Amjad Bobby,?,Noorjahan,
Mera Tujh Say Aisa Bandhan Hay..,Qurbani,1981,M. Ashraf,Masroor Anwar,Mehnaz,
Mera Tujh Say Aisa Bandhan Hay..,Qurbani,1981,M. Ashraf,Masroor Anwar,Ghulam Abbas,
"Meray Jeevan Mein Aana, Phir Nahin Jana..",Wafa,1981,Khalid Waheed,?,Khalid Waheed,
Meray Lab Peh Hansi Deikhtay Hayn Sabhi..,Zalzala,1987,Tafu,Khawaja Parvez,Naheed Akhtar,
Meray Mehboob..,Watan,1981,A. Hameed,Qateel Shafai,Ghulam Abbas,
Meray Sapno Ki Rani Hay Tu..,Teray Bina Kya Jeena,1982,Kemal Ahmad,?,Mehdi Hassan,
"Meray Sathi, Yunhi Mujh Par..",Dil Ek Khilona,1981,Nisar Bazmi,Taslim Fazli,Nayyara Noor,
"Meri Behna, Rahen Sang Sang..",Talash,1986,M. Ashraf,Khawaja Parvez,A. Nayyar,
"Meri Dunya Sajai Teray Pyar Nay, Meinu Har Shay Bhulai Teray..",Faqeeria,1987,Wajahat Attray,?,Noorjahan,
Meri Ik Ik.. Logo Ho Jao Hoshiar Keh Noori Aa Geyi Gaun Mein..,Gumnam,1983,M. Ashraf,Masroor Anwar,Naheed Akhtar,
Meri Maa Gham Na Kar..,Khubsoorat,1982,M. Ashraf,?,Akhlaq Ahmad,
Meri Rani Bari Sohni Hay..,Jali Visa,1983,Khalil Ahmad,?,Akhlaq Ahmad,
"Meri Talash, Meri Nazron Say Door Hay.. Kanchi Mera Pyar..",7 Sahelian,1987,Wajahat Attray,Khawaja Parvez,A. Nayyar,
"Meri Wafa, Meray Waaday Peh Eitbar Karo, Millan Qareeb Hay Thora..",BeQarar,1986,M. Ashraf,?,Anwar Rafi,
"Mien Chor, Tu Chor, Choron Ka Hay Yeh Jahan..",Choron Ki Barat,1987,Wajahat Attray,Habib Jalib,A. Nayyar & Co.,
"Mil Geyi Pyar Ko Zindgani, Dil Diya Aap Nay Mehrbani..",Chhotay Navab,1980,Nazir Ali,?,A. Nayyar,
"Mohabbat Ek Shola Hay, Jissay Shabnam Bhi Kehtay Hayn..",Benazir Qurbani,1985,Amjad Bobby,Qateel Shafai,Naheed Akhtar & Co.,
Mousam Suahan Mousam..,Mian Bivi Razi,1982,Kemal Ahmad,?,A. Nayyar,
"Mujh Ko Kuchh Patta Nahin, Iman Say, Honay Wali Cheez Ho Geyi..",Gumnam,1983,M. Ashraf,Masroor Anwar,Naheed Akhtar,
Mujh Ko Teri Wafa Ka Yaqeen..,Aangan,1982,M. Ashraf,Qateel Shafai,A. Nayyar,
Mujhay Apni Bahno Ka..,Azeem Qaum Ki Azeem Beti,1981,Yamin Saleem,Shad Sarhadi,Shazia,
Mujhay Manzoor Nahin Yeh..,Suraj Bhi Tamashai,1980,Lal Mohammad Iqbal,?,Mehnaz,
"Mujhay Tum Say, Sirf Tum Say Mohabbat Hay..",Saima,1980,Nisar Bazmi,?,Mehnaz,
"Mulaqat, Gall Baat, Din Raat, 3 Khas Nishanian Pyar DiaN..",Faqeeria,1987,Wajahat Attray,?,Noorjahan & Co.,
Mushkil Kushai Hay Teri Bemisaal Moula..,Manila Ki Bijlian,1987,?,?,Munir Hussain,
"Na Na Na, Sona Na, Khawabon Ki Dunya Mein Khona Na..",Benazir Qurbani,1985,Amjad Bobby,Qateel Shafai,A. Nayyar,
"Nach Ray Meray Yaar, Chhammachham Nachay Ja..",Rogi,1989,Zulfiqar Ali,?,Masood Rana,
Nahin Chhorna Main Tera Sath..,Black Warrant,1982,Kemal Ahmad,Taslim Fazli,Shoukat Ali,
"Nahin Jeena Ray Sajna, Teray Bina, Lay Lay Ga Jan Meri Yeh Tera Pyar..",Love in Nepal,1987,Robin Ghosh,Riazur Rehman Saghar,Mehnaz,
Nainan Re Nainan Tum Say Bura Na Koi Re..,Meray Apnay,1981,Nisar Bazmi,?,Noorjahan,
Nazron Ko Aur Koi Na Jalwa Dikhai Day..,Wafa,1981,Khalid Waheed,?,Noorjahan,
Neeli Neeli Ankhon Mein Na Janay Kya Hay..,Ham Aur Tum,1985,Robin Ghosh,?,Akhlaq Ahmad,
"O Ajnabi, Yeh Rastay, Bikhri Khamoshian..",Ham Aur Tum,1985,Robin Ghosh,?,A. Nayyar,
O Des Say Anay Waly..,Watan,1981,A. Hameed,Qateel Shafai,Noorjahan,
"O Kancha, Mujhay Tujh Say Ho Geya Pyar, Jis Din Tujh Say Baat Na Ho..",Love in Nepal,1987,Robin Ghosh,Riazur Rehman Saghar,Mehnaz,
O Main Yaar Gharibon Ka..,Aab-e-Hayyat,1982,Wajahat Attray,?,Masood Rana,
O Meloo Na Jana Mujhsay Doores..,Thori Si Bewafai,1982,M. Ashraf,Kaleem Usmani,A. Nayyar,
"O Sajna, Aaj To Gulabi Mera Rang Ho Geya..",Pasban,1982,Nazir Ali,?,Mehnaz,
"O Salma, Meri Tujh Say Ek Guzarish Hay..",Teray Ghar Kay Samnay,1984,M. Ashraf,Riazur Rehman Saghar,Anwar Rafi,
O Sathi Ray Pyar Karien Gayy..,Divanay 2,1985,M. Ashraf,Khawaja Parvez,Mehnaz,
"Paisay Ki Yeh Dunya Hay, Pyaray..",Choron Ki Barat,1987,Wajahat Attray,Habib Jalib,Nadeem,
Pardah Chehray Say Hata Do..,Khubsoorat,1982,M. Ashraf,Masroor Anwar,Mehdi Hassan,
"Pardsi Aa Way, Dil Lay Kay Na Mukri Mera..",Shaka,1988,Wajahat Attray,?,Noorjahan,
Pathar Jaisa Ik Albela.. Maja Ib Jeenay Ka Aye Ga..,Samjhota,1980,Nazir Ali,?,Tasawur Khanum,
"Pehla Allah, Dooja Mohammad..",Masti Khan,1987,Sattar Hussain,?,Mehdi Hassan,
Phikki Pay Geyi Chann Tareyan Di Lo..,Sangsar,1982,A. Hameed,Waris Ludhyanvi,Noorjahan,
Phir Bhi Tum Na Aye..,Dil Ek Khilona,1981,Nisar Bazmi,Taslim Fazli,Noorjahan,
"Pinjra Tora, Nikla Panchi, Na Koi Sangi, Na Koi Sathi..",Disco Deevaney,1988,A. Hameed,?,Munir Hussain,
Piyar Kyun Na Karon Main Tujhay Saajna..,Khubsoorat,1982,M. Ashraf,Masroor Anwar,Mehnaz,
Poochh Lo Jab Chaho Bhi..,Saima,1980,Nisar Bazmi,Shevan Rizvi,Mehnaz,
Poochh Lo Jab Chaho Bhi..,Bivi Ho To Aisi,1982,Nisar Bazmi,?,Mehnaz,
"Pyar Ka Bandhan Tootay Na Kabhi, Sath Hamara Chhotay Na Kabhi..",Bandhan,1980,M. Ashraf,Akhtar Yousuf,Naheed Akthar,
Pyar Karna Meri Jan Sikhaun Ga..,Zamin Aasman,1985,Wajahat Attray,Qateel Shafai,Akhlaq Ahmad,
"Pyar Karna To Mushkil Nahin Hay Magar, Pyar Kar Kay Nibhana..",2 Dil,1981,Master Rafiq Ali,Shevan Rizvi,??,
Pyar Kay Liye Main Hun..,Divani Disco Di,1989,Nazir Ali,Khawaja Parvez,A. Nayyar,
"Pyar Kay Rang Say Dunya Ko Sajao, Yaaro..",Meri Aavaz,1987,Safdar Hussain,Saeed Gilani,Masood Rana,
"Pyar Kay Wastay, Banay Hayn Rastay, Ik Din Thokar Kha Jata Hay..",7 Sahelian,1987,Wajahat Attray,Khawaja Parvez,A. Nayyar,
"Pyar Ki Qasmen, Pyar Ki Rasmen..",Zara Si Baat,1982,M. Arshad,?,Mehdi Hassan,
"Pyar Koi Mousam Nahin Meray Sathi, Pal Mein Jo Rang Badal Jaye..",Sheesh Nagin,1988,Robin Ghosh,Saeed Gilani,Mehnaz,
Pyar Tha Apna Kacha..,Aaj Ka Insan,1984,Mushtaq Ali,Mahmood Kanwal,Noorjahan,
"Pyaray Bachho, Tum Hi Apnay Days..",Saharay,1982,Niaz Ahmad,?,Mehdi Hassan,
"Pyari Banno, Mehndi Lawan Day..",Teray Bina Kya Jeena,1982,Kemal Ahmad,?,Mehnaz,
Qasm Hay Shaheedon Kay Rangeen Lahu Ki..,Pasban,1982,Nazir Ali,?,Shoukat Ali,
Raat Hay Muradon Wali..,Haseena Maan Jaye Gi,1980,Tasadduq Hussain,Kaleem Usmani,Tasawur Khanum,
"Raat Sunsan Hay, Rah Veeran Hay..",Laggan,1981,Nazir Ali,?,Mehdi Hassan,
Raqs-e-Bismil Dekh..,Watan,1981,A. Hameed,Khawaja Parvez,Naheed Akhtar,
Rishta Pyar Ka Na Toote Chahe Ham Say Dunya Roothay..,Lazawal,1984,Amjad Bobby,Masroor Anwar,Akhlaq Ahmad,
"Rishta Pyar Ka, Ham Dono Mein Hay Kab Say..",Benazir Qurbani,1985,Amjad Bobby,Qateel Shafai,Mehnaz,
Rona Nahi Zindagi Key Kisi Mor Par..,Badla,1987,Amjad Bobby,Qateel Shafai,A. Nayyar,
"Roshni A Roshni, Jitni Teri Kirnen Hayn, Utnay Hi Roop..",Suraj Bhi Tamashai,1980,Lal Mohammad Iqbal,M. Ziaur Rashed,Irene Parveen,
"Roshni Banu Gi, Manzlon Ko Jagmagaun Gi..",Pasban,1982,Nazir Ali,?,Naheed Akhtar,
"Rukki Rukki Sanson Mein, Keh Gey Tu, I Love You..",I Love You,1982,M. Ashraf,?,Naheed Akhtar,
"Rut Aye, Rut Jaye Ray, Piya Meray Kyun Na Aye Ray..",Aahat,1982,Robin Ghosh,Saeed Gilani,Nayyara Noor,
Rut Badle Chahe Mousam..,Naseeb,1982,Kemal Ahmad,?,Noorjahan,
Sab Kamron Mein Band Hayn..,Zamir,1980,Nashad,Taslim Fazli,Ahmad Rushdi,
"Sab Ko Pyari, Sab Ko Aziz Hui..",Laggan,1981,Nazir Ali,Taslim Fazli,Masood Rana,
Sacha Tera Naam..,Bivi Ho To Aisi,1982,Nisar Bazmi,Masroor Anwar,Mehnaz,
Sajj Gei Dulhan..,Meray Apnay,1981,Nisar Bazmi,?,Mehdi Hassan,
"Samaa, Woh Khawab Sa Samaa..",Nahin Abhi Nahin,1980,Robin Ghosh,Suroor Barabankvi,Akhlaq Ahmad,
Sanse Bhe Loon Tu Meray..,Meri Adalat,1988,Amjad Bobby,Masroor Anwar,Ghulam Abbas,
"Sapna, Dekha Tha Chhota Sa Sapna..",Doorian,1984,Robin Ghosh,Saeed Gilani,Akhlaq Ahmad,
"Sapnay O Sapnay, Tu Darshan, Pyas Bhuja..",Suraj Bhi Tamashai,1980,Lal Mohammad Iqbal,?,Mehnaz,
"Saray Shehar Say Ja Kay Keh Do, Dil Na Lagaye Koi..",Suraj Bhi Tamashai,1980,Lal Mohammad Iqbal,?,Ahmad Rushdi,
"Sawan, Sawan, Sawan, Ranglay Nazaray, Ud jawan Na Kidray ..",Shaka,1988,Wajahat Attray,?,Noorjahan & Co.,
Shabab Larkhara Geya.. Tum Meray Qareeb Ho..,Samjhota,1980,Nazir Ali,?,Naheed Akhtar,
Shadi To Karni Hay..,Haseena Maan Jaye Gi,1980,Tasadduq Hussain,Kaleem Usmani,Ahmad Rushdi,
"Sham-e-Alam Dhali To Chali Dard Ki Hawa (bol)
..",Reshmi Rumal,1984,Wajahat Attray,?,Masood Rana,
Sheeshay Ka Ik Jam Utha..,Bandhan,1980,M. Ashraf,Akhtar Yousuf,Naheed Akhtar,
"Shehri Babu Say Karke Shadi, Main Dekho..",Mian Bivi Razi,1982,Kemal Ahmad,?,Naheed Akhtar,
Shikwa Hay Tujh Say Na Gila Hay..,Aazmaish,1980,Nashad,?,Mehdi Hassan,
"Sona Na Chandi, Na Koi Mahal, Jan-e-Mann..",Bandish,1980,Robin Ghosh,Saeed Gilani,Akhlaq Ahmad,
"Soona Tha Jeevan, Tu Nay Bakhera Rang Pyar Ka..",Mian Bivi Razi,1982,Kemal Ahmad,?,Naheed Akhtar,
"Sun Ri Pawwan, Array Sun Ri Ghata, Kya Din Ye Suhanay Aaye Ray..",Zamir,1980,Nashad,Taslim Fazli,Imran Ali Nashad,
Suraj Nikaltay Din Ho Jaye..,Aaj Ka Insan,1984,Mushtaq Ali,Mahmood Kanwal,Mehdi Hassan,
"Tanhayon Mein Dhal Jayen Gay, Meray Din Raat..",Bandhan,1980,M. Ashraf,Akhtar Yousuf,A. Nayyar & Co.,
"Tera Mera Nata Bilkul Aisa Hay, Is Dil Ka Dharkan Say..",Barood,1984,Kemal Ahmad,?,Mehnaz,
Tera Mera Saath Rahe..,Badaltay Mousam,1980,M. Ashraf,Taslim Fazli,Mehdi Hassan,
Teray Bin Ik Pal Raha..,Khubsoorat,1982,M. Ashraf,Masroor Anwar,Mehdi Hasan,
"Teray Bina Dunya Kuchh Bhi Na, Yara..",Wafa,1981,Khalid Waheed,?,Khalid Waheed,
Teray Bina Jee Sakein Gay Na Ham..,Meharbani,1982,M. Ashraf,Masroor Anwar,Akhlaq Ahmad,
Teray Bina Mera Dil Nahin Lagta..,Qatil Ki Talash,1986,Wajahat Attray,?,Naheed Akhtar,
Teray Jalwon Ki Dhup Chhaon Mein..,Hero,1985,M. Ashraf,Taslim Fazli,Mehdi Hassan,
Teray Naam Dil Ka Yeh Pegham..,Meray Apnay,1981,Nisar Bazmi,?,Mehdi Hassan,
Teray Pyar Nay Sunwara..,Khush Naseeb,1984,Nisar Bazmi,Masroor Anwar,Naheed Akhtar,
"Teri Adaon Nay Mil Kar, Pagal Mujhay Kar Diya Hay..",Gharibon Ka Badshah,1988,M. Ashraf,Masroor Anwar,Ghulam Abbas,
Teri Ankhon Ki Qasm..,Dil Nay Phir Yaad Kiya,1981,Kemal Ahmad,?,Ghulam Abbas,
"Teri Banhon Mein, Teri Rahon Mein, Chain Milta Hay..",Wafa,1981,Khalid Waheed,?,Mehnaz,
Teri Chhaun Gali Gali..,Gunman,1981,Tafu,?,Naheed Akhtar,
"Teri Manzil Main Hun, Meri Manzil..",Qatil Ki Talash,1986,Wajahat Attray,Qateel Shafai,Mehdi Hassan,
Teri Meri Yeh Zindagi Halaat Ka Hay..,Faslay,1981,Wajid Ali Naashad,?,Mehdi Hassan,
Teri Soorat Nigahon Mein Phirti Rahay..,Rishta,1980,Nisar Bazmi,Masroor Anwar,Mehdi Hassan,
Thandey Thandey Pani Mein..,Zara Si Baat,1982,M. Arshad,?,Shamsa Kanwal,
Tindana Tindana Teray Liye Bechain Kitna..,Himmat Vala,1987,M. Ashraf,?,Rangeela,
"Tirchhi Nazar Say, Teer Mara Dil Peh, Lut Geye Ham To Jan-e-Ada..",Ham Say Na Takrana,1987,M. Ashraf,?,A. Nayyar,
"To Jo Mujh Ko Nazar Na Aaye, Sohneya, Main Mar Jaun..",Lava,1987,Wajahat Attray,Khawaja Parvez,Mehnaz,
To Phir Mujhay Yaad Karo Gi..,Zamin Aasman,1985,Wajahat Attray,Qateel Shafai,Akhlaq Ahmad,
To Thumka Kyun Na Lagay..,Lajawab,1981,M. Ashraf,Taslim Fazli,Ghulam Abbas,
"Touba Meri Touba, Tu Kitna Maghroor Hay..",Dil Nay Phir Yaad Kiya,1981,Kemal Ahmad,?,Naheed Akhtar & Co.,
"Tu Hay Naseebon Wali, Tujhay Ham Nay Pyar Kiya Hay..",Ham Dono,1980,M. Ashraf,Masroor Anwar,Akhlaq Ahmad,
Tu Hay Zindagi Mein Umang..,Meharbani,1982,M. Ashraf,Masroor Anwar,Akhlaq Ahmad,
"Tu Hi Mera Dilruba, Tu Hi Meri Jan..",Taqat Ka Toofan,1989,Zulfiqar Ali,Saeed Gilani,Salma Agha,
"Tu Jo Kahay, Jan-e-Jan..",Dil Nay Phir Yaad Kiya,1981,Kemal Ahmad,?,Ahmad Rushdi,
Tu Meray Sath Sath Ho To..,Dehleez,1983,Kemal Ahmad,Taslim Fazli,Mehdi Hassan,
Tujh Say Mohabbat Kar Kay Ankhon Ki Neend Gawai..,Gumnam,1983,M. Ashraf,Masroor Anwar,Naheed Akhtar,
"Tujh Say Shikwa Kiya Nahin Jata, Mout Day Day, Jiya Nahin Jata..",2 Dil,1981,Master Rafiq Ali,Shevan Rizvi,Ghulam Abbas,
"Tujhay Dil Say Laga Lun, Palkon Mein Chhupa Lun..",Bandish,1980,Robin Ghosh,Taslim Fazli,Mehnaz & Co.,
"Tum Bhi Khafa Ho, Log Bhi Barham Hayn Dosto..",Khandan,1980,Khalil Ahmad,?,Mehdi Hassan,
"Tum Koun Ho, Pehchan Batao, Kis Des Kay Basi Hoc...",Khotay Sikkay,1981,M. Ashraf,Taslim Fazli,Naheed Akhtar,
Tum Muskara Kay Ik Bar Dekho..,Dil Ek Khilona,1981,Nisar Bazmi,Kaleem Usmani,Runa Laila,
Tum Nay Dil Ko Agar Mere..,Deevangi,1983,M. Ashraf,?,Akhlaq Ahmad,
Tum Pah Aaya Hay Mera Dil..,Thori Si Bewafai,1982,M. Ashraf,Kaleem Usmani,A. Nayyar,
"Tum Salamat Raho 1000 Bars, Har Bars Kay Din Hon 1000 Bars..",Haseena Maan Jaye Gi,1980,Tasadduq Hussain,Kaleem Usmani,Mala,
Tumhen Dekh Kar Mujhay Yun Lag Raha Hay..,Maang Meri Bhar Do,1983,Ameer Sultan Haidar,Mouj Lakhnavi,Mehnaz,
Tumhen Dekh Kar Mujhay Yun Lag Raha Hay..,Maang Meri Bhar Do,1983,Ameer Sultan Haidar,Mouj Lakhnavi,Mujeeb Alam,
Tun Ne Yeh Kaise Dekh Liya..,Badaltay Mousam,1980,M. Ashraf,?,Mehdi Hasan,
Un Ko Aata Hay Piyar Par Ghussa Ham Ko Gussay Pe Piyar Aata Hay..,Hisab,1986,Sohail Rana,?,Habib Wali Mohammad,
"Us Nay Dekha, Main Nay Dekha..",Nahin Abhi Nahin,1980,Robin Ghosh,?,Akhlaq Ahmad,
"Waada Hay, Waadon Ka..",Aahat,1982,Robin Ghosh,Saeed Gilani,Nayyara Noor,
"Waada Hay, Waadon Ko Na Toren Gay Kabhi..",Aahat,1982,Robin Ghosh,Saeed Gilani,Nayyar Noor,
"Waada Kiya Ha Saajan Nay, Aa Kay Mujhay Lay Jaye Ga..",Direct Havaldar,1985,Wajahat Attray,?,Naheed Akhtar,
"Waado Peh Kar Eitbar, Sajna..",Aap Ki Khatir,1980,Nazir Ali,?,Mehdi Hassan,
"Wagdi A Ravi, Wich Uddan Pambeerian, Gall Wich Pyar Dian..",Faqeeria,1987,Wajahat Attray,?,Noorjahan & Co.,
"Wah Wah Neeli Chhtri Walay, Mangay Jo Kuchh Mangnay Wala..",Benazir Qurbani,1985,Amjad Bobby,Qateel Shafai,Amjad Bobby,
Wait Until Dark..,Khandan,1980,Khalil Ahmad,?,Naheed Akhtar,
Woh Bhi Kya Din Thay Keh Ik Pall..,Mehak,1985,A. Hameed,?,Mehdi Hassan,
Woh Dekho Eik Pairh Peh Tota..,Badaltay Mousam,1980,M. Ashraf,Taslim Fazli,Mehdi Hassan,
Woh Waqt Tha Purana..,Nahin Abhi Nahin,1980,Robin Ghosh,?,A. Nayyar,
Yaad Hay Tum Ko Na Yeh Manzil..,Mehndi Lagi Meray Haath,1980,Kemal Ahmad,Taslim Fazli,Mehdi Hassan,
Yaad Rakho Gi Na..,Mehndi Lagi Meray Haath,1980,Kemal Ahmad,Taslim Fazli,Mehdi Hassan,
"Yaad-e-Mazi Azab Hay, A Khuda, Chheen Lay Mujha Say Mera Hafza..",Aahat,1982,Robin Ghosh,Saeed Gilani,Mehdi Hassan,
"Yaari Hay Pyar Mera, Yaar Meri Zindagi, Jan Jaye Na, Jaye Dosti..",Border Built,1983,M. Ashraf,?,A. Nayyar,
Yaaron Ka Yaar Bano..,Ghairao,1981,Tafu,?,Akhlaq Ahmad,
"Yeh Aap Ki Mehfil Hai, Rangeen Nazaray Hayn..",2 Dil,1981,Master Rafiq Ali,Shevan Rizvi,Ghulam Abbas,
Yeh Ajnabi Si Raat..,Aaj Ka Insan,1984,Mushtaq Ali,Mahmood Kanwal,Azra Iqbal,
Yeh Dil Mein Rehnay Walay Dil Say..,Badaltay Rishtay,1983,Nazir Ali,?,Mehdi Hassan,
Yeh Gulab Jaisa Chehra..,Aazmaish,1980,Nashad,?,Mehdi Hassan,
"Yeh Kaisa Insaf Malik, Aurat Zulm Ki Bheint Charhay..",Zamin Aasman,1985,Wajahat Attray,Qateel Shafai,Masood Rana,
Yeh Mausam Suhana Mausam..,Mian Bivi Razi,1982,Kemal Ahmad,?,A. Nayyar,
"Yeh Na Socho, Kal Tha Kya, Aaj Ka Lay Lo Maza..",Haseena Maan Jaye Gi,1980,Tasadduq Hussain,Kaleem Usmani,Runa Laila,
"Yeh Samaa, Pyara Pyara, Mujhay Bahnu Ka Day Day Sahara..",Mashriq Maghrib,1985,Sabir Ali,Shuja Aqeel,A. Nayyar,
Yeh Subha Badal Dena.. Ham Tum Ko Na Apnayen To Naam Badal Dena..,Gumnam,1983,M. Ashraf,Masroor Anwar,Naheed Akhtar,
Yeh Zindagi Eik Safar Hai..,Barood Ki Chhaon Mein,1989,Amjad Bobby,Saeed Gilani,A. Nayyar,
Yeh Zindagi Kya Cheez Hay..,Daaman,1980,M. Ashraf,?,Mehdi Hassan,
Zinda Raho Hamesha..,Ghairao,1981,Tafu,Tanvir Amjad,Noorjahan,
Zindagi Geet Hay Geet Hay Zindagi..,Faisala,1986,M. Ashraf,Masroor Anwar,Naheed Akhtar,
"Zindagi Hay Kya, Isi Ka Naam Hay..",Saima,1980,Nisar Bazmi,Shevan Rizvi,Shazia,
"Zindagi Pyar Hay, Pyar Hay Zindagi, Ham Milen Hayn, Gul Khilen Hayn..",Sheesh Nagin,1988,Robin Ghosh,Saeed Gilani,Mehnaz,
Zindgani Ka Safar Kabhi Rukta Nahin..,Kiran Aur Kali,1981,Robin Ghosh,?,Akhlaq Ahmad,
Zulfon Ki Haseen Chhaon Mein..,Mohabbat Aur Majboori,1981,Kemal Ahmad,?,Mehdi Hassan,
"2 Hanso Ka Jora, Urta Hi Jaye..",Pyar Karn Tun Nein Darna,1991,Kemal Ahmad,Khawaja Parvez,Musarrat Sammi,
"2 Hanso Ka Jora, Urta Jaye, Ik Doojay Say Door Hon Dono..",Pyar Karn Tun Nein Darna,1991,Kemal Ahmad,Khawaja Parvez,Masood Rana,
"A Khuda, A Khuda, Jis Nay Ki Jushtu..",Sargam,1995,Adnan Sami Khan,Muzaffar Warsi,Adnan Sami Khan,
"A Khwabon Ki Shehzadi, Milnay Aya Hay Tera Shehzada..",Shehzada,1992,M. Ashraf,Masroor Anwar,Akhlaq Ahmad,
"A Palkon Ki Chhaon Mein, Main Geet Tera..",Bulandi,1990,M. Ashraf,Masroor Anwar,Mehnaz,
"Aa Kol Meri Jan, Qurban Teray Tun..",Laila,1994,Wajahat Attray,Khawaja Parvez,Humaira Channa,
Aa Pyar Dil Mein Jaga..,Sangam,1997,Amjad Bobby,?,Waris Baig,
Aa Pyar Dil Mein Jaga..,Sangam,1997,Amjad Bobby,?,Saira Naseem,
Aae Meri Aarzo..,Inteha,1999,Amjad Bobby,Riazur Rehman Saghar,Shazia Manzoor,
Aagiya Husn Ka Chore..,Aasman,1990,Kemal Ahmad,Saeed Gilani,A. Nayyar,
Aaj Ki Shaam Teray Naam Karun Gi..,Ishq Divana,1991,Nazir Ali,?,Saira Naseem,
"Aaj Moqa Mila Hay Tujhay Kehnay Ka, Mujhay Zara Shouq Hay..",Dunya Meri Jeib Mein,1993,M. Ashraf,Khawaja Parvez,Azra Jahan,
Aaj Pehli Baar Mera Dil Dharka Hay..,Pyar Aur Paisa,1991,Mushtaq Ali,?,Mehnaz,
Aaj Tu Zaya Hu Jaey Ga..,Ustadon Kay Ustad,1990,M. Ashraf,Masroor Anwar,A. Nayyar,
"Aaja Aaja, Meray Dilbar Jani, Aa Pyar Sikha Dun Tujhay..",Jungli Mera Naam,1994,Kemal Ahmad,?,Mehnaz,
Aakhri Baar Seenay Lag Ja..,Andaz,1994,Nazir Ali,?,Mehdi Hasan,
Aakhri Saans Tak Tujh Ko Chahun Ga..,Bulandi,1990,M. Ashraf,Masroor Anwar,Mehnaz,
Ab Tak Ham Nay Yeh Nahin Jana..,Anokha Pyar,1994,Khalil Ahmad,?,Akhlaq Ahmad,
Abb Raat Guzarti Jati Hay..,Ishq Divana,1991,Nazir Ali,?,Saira Naseem,
"Afghan Jall Raha Hay, Tehzeeb Kay Hawari, Insaniyat Say Aari..",Barood Ka Tohfa,1990,Mushtaq Ali,?,Masood Rana & Co.,
"Agg Pyar Wali Dil Wich Laway, Bara Tarpaye..",Naseeb,1994,Kemal Ahmad,Saeed Gilani,Humaira Channa,
"Aisi Reshmi Jawani Mujhay Charh Geyi, Main To Duny Ko..",Hina,1993,?,?,Humaira Channa,
Aiy Meray Sathi Waada Karlain..,Aasman,1990,Kemal Ahmad,Saeed Gilani,Mehnaz,
"Amman Daykh, Daykh, Tera Munda Bigri Jaye..",Shera Malang,1995,M. Ashraf,?,Saleem Danish,
"Ankhon Mein Kajra, Banhon Mein Gajra..",Mujhay Jeenay Do,1999,Amjad Bobby,Riazur Rehman Saghar,Waris Baig,
"Apna Phir Bhi Apna Howay, Dukh Na Koi Bachaye..",Khandan,1994,Zulfiqar Ali,?,Masood Rana,
"Aur Kya Lena Dunya Say, Jo Pyar Naseeb Howay..",Pyar Karn Tun Nein Darna,1991,Kemal Ahmad,Khawaja Parvez,Humaira Channa & Co.,
"Baldi Agg Tun Garm Jawani, Teinu Kehndi Dilbar Jani..",Farishta,1993,Kemal Ahmad,Khawaja Parvez,Noorjahan,
"Barhtay Badal, Dil Mein Halchal..",Sargam,1995,Adnan Sami Khan,Riazur Rehman Saghar,Adnan Sami Khan,
Barsat Key Mausam Mein..,Najaiz,1997,Wajahat Attray,Saeed Gilani,Ghulam Abbas,
"Bas Beyi Bas Ziada Baat Nahin, Chief Sahib..",Chief Saab,1996,Amjad Bobby,?,Sajjad Ali,
"Beith Meray Pas Tujhay Dekhti Rahun, Dekhti Rahun, Munh Say ..",Dunya Meri Jeib Mein,1993,M. Ashraf,Khawaja Parvez,Azra Jahan,
Bheega Hua Mousam Pyara..,Sargam,1995,Adnan Sami Khan,Riazur Rehman Saghar,Adnan Sami Khan,
Bhool Na Jaiye Ga Eik Mulaqat Kay Baad..,Dil Kisi Ka Dost Nahin,1997,M. Arshad,?,Asif Mehdi,
"Bichhar Kay Milna, Ajeeb Lagta Hay..",Gunnah,1993,Altaf Hussain,Parvez Kaleem,Ghulam Abbas,
"Bichhu Nay Dank Mara, Aisa Zareela, Lagnay Laga Sara Jahan..",Aandhi,1991,Kemal Ahmad,Masroor Anwar,Naheed Akhtar,
"Bolo Bolo, Mera Naam Kya Hay..",Ishq Divana,1991,Nazir Ali,?,Masood Rana,
"Chahay Rokay Lakh Zamana, Namumkin Hay Pyar Bhulana..",Shehzada,1992,M. Ashraf,Masroor Anwar,Mehnaz,
"Chamki Kiran, Khilay Phulwa..",Sargam,1995,Adnan Sami Khan,Riazur Rehman Saghar,Hamid Ali Khan,
"Chandi Jaisa Rang Hay Tera, Sonay Jaisay Baal..",Mazboot,1993,Kemal Ahmad,Qateel Shafai,Masood Rana,
"Chhoo Kay Chalay, Tujh Ko Hawa..",Jeeva,1995,M. Ashraf,Saeed Gilani,Anwar Rafi,
"Chhor Bahinya, Bara BeIman Hay Tu, Yeh Jora Jori Janay Day..",Anhoni,1993,Zulfiqar Ali,Habib Jalib,?,
"Choondi Pinday Uttay Waddan, Main Tay Shak Pehi Kaddan..",Farishta,1993,Kemal Ahmad,Khawaja Parvez,Azra Jahan,
"Choori Kach Di, O Kach Di..",Jo Dar Geya Voh Mar Geya,1995,Robin Ghosh,?,Humaria Arshad,
Choron Kay Ghar Chor..,Choron Kay Ghar Chor,1996,Akbar Ali Nashad,?,?,
Chuma Chuma Chumkara..,Ustadon Kay Ustad,1990,M. Ashraf,Masroor Anwar,A. Nayyar,
Chuma Chuma Chumkara..,Ustadon Kay Ustad,1990,M. Ashraf,Masroor Anwar,A. Nayyar,
Danda Thanedaar Da..,Dupatta Jall Raha Hay,1998,M. Arshad,?,?,
Dasti Hay Mujhay Tanhai.. Mujhay Apnay Pyar Ki Hathkarian..,Shehzada,1992,M. Ashraf,Masroor Anwar,Mehnaz,
"Deevana, Deevana, Ik Main Hi Nahin..",Divanay Teray Pyar Kay,1997,Amjad Bobby,?,Taskeen Javed,
Dekh Kar Tujh Ko Dil Mera Dharka..,Sangam,1997,Amjad Bobby,?,Saira Naseem,
"Dekha Jo Chehra Tera, Mousam Bhi Pyar Laga..",Ghoonghat,1996,Amjad Bobby,?,Arshad Mehmood,
"Dekha Na Tha, Kabhi Ham Nasha..",Choron Kay Ghar Chor,1996,Akbar Ali Nashad,?,Saira Naseem,
"Dekho Daykh, Bijli Kay Paas Na Aana..",Mujhay Jeenay Do,1999,Amjad Bobby,Riazur Rehman Saghar,Shazia Manzoor,
Dekhun Tujhay Array Yaar..,Chahat,1992,Wajahat Attray,?,Saira Naseem,
Dharke Dil Mera Bheegi Raaton Mein..,Ham Tumharay Hayn,1997,R. A. Najaf,?,Waris Baig,
Dharke Dil Mera Bheegi Raaton Mein..,Ham Tumharay Hayn,1997,R. A. Najaf,?,Humaira Channa,
Dhoop Mein Chalo Gi To Rang Ho Ga Kala..,Karishma,1997,M. Ashraf,Saeed Gilani,Tehsin Javed,
"Dil Deevana Hay Mera Dildar Teray Liye, Main Jan Karun Ga Qurban..",Hina,1993,M. Ashraf,Khawaja Parvez,Humaira Channa,
"Dil Ho Gya Hay, Tera Deevana, Ab Koi Jachta Nahin..",Mushkil,1995,Amjad Bobby,?,Mehnaz,
"Dil Ho Gya Hay, Tera Deevana, Ab Koi Jachta Nahin..",Mushkil,1995,Amjad Bobby,?,Taskeen Javed,
"Dil Karda Badan Mera Tutda, Sanwan Di Takor Vi Day..","Daku, Chor, Sipahi",1993,M. Ashraf,Khawaja Parvez,Noorjahan,
"Dil Ki Kashti Hay Akeli, Lay Ja Mujh Ko Paar..",Gunnah,1993,Altaf Hussain,Parvez Kaleem,Trannum Naz,
"Dil Mein Dil, Dharkan Mein Tu..",Jeenay Do,1995,Kemal Ahmad,?,Mehdi Hassan,
"Dil Mein Hay Tu, Ankhon Mein Tu, Teray Bina Kon Mera..",Aroosa,1993,M. Ashraf,Khawaja Parvez,Masood Rana,
"Dil Mera Tor Diya, Pyar Mera Loot Liya, Aaj Kyun Na Machayen Shor..",Hina,1993,M. Ashraf,Khawaja Parvez,Masood Rana,
Dil Mera Toray Kar..,Aandhi,1991,Kemal Ahmad,Masroor Anwar,Naheed Akhtar,
"Dil Nay Tarrap Kar Ankhon Say Poochha, Palkon Nay Jhuk Kar..",Naseeb,1994,Kemal Ahmad,Saeed Gilani,Humaira Channa,
Dil Peh Chot Ishq Ki Lagg Geyi Pehli Pehli Bar..,Nadira,1991,Wajahat Attray,Khawaja Parvez,Masood Rana,
Dil Tera Huwa..,Inteha,1999,Amjad Bobby,Riazur Rehman Saghar,Waris Baig,
Dil Tor Kay Na Ja..,Sangam,1997,Amjad Bobby,?,Saira Naseem,
"Dilun Na Bhulain Mera Pyar, Sohn Teinu Ishqay Di..",Naseeb,1994,Kemal Ahmad,Saeed Gilani,Humaira Channa,
"Dosti Hay Zindagi, Zindagi Hay Dosti..",Mazboot,1993,Kemal Ahmad,Qateel Shafai,Masood Rana,
Dunya Kay Sare Dukh Jhail Lenge..,Mujhay Jeenay Do,1999,Amjad Bobby,?,Shazia Manzoor,
"Dunya Ki Parwah Nahin Mujh Ko.. Meri Chandni, O Meri Chandni..",Pyar Karn Tun Nein Darna,1991,Kemal Ahmad,Khawaja Parvez,Masood Rana,
Dunya Mein Do Yar Mein Aur Tu..,Mohlat,1998,Wajid Ali Naashad,Riazur Rehman Saghar,Ghulam Abbas,
Dunya Meri Jeib Mein..,Dunya Meri Jeib Mein,1993,M. Ashraf,Khawaja Parvez,??,
"Dunya Walay, Pas Bula Lay, Dekh Li Teri Khudai..",Pyar Karn Tun Nein Darna,1991,Kemal Ahmad,Khawaja Parvez,Masood Rana,
Dyar-e-Ghair Say Jan-e-Bahar Ayi Hay..,Aur Choorian Toot Gein,1992,Kemal Ahmad,?,Masood Rana,
Ek Pal Mien Mujhayy..,Aandhi,1991,Kemal Ahmad,Masroor Anwar,Mehnaz,
"Ek Pall Mein Mujhay, Aaj Aisa Laga, Jaisay Sadiyon Ki Yeh..",Aandhi,1991,Kemal Ahmad,Masroor Anwar,A. Nayyar,
Gajjab Karay Mukhray Peh Till Kala Kala..,Pyar Aur Paisa,1991,Mushtaq Ali,?,Akhlaq Ahmad,
"Ghari Raat Ka Eik Bajaye Aur Janu Ghar Na Aye,..",Chor Machaye Shor,1996,M. Arshad,?,Saira Naseem,
Goray Lak Tay Main Gadwa Chanda Da Rakhya Tay Rola Pay Geya..,"Daku, Chor, Sipahi",1993,M. Ashraf,Khawaja Parvez,Noorjahan,
Gorey Badan Chon Masti..,Insaniyat Kay Dushman,1990,M. Ashraf,Saeed Gilani,Noorjahan,
Gt Road Tay Braikan Lagian..,Nikah,1998,M. Arshad,?,Abrar-ul-haq,
"Haath Na Laga Moray Yaar Ray, Mujhay Kuchh Kuchh Howay..",Khandan,1994,Zulfiqar Ali,?,Humaira Channa,
"Hallay, Munda Mar Geya, Munda Sathi Mera..","Daku, Chor, Sipahi",1993,M. Ashraf,Khawaja Parvez,Noorjahan,
Ham Nahin Aesi Bhi..,Inteha,1999,Amjad Bobby,Riazur Rehman Saghar,Waris Baig,
"Ham Nikal Aaye Aagey, Zamana Peechhe Reh Gya..",Divanay Teray Pyar Kay,1997,Amjad Bobby,?,Shazia Manzoor,
"Ham Wohi Karen Gay Jo Pyar Kahay Ga, Aaj Raat Sajna..",Laila,1994,Wajahat Attray,Khawaja Parvez,Humaira Channa,
"Har Shay Mein Tabdeeli Ayi, Jawani Aa Geyi Hay..",Nadira,1991,Wajahat Attray,Khawaja Parvez,Azra Jehan,
"Harnay Walay Jeet Bhi Jaye, Jeetnay Wala Haray Bhi..",Mazboot,1993,Kemal Ahmad,Qateel Shafai,Mehnaz,
"Haseeno Say, Nazneeno Say..",Chief Saab,1996,Amjad Bobby,Ishrat Godharvi,Waris Baig,
"Hath Mera Chhor, Tang Karta Hay Kyun..",Chahat,1992,Wajahat Attray,?,Saira Naseem,
"Hina, Hina, Hina..",Hina,1993,?,?,?,
"Ho Geyi Mast Malangi Yaara, Teray Peechhay Lag Kay..",Khandan,1994,Zulfiqar Ali,?,Humaira Channa,
Ho Sakay To Mera Ek Kaam Karo..,Dupatta Jall Raha Hay,1998,M. Arshad,Riazur Rehman Saghar,Arshad Mehmood,
"I Love You, Tu Hay Meri Zindagi, Main Hun Teri Zindagi..",Pyar Karn Tun Nein Darna,1991,Kemal Ahmad,Khawaja Parvez,Humaira Channa,
"Idhar Daykh, Yeh Husn Kya Chahita Hay..",Mujhay Jeenay Do,1999,Amjad Bobby,Riazur Rehman Saghar,Shazia Manzoor,
"Ik Larka, Larkian Saat, Mangti Hayn Woh Mera Haath..",Pyar Aur Paisa,1991,Mushtaq Ali,?,Akhlaq Ahmad,
Ik Larki Bholi Bhali..,Goli Teray Naam Ki,1991,Kemal Ahmad,?,Akhlaq Ahmad,
Ik Munday Nu Main Pichhay Pichhay La Leya..,Dunya Meri Jeib Mein,1993,M. Ashraf,Khawaja Parvez,Azra Jahan,
Ik Yaar Zaroori Meray Liye.. Mujhay Mashwara Den Yeh Nazaray..,International Luteray,1994,Wajahat Attray,Khawaja Parvez,Saira Naseem,
International Luteray..,International Luteray,1994,Wajahat Attray,Khawaja Parvez,?,
Is Say Pehlay Mit Jaye Har Aarzoo.. Meray Mehboob Aa..,Shehzada,1992,M. Ashraf,Masroor Anwar,Noorjahan,
Ishq Ka Raga Laga Zara..,Zamin Aasman,1994,M. Ashraf,Khawaja Parvez,Humaira Channa,
Itna Sajh Dhaj Kay Tu Meray Samnay..,Joshilay,1992,M. Ashraf,?,Akhlaq Ahmad,
"Jab Bhi Ali Ka Naam Liya, Sar Say Har Bala Tali, Ali, Ali, Ali..",International Luteray,1994,Wajahat Attray,Khawaja Parvez,Saira Naseem,
"Jab Say Khili Ho, Mujhay Ab Mili Ho..",Sargam,1995,Adnan Sami Khan,Riazur Rehman Saghar,Adnan Sami Khan,
Jab Say Teri Parosan Jawan Ho Geyi..,Karishma,1997,M. Ashraf,Saeed Gilani,Tehsin Javed,
Jaga Hay Jaga..,Chief Saab,1996,Amjad Bobby,Saleem Ahmad Saleem,Shazia Manzoor,
"Jahan Milay Pyar Ka Dushman, Maar Do, Maar Do..",Mr. 420,1992,M. Ashraf,?,Tehsin Javed,
"Jana, Tum Pyar Kartay Rehna, Saya Ban Kar Jeevan Bhar..",Gunnah,1993,Altaf Hussain,Parvez Kaleem,Trannum Naz,
"Janu, Sun Zara, Palken To Utha..",Jeeva,1995,M. Ashraf,Saeed Gilani,Anwar Rafi,
"Jhoom Barabar, Dhoom Macha Day..",Choron Kay Ghar Chor,1996,Akbar Ali Nashad,?,?,
Jism Ko Phool Kahun Keh..,Anokha Pyar,1994,Khalil Ahmad,?,Runa Laila,
Jo Bhi Tera Hukam Na Manay.. Dunya Meri Jeib Mein..,Dunya Meri Jeib Mein,1993,M. Ashraf,Khawaja Parvez,Humayun Qureshi,
Jo Darr Geya Woh Marr Geya..,Mazboot,1993,Kemal Ahmad,Qateel Shafai,Ghulam Abbas,
"Jo Sajna Day Tu Sath Mera, Dil Deevana Din Raat Tera..",Nadira,1991,Wajahat Attray,Khawaja Parvez,Masood Rana,
"Jumerat Ka Roz Hay, Majnu Kehnay Aya Good Morning.. Laila Darling..",Mr. K2,1995,Kemal Ahmad,?,??,
"Kabhi Tu Noori Lagti Hay, Kabhi Nagina Lagti Hay..",Nigahen,1991,M. Ashraf,Khawaja Parvez,Masood Rana,
"Kahal Lay Aao Ho Sanam, Nikla Jaye Mera Dam..",Choron Kay Ghar Chor,1996,Akbar Ali Nashad,?,?,
Kahan Gya Woh Tera Waada (Sad)..,Bulandi,1990,M. Ashraf,Masroor Anwar,Mehnaz,
Kahan Tha Hanseen Chera..,Inteha,1999,Amjad Bobby,Riazur Rehman Saghar,Waris Baig,
Kaisay Jiyein Teray Bin..,Ghoonghat,1996,Amjad Bobby,?,Fariha Parvez,
Kaise Jiyein Teray Bina..,Ghoonghat,1996,Amjad Bobby,Riazur Rehman Saghar,Akhlaq Ahmad,
"Kangna, Hey Kangna, Gori Kalai Mein Arhta Hay..",Dunya Meri Jeib Mein,1993,M. Ashraf,Khawaja Parvez,Azra Jahan,
Karley Mohabbat Karley Kehti Hay Yeh Sham..,Mohabbat Hay Kya Cheez,1997,Amjad Bobby,Riazur Rehman Saghar,Ghulam Abbas,
"Khul Khul Jaye Nathli Meri, Tu Aashiq, Main Pagli Teri..",Zamin Aasman,1994,M. Ashraf,Khawaja Parvez,Humaira Channa,
Kinne Kinne Jana Billo Day Ghar ?..,Munda Tera Divana,1996,Zulfiqar Ali,Abrarul Haq,Abrar-ul-Haq,
Kis Say Kiya Tha Pyar Tu Nay..,Mazboot,1993,Kemal Ahmad,Qateel Shafai,Humaira Channa,
Kitni Suhani Hay Yeh Zindagi..,Khahish,1993,Javed Allah Ditta,?,?,
"Koel Kooke, Kookooooo..",Ham Tumharay Hayn,1997,R. A. Najaf,?,Humaira Channa,
"Koka Mera Bara Tharki, Teray Mukhray Peh Maray Lashkaray..",Zamin Aasman,1994,M. Ashraf,Khawaja Parvez,Humaira Channa,
Kuchh Log Zamanay Mein Aisay Bhi Hayn..,Dil Kisi Ka Dost Nahin,1997,M. Arshad,?,Anwar Rafi,
Kuri Bulbul Wergi Hania Way..,Jeeva,1995,M. Ashraf,?,Noorjahan,
"Kyun Chup Ho, Kyun Ho Khoye Khoye..",Sangam,1997,Amjad Bobby,?,Saira Naseem,
"Lagay Jadun Galay Mashooq Sajna, Nahin Hathon Mein Letay Bandooq Sajna..",Rambo,1991,Mushtaq Ali,?,Humaira Channa,
Lambian Judaian Dian Raataan..,Divanay Teray Pyar Kay,1997,Amjad Bobby,?,Taskeen Javed,
"Larki Dekh Kay Patolay Wargi, Akhian Wich Hosh Ur Jaye..",Zamin Aasman,1994,M. Ashraf,Khawaja Parvez,Humaira Channa,
"Likh Diya Teray Naam, Har Sans Zindagi Ka..",Jungli Mera Naam,1994,Kemal Ahmad,?,Mehnaz,
Lyrics unknown..,Jeeva,1995,M. Ashraf,?,Noorjahan,
"Main Chahti Thi Pyar Milay, Tera Jaisa Yaar Milay..",Nadira,1991,Wajahat Attray,Khawaja Parvez,Azra Jehan,
"Main Deevani Hun, Teri Deevani..",Choron Kay Ghar Chor,1996,Akbar Ali Nashad,?,?,
"Main Hero, Baqi Sab Zero, Mujh Ko Thora Ghor Say Dekho..",Sahib Ji,1998,M. Ashraf,Qateel Shafai,Asad Kishore,
"Main Hun Haseena, Mera Naam Hay Jabeena..",Jungli Mera Naam,1994,Kemal Ahmad,?,Mehnaz,
"Main Jungle Ki Bulbul, Mujhay Pinjray Mein Rakhwa..",International Luteray,1994,Wajahat Attray,Khawaja Parvez,Saira Naseem,
"Main Jungli hun, Mera Jungle, Jungli Mera Naam..",Jungli Mera Naam,1994,Kemal Ahmad,?,Hamid Ali Khan,
"Main Long Pa Kay Bahar Nikli, Main Kar Kay Singhar Nikli..",Karishma,1997,M. Ashraf,Saeed Gilani,Humaira Channa,
Main Nay Dunya Say Chheena..,Chahat,1992,Wajahat Attray,?,Saira Naseem,
Main Nay Sapno Mein..,Chief Saab,1996,Amjad Bobby,Saleem Ahmad Saleem,Waris Baig,
Main Nay Tujhay Khoya To..,Chief Saab,1996,Amjad Bobby,Azhar Zaman,Waris Baig,
Main Nay Tujhay Khoya To..,Chief Saab,1996,Amjad Bobby,Azhar Zaman,Shazia Manzoor,
Main Noor Ka Zara Hun.. Main Panjtanni Hun..,Dunya Meri Jeib Mein,1993,M. Ashraf,Khawaja Parvez,Noorjahan & Co.,
"Main Rahun Ya Na Rahun, Zinda Rahay Mera Watan..",International Luteray,1994,Wajahat Attray,Khawaja Parvez,??,
"Main Rahun Ya Na Rahun, Zinda Rahay Mera Watan..",International Luteray,1994,Wajahat Attray,Khawaja Parvez,Saira Naseem,
"Main Tum Say Pyar Karti Hun, Yaad Main Tujh Ko Din Mein..",Mr. 420,1992,M. Ashraf,?,Humaira Channa,
Main Yun Milun Tujh Say..,Nikah,1998,M. Arshad,?,Saira Naseem,
"Main Zara Wahan Chala Hun, Khabi Yaad Kartay Rehna..",Barood Ka Tohfa,1990,Mushtaq Ali,?,Masood Rana,
Mano Key Tum Ho Meray Dil Main..,Leader,1990,M. Ashraf,Khawaja Parvez,A. Nayyar,
Mano Key Tum Ho Meray Dil Main..,Leader,1990,M. Ashraf,Khawaja Parvez,Mehnaz,
Mera Chain Chura Kar Lay Gayin..,Khubsoorat Sheitan,1994,Wajahat Attray,?,Rangeela,
"Mera Dil, Tera Deevana, Sohniye, Mann Mohniye..",Pyar Karn Tun Nein Darna,1991,Kemal Ahmad,Khawaja Parvez,Masood Rana,
Mera Ghar Meri Janat Salamat Rahai..,Andaz,1994,Nazir Ali,?,Humaira Channa,
Mera Ghar Meri Janat Salamat Rahe..,Andaz,1994,Nazir Ali,?,A. Nayyar,
"Mera Naam, Tera Naam (Sad)..",Bulandi,1990,M. Ashraf,Masroor Anwar,Mehnaz,
Meri Banhun Kay Gheray Mein..,Chahat,1992,Wajahat Attray,?,Saira Naseem,
"Meri Kamar Peerh Shuru Ho Geyi, Kuchh Kar Jania..",International Luteray,1994,Wajahat Attray,Khawaja Parvez,Saira Naseem,
"Meri Khwahishon Mein Aag Tu Laga Day, Mujhay Jala Day..",Gunnah,1993,Altaf Hussain,Parvez Kaleem,Humaira Channa,
"Meri Sakhio, Meray Pairon Mein Jhanjhria Pehna Do..",Shehzada,1992,M. Ashraf,Masroor Anwar,Mehnaz,
Mil Geya Maal Tumhen Likha Naseeb Ka..,Husn Da Chor,1991,M. Ashraf,Khawaja Parvez,Masood Rana,
Mohabbat Hay Chahat Yahi To Hay..,Mujhay Jeenay Do,1999,Amjad Bobby,Riazur Rehman Saghar,Shazia Manzoor,
"Mousam Hay Kitna Suhana, Keh Ghataen Jhoomti Hayn..",Khubsoorat Sheitan,1994,Wajahat Attray,Khawaja Parvez,Humaira Channa,
"Mujhay Chhat Peh Bula Kay Aadhi Raat, Woh Bara Tang Karta..",Khandan,1994,Zulfiqar Ali,?,Humaira Channa,
"Muslim Ki Hay Lalkar, Allah-o-Akbar, A Batl-e-Khunkhwar, Khabardar..",Barood Ka Tohfa,1990,Mushtaq Ali,?,Asif Javed,
"Na Main Orhun Gi Lal Chunariya, Na Main Biyah Rachaun Gi..",Mr. 420,1992,M. Ashraf,?,Humaira Channa,
Nache Yahan Kya Gora Kya Kala..,Haseeno Ki Barat,1992,Wajahat Attray,Habib Jalib,Masood Rana,
"Nacho, Jhoomo, Rall Mill Jashan Maniye, Disco Bhangra Paiye..",Naseeb,1994,Kemal Ahmad,Saeed Gilani,Humaira Channa,
"Naila Teri Hay, Sajna Teri Hay..",Naela,1992,Wajahat Attray,Khawaja Parvez,Masood Rana,
"Nasha Jawani Ka, Aisa Nasha Hay, Yeh Charhta Hay Jab..",Aroosa,1993,M. Ashraf,Khawaja Parvez,Masood Rana,
"Nazuk Nazuk Main Larki, Mujh Ko Chhoona Hay Manaa..",Karishma,1997,M. Ashraf,Saeed Gilani,Shazia Manzoor,
"Neend Ankhon Mein Nahin, Neend Peh Chhaya Koi..",Gunnah,1993,Altaf Hussain,Parvez Kaleem,Ghulam Abbas,
Neye Mor Peh Aa Gei Zindagi..,Anokha Pyar,1994,Khalil Ahmad,?,Mehdi Hassan,
O Darling....,Khubsoorat Sheitan,1994,Wajahat Attray,Khawaja Parvez,Humaira Channa,
"O Wanjhli Walay, Wanjli Waja.. Main Nachna, Tu Nacha..",Dunya Meri Jeib Mein,1993,M. Ashraf,Khawaja Parvez,Azra Jahan,
"Oopar Wala No. One Aur Dunya Hay No. 2, Mera Naam Hay K2..",Mr. K2,1995,Kemal Ahmad,?,Moin Akhtar,
"Oye Oye Ankhon Ki Galion Mein, Honto Ki Kalion Mein..",Mr. 420,1992,M. Ashraf,?,Trannum Naz,
"Pal Do Pal Kay Hayn Andheray, So Ja..",Sargam,1995,Adnan Sami Khan,Riazur Rehman Saghar,Adnan Sami Khan,
Pani Ka Koi Rang Hota Nahin Hay Jaisay..,Pyar Aur Paisa,1991,Mushtaq Ali,?,Mehnaz,
"Parvanieo, Deevanio, Meray Sath Kabhi Takrana Na..",International Goreelay,1990,M. Ashraf,Waris Ludhyanvi,Humaira Channa,
"Pecha Pa Pa Ja, Neray Aa Ja Aa Ja, Thanda Mousam, Garm Jawani..","Daku, Chor, Sipahi",1993,M. Ashraf,Khawaja Parvez,Noorjahan,
"Phoolon Mein, Kalion Mein, Ankhon Ki Galion Mein..",Bulandi,1990,M. Ashraf,Masroor Anwar,Mehnaz,
"Piasa Badan, Piase Neina, Teray Naam Kar Dun..",Ishq Divana,1991,Nazir Ali,?,Saira Naseem,
Pyar Aur Paisay Mein Dushmani Purani Hay..,Pyar Aur Paisa,1991,Mushtaq Ali,?,Azra Jehan,
Pyar Bina Jeena Nahin Jeena..,Sargam,1995,Adnan Sami Khan,Riazur Rehman Saghar,Adnan Sami Khan,
"Pyar Hay, Yahi To Pyar Hay..",Sargam,1995,Adnan Sami Khan,Riazur Rehman Saghar,Adnan Sami Khan,
Pyar Ka Rog Lagaya Tu Nay Mujhay..,Ham Tumharay Hayn,1997,R. A. Najaf,?,Humaira Channa,
Pyar Karne Ka Jo Moqa Mil Jaye..,Mujhay Jeenay Do,1999,Amjad Bobby,Riazur Rehman Saghar,Shazia Manzoor,
Pyar Karo Aur Pyar Milay Ga..,Chahat,1992,Wajahat Attray,?,Saira Naseem,
"Pyar Mein Dekho Pyar Mila Kay, Jhoomar Dalo, Jhoomar Pao..",Rambo,1991,Mushtaq Ali,?,? & Co.,
"Pyar Tujh Say Ho Geya Hay.. Hay Tu Hi Mera Chor, Sohneya..",Karishma,1997,M. Ashraf,Saeed Gilani,Humaira Channa,
"Raasta Na Badal, Laakh Aandhi Chalay, Woh  Diya Kya Jo Apni..",Aandhi,1991,Kemal Ahmad,Masroor Anwar,A Nayyar,
Raat Ko Sapno Mein..,Chief Saab,1996,Amjad Bobby,Saleem Ahmad Saleem,Waris Baig,
Raat Nasheeli Baat..,Chief Saab,1996,Amjad Bobby,Saleem Ahmad Saleem,Fariha Pervrez,
Rabb Nay Yeh Dunya Pyar Mein Banai Hay..,Pyar Karn Tun Nein Darna,1991,Kemal Ahmad,Khawaja Parvez,Masood Rana,
"Rambo, Meray Rambo, Main Teri Heroine, Tu Mera Hero..",Rambo,1991,Mushtaq Ali,?,Humaira Channa,
Ranginion Ki Mehfil Mein Hay Zindagi Kitni Haseen..,Jungli Mera Naam,1994,Kemal Ahmad,?,Mehnaz,
"Ray Baap, Ray Baap, Yeh Mujh Ko Kya Hua..",Karishma,1997,M. Ashraf,Saeed Gilani,Shazia Manzoor,
Resham Ka Hay Kurta Mera Jali Ki Chunariya..,Nikah,1998,M. Arshad,?,Saira Naseem,
Reshmi Shalwar Kurta Jali Ka..,Chahat,1992,Wajahat Attray,?,Saira Naseem,
"Rukko Nahin, Jhukku Nahin, Yeh Maarkay Hayn Terz-o-Tarr..",Barood Ka Tohfa,1990,Mushtaq Ali,?,Masood Rana & Co.,
Rut Mastani..,Inteha,1999,Amjad Bobby,Riazur Rehman Saghar,A. Nayyar,
"Sa-Ray-Ga-Ma, Naach Naach Kay Dil Ka Jani Mana liya..",Mr. 420,1992,M. Ashraf,?,Humaira Channa,
"Sajna Ray, Mujhay Raat Ko Neend Na Aye..",Zamin Aasman,1994,M. Ashraf,Khawaja Parvez,Humaira Channa,
"Sajna, Teray Naam, Meri Zulf Ki Pehli Sham..",Sahib Ji,1998,M. Ashraf,Qateel Shafai,Shazia Manzoor,
"Sajna, Tu Mera Sapna..",Dil Kisi Ka Dost Nahin,1997,M. Arshad,?,Humaira Channa,
Sarsoon Kay Khet Mein..,Dil Kisi Ka Dost Nahin,1997,M. Arshad,?,Humaira Channa,
Sath Chhotay Na Apna Kabhi..,Pabandi,1992,M. Ashraf,Saeed Gilani,Trannum Naz,
"Sathi Meray, Teray Bina Thay Khawab..",Sangam,1997,Amjad Bobby,?,Waris Baig,
Sawan Pyar Ka Pehla Sawan..,Bulandi,1990,M. Ashraf,Masroor Anwar,Mehnaz,
"Sohna, Man Mohna, Lagta Hay, Poochh Meri Nazron Say..",Mr. 420,1992,M. Ashraf,?,Trannum Naz,
"Sona Sona Mera Sona, Dil Mera Nahin Khona..",Choron Kay Ghar Chor,1996,Akbar Ali Nashad,?,?,
"Sona Sona Mera Sona, Teray Jaisa Koi Na..",Choron Kay Ghar Chor,1996,Akbar Ali Nashad,?,?,
"Speray, Luteray, Way Tu Been Baja Kay Mujhay Gheray..",International Luteray,1994,Wajahat Attray,Khawaja Parvez,Humaira Channa,
"Suhani Rut Ayi, Mann Dholay..",Sargam,1995,Adnan Sami Khan,Riazur Rehman Saghar,Hamid Ali Khan,
"Sunu Sunu, Bolo Bolo..",Chief Saab,1996,Amjad Bobby,Saleem Ahmad Saleem,Shazia Manzoor,
Surmai Badlon Kay Peechhe Chhup Gya..,Sangam,1997,Amjad Bobby,?,Waris Baig,
"Syed-Ul-Mursaleen, Rehmt-Ul-Lil-Alemeen (saw) ..",International Goreelay,1990,M. Ashraf,?,Munir Hussain,
"Tarpay Way, Tarpay Badan Kanwara, Zalma, Tarpay Way..","Daku, Chor, Sipahi",1993,M. Ashraf,Khawaja Parvez,Noorjahan,
"Teinu Takna Ni, Takna Ni, Takna, Lakh Lakh War..",Laila,1994,Wajahat Attray,Khawaja Parvez,Attaullah Khan Eisakhelvi,
"Tera Naam, Meri Zindagi Aur Jan, Sohniye..",Ishq Divana,1991,Nazir Ali,?,Masood Rana,
"Tera Naam, Meri Zindagi Aur Jan, Sohniye..",Ishq Divana,1991,Nazir Ali,?,Masood Rana,
Teray Dil Peh Main Bijli Garaun Gi..,Khubsoorat Sheitan,1994,Wajahat Attray,Khawaja Parvez,Humaira Channa,
"Teray Pyar Bina, Main Tay Kujh Vi Na..",Farishta,1993,Kemal Ahmad,Khawaja Parvez,Noorjahan,
"Teray Pyar Ki Khushboo Say, Mehka Hay Badan Mera..",Jungli Mera Naam,1994,Kemal Ahmad,?,Mehnaz,
"Teri Ankhon Mein Hay Kuchh Kuchh, Meri Ankhon Mein Hay Kuchh Kuchh..",Hina,1993,?,?,Humaira Channa,
Teri Gali Mein Jeena Sajna.. Pyar Kiya To Darna Kya..,Pyar Karn Tun Nein Darna,1991,Kemal Ahmad,Khawaja Parvez,Masood Rana,
Teri Mast Nigahon Mein Dil Mera Kho Gya..,Ham Tumharay Hayn,1997,R. A. Najaf,?,Humaira Channa,
Teri Naraz Nazar..,Inteha,1999,Amjad Bobby,Riazur Rehman Saghar,Fariha Parvez,
Teri Nazar Pey..,Inteha,1999,Amjad Bobby,Riazur Rehman Saghar,A. Nayyar,
"Teri Zindagi Ka Sathi, Teray Shehar Mein Aya..",Divanay Teray Pyar Kay,1997,Amjad Bobby,?,Taskeen Javed,
"Thora Sa Pyar Day, Chahay Ek Bar Day..",International Luteray,1994,Wajahat Attray,Khawaja Parvez,Humaira Channa,
Tu Ankhon Mein Bas Geya..,Chief Saab,1996,Amjad Bobby,Saleem Ahmad Saleem,Shazia Manzoor,
"Tu Badlon Say Utra, Aur Mujhay Milnay Aya..",Divanay Teray Pyar Kay,1997,Amjad Bobby,?,Shazia Manzoor,
Tu Hay Dil Ki Dharkan..,Jo Dar Geya Voh Mar Geya,1995,Robin Ghosh,Riazur Rehman Saghar,Ghulam Abbas,
Tu Hi To Meri Jan Hay..,Chief Saab,1996,Amjad Bobby,Saleem Ahmad Saleem,Shazia Manzoor,
"Tu Kahan Geya Meray Yaara, Tujhay Kon Ab Dhoond Kay Laye..",Sahib Ji,1998,M. Ashraf,Qateel Shafai,Anwawr Rafi,
Tu Mera Dil Hay..,Mazboot,1993,Kemal Ahmad,Qateel Shafai,Humaira Channa,
Tu Meri Jan Meray Jeeney Ka Sahara..,Insaniyat Kay Dushman,1990,M. Ashraf,Saeed Gilani,Ghulam Abbas,
Tu Raja Mera Main Rani Teri..,Ham Tumharay Hayn,1997,R. A. Najaf,?,Humaira Channa,
Tu Raja Mera Main Rani Teri..,Ham Tumharay Hayn,1997,R. A. Najaf,?,Waris Baig,
"Tu Samnay Jay Howen, Dil Kehnda..",Dil Kisi Ka Dost Nahin,1997,M. Arshad,?,Taskeen Javed,
Tum Maley Dil Day Diya..,Leader,1990,M. Ashraf,Khawaja Parvez,Ghulam Abbas,
"Tum Meri Zindagi, Main Teri Zindagi..",Khooni Sholay,1992,M. Ashraf,Ayub Sagar,Masood Rana,
"Uoi Hawa, Gora Binda Dehka, Dil Kabhi Dharka..",Rambo,1991,Mushtaq Ali,?,Humaira Channa & Co.,
"Waada, Jo Kiya Tu Nay, Sajna, Bhool Na Jana..",Pyar Aur Paisa,1991,Mushtaq Ali,?,Mehnaz,
"Way Nath Meri Sonay Di, Thallay Lishkay Badan Kanwara..",Farishta,1993,Kemal Ahmad,Khawaja Parvez,Noorjahan,
"Way Tu, Way Tu, Meithun Wakh Rehyan Kyun..",Farishta,1993,Kemal Ahmad,Khawaja Parvez,Azra Jahan,
Woh Eik Hay Lakhon Mein..,Divanay Teray Pyar Kay,1997,Amjad Bobby,?,Shazia Manzoor,
"Woh Mujhay Yaad Aya, Jitna Bhi Main Nay..",Sargam,1995,Adnan Sami Khan,Riazur Rehman Saghar,Hadiqa Kyani,
Yeh Dil Hay Dayevan Teray Pyar Ka..,Nikah,1998,M. Arshad,?,Akhlaq Ahmad,
"Yeh Mousam Aur Yeh Tanhai, Rahen Gay Sath, Aaj Ki Raat..",Khubsoorat Sheitan,1994,Wajahat Attray,Khawaja Parvez,Humaira Channa,
"Yeh Sara Tera Karm Hay Aaqa (saw), Keh Baat Ab Tak Bani Hui Hay..",Dunya Meri Jeib Mein,1993,M. Ashraf,Khawaja Parvez,Ghulam Ali,
"Yeh Waada Tha Tera Mohabbat Karay Gi, Yeh Kehti Thi Tu..",Aroosa,1993,M. Ashraf,Khawaja Parvez,Masood Rana,
"Zamana Hay Jab Tak, Tu Mera Rahay Ga, Meri Zindagi Mein Savera..",Barood Ka Tohfa,1990,Mushtaq Ali,?,Noorjahan,
"Zara Dholki Bajao, Gorio..",Sargam,1995,Adnan Sami Khan,Riazur Rehman Saghar,Adnan Sami Khan,
Aag Si Badan Mein..,Mujhay Chand Chahiye,2000,Ronaq Ali,?,?,
"Akhian Ray Akhian, Pagal Akhian..",Salakhen,2004,M. Arshad,?,?,
Allah Ho..,Khuda Kay Liye,2007,Ahmad Jahanzeb,?,Sain Zahoor,
Allah-e-Akbar..,Laaj,2003,Amjad Bobby,?,?,
Anchal Hei Kyun Dhalka Hua..,Khoye Ho Tum Kahan,2001,Zain,?,Zaib,
"Asman Ko Lagay Hath Main, Lo Chali..",Teray Pyar Mein,2000,Amjad Bobby,?,?,
Bandya..,Khuda Kay Liye,2007,Ahmad Jahanzeb,?,Khawar Jawad,
"Barish Mein Ham Tum, Dil Say Puchho Kya Karayn..",Salakhen,2004,M. Arshad,?,?,
Battian Bujhae Rakhdi..,Ghar Kab Aao Gay,2000,Amjad Bobby,?,Shazia Manzoor,
"Bin Teray Kya Hay Jeena, Meray Dil Ki Rani Too..",Musa Khan,2001,Jawad Ahmad,?,Jawad Ahmad,
Chhapah Chutti..,Ghar Kab Aao Gay,2000,Amjad Bobby,?,?,
Choorion Ki Chhan Chhan Mein..,Jhoomar,2007,Nijat Ali,?,?,
Dam Ishq Ka Yaaro Bharna Hay..,Teray Pyar Mein,2000,Amjad Bobby,?,?,
"Darya Ka Julmi Pani, Bara E Sheitan Nikla..",Ghazi Ilmuddin Shaheed,2002,Ali Afzal,?,?,
Dholna..,Laaj,2003,Amjad Bobby,?,?,
Dil Kay Badley Dil..,Ghar Kab Aao Gay,2000,Amjad Bobby,?,?,
"Dil Ko Dildar Mila, Pyar Ko..",Yeh Dil Aapka Hua,2002,Amjad Bobby,?,Kaveeta Krishna Murti,
Door Jana Na Mujhay Say..,Khoye Ho Tum Kahan,2001,Zain,?,?,
Dunya Ho..,Khuda Kay Liye,2007,Ahmad Jahanzeb,?,Ahmad Jahanzeb,
"Ek Bewafa Nay Ki Bewafai, Khushiyon Ki Aag Lagai..",Koi Tujh Sa Kahan,2005,Amjad Bobby,Aqeel Rubi,Jaspinder Narula,
Ek Dilber Say Aankh..,Mujhay Chand Chahiye,2000,Ronaq Ali,?,?,
"Falak Say Sitara, Nazar Say Nizara..",Yeh Dil Aapka Hua,2002,Amjad Bobby,?,Kaveeta Krishna Murti,
Ghar Kay Andar Jee Ghabraye..,Yeh Dil Aapka Hua,2002,Amjad Bobby,?,Sheri,
Hamaray Hayn..,Khuda Kay Liye,2007,Ahmad Jahanzeb,?,Ahmad Jahanzeb,
Hath Say Hath Kya Gya..,Teray Pyar Mein,2000,Amjad Bobby,?,Touseef Daar,
Hathon Mein Hayn Dunya Ki Salakhain..,Salakhen,2004,M. Arshad,?,?,
Ik Larki Punjaban Dil Legeyi..,Larki Punjaban,2003,Zain,?,Zain,
"Ik Tara Bolay Nabi Nabi, Jagg Sar Bolay Nabi Nabi (saw)..",Ghazi Ilmuddin Shaheed,2002,Ali Afzal,?,?,
"Ishq Khuda Hay, Khuda Hay Ishq..",Salakhen,2004,M. Arshad,?,?,
Jaan-e-Maan..,Mujhay Chand Chahiye,2000,Ronaq Ali,?,?,
Jaddun Dian Dhola Akhian..,Budha Gujjar,2002,Tafu,?,Azra Jehan,
Janie Janie..,Khuda Kay Liye,2007,Ahmad Jahanzeb,?,Ahmad Jahanzeb,
"Kal Ki Mohabbat, Hay Aaj Ki Mohabbat..",Teray Pyar Mein,2000,Amjad Bobby,?,?,
Kall Shab Daykha..,Mujhay Chand Chahiye,2000,Ronaq Ali,?,?,
Kar Akhian Di Hath Jori Way..,Budha Gujjar,2002,Tafu,?,Naseebo Lal,
Khoye Ho Tum Kahan ?..,Khoye Ho Tum Kahan,2001,Zain,?,?,
Khuda Kay Liye..,Khuda Kay Liye,2007,Ahmad Jahanzeb,?,Ammar Hasan,
Khwabon Mein Koi Aya..,Khoye Ho Tum Kahan,2001,Zain,?,?,
Koi Tujhsa Kahan..,Koi Tujh Sa Kahan,2005,Amjad Bobby,Aqeel Rubi,Udit Narayan,
Kuchh Pyar Ka Pagalpann Hay..,Larki Punjaban,2003,Zain,?,Zain,
"Lagi Lagi Ray Lagi Lagi, Dil Mein Hay Aag Lagi..",Musa Khan,2001,Jawad Ahmad,?,Naghmana Jaafri,
Lahore Thug Changa Lagya..,Lahori Thug,2003,M. Arshad,?,Azra Jahan,
Laila Meri Laila..,Laaj,2003,Amjad Bobby,?,?,
Larh Geya Larh Geya Kahan Bichhua..,Lahori Thug,2003,M. Arshad,?,Trannum Naz,
Mahi Way..,Khuda Kay Liye,2007,Ahmad Jahanzeb,?,Khawar Jawad,
Main Jan Bhi Day Dun..,Mujhay Chand Chahiye,2000,Ronaq Ali,?,Saima Jahan,
Main To Pia Ki Thi Pia Ki Rahun Gi..,Musa Khan,2001,Jawad Ahmad,?,Shabnam Majeed,
Mann Chali..,Laaj,2003,Amjad Bobby,?,?,
"Mareya, Teri Bewafaian Sanu Mareya..",Koi Tujh Sa Kahan,2005,Amjad Bobby,Aqeel Rubi,Jaspinder Narula,
Meray Do Anmol Lal..,Lahori Thug,2003,M. Arshad,?,Azra Jahan,
Meray Sanam Dilruba..,Ghar Kab Aao Gay,2000,Amjad Bobby,?,?,
Meray Yaar Bata..,Khoye Ho Tum Kahan,2001,Zain,?,?,
Meri Pakar Klai Gori..,Ghazi Ilmuddin Shaheed,2002,Ali Afzal,?,?,
"Mildi A Mahiya, Ik War Zindagi..",Budha Gujjar,2002,Tafu,?,Naseebo Lal,
Mohe Ave Hay Laaj..,Laaj,2003,Amjad Bobby,?,?,
"Mousam Nay Li Angrai, Aaja Karle Pyar..",Koi Tujh Sa Kahan,2005,Amjad Bobby,Aqeel Rubi,Abhijeet,
"Murshad Mera Mera Mahiya, Meri Jind Jand Too..",Musa Khan,2001,Jawad Ahmad,?,Jawad Ahmad,
Naina Teray Masti Bharay..,Salakhen,2004,M. Arshad,?,?,
"Nikli Ghar Say Karke Singhar, Ho Gei Larkon Say..",Teray Pyar Mein,2000,Amjad Bobby,?,Saira Naseem,
"O Yaar, Sunehri Si Yeh Shaam Mujhay Day Day..",Salakhen,2004,M. Arshad,?,?,
Pehley To Kabhi Gham Tha..,Yeh Dil Aapka Hua,2002,Amjad Bobby,?,Rahim Shah,
"Phir Wohi Rastay, Phir Wohi Rehuzar..",Ramchand Pakistani,2008,Debajyoti Mishra,?,Safqat Amanat Ali Khan,
Pyar Mein..,Koi Tujh Sa Kahan,2005,Amjad Bobby,Aqeel Rubi,Alka Yagnik,
Rateen Jagan Ishq Day Mare..,Budha Gujjar,2002,Tafu,?,Azra Jehan,
Sada Lagda Nahin Teray Baju Dil Mahi Wey..,Larki Punjaban,2003,Zain,?,Zain,
Sada Lagda Nahin Teray Baju Dil Mahi Wey..,Larki Punjaban,2003,Zain,?,Humaria Arshad,
"Sajjan, Agg Taan Bujhti, Jaddun Pyar Ki Ho Barsat..",Lahori Thug,2003,M. Arshad,?,Saira Naseem,
"Sangam Hua, Sangam Hua..",Teray Pyar Mein,2000,Amjad Bobby,?,Asma Lata?,
Sari Dunya Ko Dushman..,Khoye Ho Tum Kahan,2001,Zain,?,?,
Shikar Dopehre Rang Lal Hoya..,Budha Gujjar,2002,Tafu,?,Azra Jehan,
Sohni Shakal Day Aashiq Sare..,Budha Gujjar,2002,Tafu,?,Saira Naseem,
"Sohni Sohni, Neyi Teri Jeyi Koi Honi..",Koi Tujh Sa Kahan,2005,Amjad Bobby,Aqeel Rubi,Alka Yagnik,
Son Day Way Dhola Meinu Son Day..,Budha Gujjar,2002,Tafu,?,Saira Naseem,
"Tanhaian, Madhoshian, Charo Tarf Khamoshian..",Salakhen,2004,M. Arshad,?,?,
Tera Naam Hatheli Par Likh Kar..,Ghar Kab Aao Gay,2000,Amjad Bobby,?,Asima Lata,
Teray Sanson Ki Mehkar..,Laaj,2003,Amjad Bobby,?,?,
Teri Yaad Mein..,Khoye Ho Tum Kahan,2001,Zain,?,?,
"Thora Intezar Kar Lay, Raho Door Door..",Ghazi Ilmuddin Shaheed,2002,Ali Afzal,?,?,
Tiluk Kamod..,Khuda Kay Liye,2007,Ahmad Jahanzeb,?,Ahmad Jahanzeb,
Tu Hay Chand Raat..,Shararat,2003,Wajahat Attray,?,Shabnam Majeed,
"Tu Mila, Mil Geyi Zindagi Ko Neyi Zindagi..",Ghazi Ilmuddin Shaheed,2002,Ali Afzal,?,?,
Tujhay Yaad Karoon..,Mujhay Chand Chahiye,2000,Ronaq Ali,?,?,
"Tum Milay Jab Say, Mehsoos Hua Tab Say..",Yeh Dil Aapka Hua,2002,Amjad Bobby,?,Kveeta Krishna Murti,
Vaada Hay Mera Tujh Say O Jana..,Koi Tujh Sa Kahan,2005,Amjad Bobby,Aqeel Rubi,Alka Yagnik,
Woh Larki Hay Ya Jadu?..,Yeh Dil Aapka Hua,2002,Amjad Bobby,?,Sonu Niggam,
Ya Meray Ban Ja..,Khoye Ho Tum Kahan,2001,Zain,?,?,
"Ya Nabi (saw), Jinnen Aaqa Di Soorat Tak Leyi A..",Ghazi Ilmuddin Shaheed,2002,Ali Afzal,?,Sher Miandad Qawwal & Co.,
Yadan Sohnay Sajjan Dian Aaian..,Larki Punjaban,2003,Zain,?,Shabnam Majeed,
Yeh Dil Aap Ka Hua..,Yeh Dil Aapka Hua,2002,Amjad Bobby,?,Kveeta Krishna Murti,
Yeh Dil Deevana..,Laaj,2003,Amjad Bobby,?,?,
Yeh Meri Aankhen Jadoo Bhari..,Koi Tujh Sa Kahan,2005,Amjad Bobby,Aqeel Rubi,Shreya Ghoshal,
"Yeh Pagal Jo Dil Hay, Kuchh Bhi Kar Jaye Ga..",Musa Khan,2001,Jawad Ahmad,?,?,
"A Dil Bata Ray, Dhoondhta Hay Kya Ray, Tham Ja Zara..",Punjab Nahin Jaun Gi,2017,Shiraz Uppal,Shakeel Sohail,Shiraz Uppal,
"Aa Paas Aa, Bahnon Mein Pi Lay..",Devdas,2015,Wajahat Attray,Saeed Gilani,Asha Bhonslay,
Aah Ko Chahiye Ik Umar Asar Honay Tak..,Manto,2015,?,?,Ali Sethi,
Actor In Law..,Actor in Law,2016,Shani Arshad,?,Junaid Younis,
Background Score..,Bol,2011,?,?,Baqir Abbas,
"Ballay Ballay, Nachay Hay Yeh Banwra Jiya..",Bin Roye,2015,Shiraz Uppal,Mahira Khan & Co.,Harshdeep Kaur,
Balu Mahi..,Balu Mahi,2017,Sahir Ali Bagga,?,Asim Azher,
Bin Roye..,Bin Roye,2015,Shiraz Uppal,?,Shiraz Uppal,
"Chalo Bhai Monkey, Thori Preet Karo..",Chambeli,2013,Shahbaz Khan,Shakeel Jaffery,Ehtasham uddin,
Changa Fair Rabb Rakha Tera..,Punjab Nahin Jaun Gi,2017,Farhan Saeed,?,Farhan Saeed,
Chann Charhya..,Bin Roye,2015,Shani Arshad,?,Rekha Bhardwaj,
Chann Charhya (2)..,Bin Roye,2015,Shani Arshad,?,Rekha Bhardwaj,
Dance The Party..,Javani Phir Nahin Aani,2015,?,?,Ali Gul Pir,
Dil Dancer..,Actor in Law,2016,Shani Arshad,?,Atif Aslam,
Dil Jania..,Bol,2011,?,?,Hadiqa Kiyani,
"Dil Say Chali, Dil Ki Baat, Sara Lahore Nachda..",Chain Aye Na,2017,M. Arshad,?,?,
Din Pareshan Hay..,Bol,2011,Sajjad Ali,?,Sajjad Ali,
"Do Dil, Ik Ho Geye Hayn..",Chambeli,2013,Najam Sheraz & Salwa,?,Kamran Saggu,
Funkaraan..,Actor in Law,2016,Shani Arshad,?,Asrar,
"Geun Jo Teray Bin Geun, Marr Jaun Main..",Chain Aye Na,2017,M. Arshad,?,?,
Hona Tha Pyar..,Bol,2011,Atif Aslam,?,Atif Aslam,
Jalwa..,Javani Phir Nahin Aani,2015,?,?,Sana Zulfiqar,
Jawani Phir Nahi Aani..,Javani Phir Nahin Aani,2015,?,?,Ahmad Ali Butt,
"Jay Mundiya, Sadi Tohr Tu Wekhni..",Javani Phir Nahin Aani,2015,?,?,Sana Zulfiqar,
Jeenay Chalay..,Dukhtar,2014,Sahir Ali Bagga,Imran Raza,Shafqat Amanat Ali Khan,
"Kahay Tum Sang Nain Milaye, Mohay Tum Bin Jiya Na Jaye..",Devdas,2015,Wajahat Attray,Saeed Gilani,Kavita Krishnamurthy,
"Kaho, Aaj Bol Do..",Bol,2011,Atif Aslam,Ayub Khawar,Atif Aslam,
"Kaisa Nasha Hay Pyaray, Din Mein Dikhen Taray..",Punjab Nahin Jaun Gi,2017,Shiraz Uppal,?,??,
"Kaisay Jiyon Gi Bin Teray, Mujh Ko Bata Meet Meray..",Devdas,2015,Wajahat Attray,Saeed Gilani,Shreya Goshal,
Khudaya..,Actor in Law,2016,Shani Arshad,?,Rahat Fateh Ali Khan,
Khul Jaye Botal..,Javani Phir Nahin Aani,2015,?,?,Mika Singh,
Koi Dil Mein Aa Raha Hay Dastak Diye Baghair..,Pyasa,2014,Sahir Ali Bagga,?,Rahalat Fateh Ali Khan,
"Koun Hay Yeh Gustakh, Koun Hay..",Manto,2015,?,?,Javed Bashir,
"Kurri Nachdi Kamal, Ghaghray Da Bura Haal, Billo Hai..",Parchi,2018,?,?,Sahara,
"Kya Ho Ga, Ab Kya Ho Ga..",Manto,2015,?,?,Zebunnisa Bangash,
"Main Teray Naal Naal Rehna, Mahiya..",Punjab Nahin Jaun Gi,2017,Shani Arshad,Sabir Zafar,Shafqat Amanat Ali,
"Mera 24/7 Lakk Hilna, Hilna, Hilna..",Punjab Nahin Jaun Gi,2017,Shiraz Uppal,Shakeel Sohail,Meesha Shafi,
"Mera Deevanpan, Meray Kaam Aa Geya, Aaj Radha Kay Ghar..",Devdas,2015,Wajahat Attray,Saeed Gilani,Kavita Krishnamurthy,
"Mujhay Ranjha Bana Do, Heer Jee..",Punjab Nahin Jaun Gi,2017,Shiraz Uppal,Shakeel Sohail,Shiraz Uppal,
Mumkin Hay..,Bol,2011,Shoaib Mansoor,?,Ahmed Jahanzeb,
O Yara..,Bin Roye,2015,Waqar Ali,?,Ankit Tiwari,
"Rabba, Meri Hajat Tamam Kar Day..",Chambeli,2013,Najam Shiraz,?,Amjad Sabri,
"Rakh Diya Dil Main Nay, Teri Rahon Mein..",Chain Aye Na,2017,M. Arshad,?,?,
"Ronq-e-Aashqi Ka Hay Yeh Farmana, Aaj Tu Chhor Kay Na Jana..",Punjab Nahin Jaun Gi,2017,Shiraz Uppal,Shakeel Sohail,Nirmal Roy,
"Rukna Nahin, Thehrna Zara..",Chambeli,2013,Najam Shiraz,?,Najam Shiraz,
Sayyan Bolein..,Bol,2011,Shoaib Mansoor,?,Shabnam Majeed,
"Shola Tha, Jall Bujha Hun, Hawaen Mujhay Na Do..",Devdas,2015,Wajahat Attray,Saeed Gilani,?,
Tera Mera Yeh Aisa Jor Hay..,Javani Phir Nahin Aani,2015,?,?,Sara Raza Khan,
Teray Bin Jeena..,Bin Roye,2015,Sahir Ali Bagga,?,Rahat Fateh Ali Khan,
"Teri Main Deevani Hui.. O Sanam, Mar Mittay Tujh Peh Ham..",Devdas,2015,Wajahat Attray,Saeed Gilani,Kavita Krishnamurthy,
Utho Meray Mulak Kay Jawano..,Chambeli,2013,Shahbaz Khan,?,Azal,
"Ya Reham, Moula Moula..",Dukhtar,2014,Sahir Ali Bagga,?,Rahat Fateh Ali Khan,
"Yari, Yari, Yari....",Bachana,2016,?,?,Shafqat Amanat Ali Khan,
Yun Nazar Say Nazar Hamkalam Hui..,Chain Aye Na,2017,M. Arshad,?,?,
